16-Aug-26 02:52:10 - Using Device: cuda
16-Aug-26 02:52:10 - Seed: 123
16-Aug-26 02:52:10 - Namespace(name='GraSTIACL_ABIDE_979', path='/users/3171356m/muhammad/GraSTIACL/data/GraSTIACL_ABIDE_979', template=90, num_dyn_windows=3, model_lr=0.0005, view_lr=0.0005, num_gc_layers=2, pooling_type='standard', emb_dim=32, vib_hidden_dim=400, batch_size=32, drop_ratio=0.3, epochs=100, kld_lambda=0.003, reg_lambda=0.0, gamma_mode='paper_literal', node_feature_mode='alff', mij_source='alff', eval_interval=5, downstream_classifier='linear', ce_lambda=2.0, weight_decay=0.0, early_stop_patience=0, seed=123, freeze_adversary=False, signed_edges=False, supervised_holdout=False, replicate_original_code=True)
/users/3171356m/muhammad/GraSTIACL/datasets/Dataset.py:51: FutureWarning: You are using `torch.load` with `weights_only=False` (the current default value), which uses the default pickle module implicitly. It is possible to construct malicious pickle data which will execute arbitrary code during unpickling (See https://github.com/pytorch/pytorch/blob/main/SECURITY.md#untrusted-models for more details). In a future release, the default value for `weights_only` will be flipped to `True`. This limits the functions that could be executed during unpickling. Arbitrary objects will no longer be allowed to be loaded via this mode unless they are explicitly allowlisted by the user via `torch.serialization.add_safe_globals`. We recommend you start setting `weights_only=True` for any use case where you don't have full control of the loaded file. Please open an issue on GitHub for any issues related to this experimental feature.
  self.data, self.slices = torch.load(path)
/users/3171356m/miniconda3/envs/grastiacl/lib/python3.12/site-packages/torch_geometric/data/in_memory_dataset.py:300: UserWarning: It is not recommended to directly access the internal storage format `data` of an 'InMemoryDataset'. If you are absolutely certain what you are doing, access the internal storage via `InMemoryDataset._data` instead to suppress this warning. Alternatively, you can access stacked individual attributes of every graph via `dataset.{attr_name}`.
  warnings.warn(msg)
16-Aug-26 02:52:51 - Before training Embedding Eval Scores: Train: [0.5724094220339527, 0.00854790323026708, 0.49950685942758843, 0.010998126084264304, 0.44879724931684795, 0.01605954832357257, 0.6845346551870451, 0.019605964559500626, 0.5637182584983829, 0.012754142907667135] Val: [0.5411764705882354, 0.027232243994770807, 0.4806594491537092, 0.05026758991383822, 0.44931506233814983, 0.06843833329151215, 0.6249999921875001, 0.05062114119552719, 0.5212504488975077, 0.03155826951575686] Test: [0.512532722513089, 0.025646518834848954, 0.4360620880091794, 0.03258166823399877, 0.39780219343074513, 0.04784954025896603, 0.6168514789913715, 0.06023755805665781, 0.48662120077936316, 0.029702521452610306, 0.5316766401914916, 0.026518635307867442]
16-Aug-26 02:54:21 - Epoch 1, Model Loss 5.652338275350786, View Loss -1.4811066673390536, Reg 0.5211163118294592
16-Aug-26 02:55:51 - Epoch 2, Model Loss 5.03840780856719, View Loss 1.5368678739380137, Reg 0.49536113734025833
16-Aug-26 02:57:21 - Epoch 3, Model Loss 4.11935353578384, View Loss 2.0124637791302415, Reg 0.4995640745721602
16-Aug-26 02:58:56 - Epoch 4, Model Loss 3.980292673390281, View Loss 2.7268092761977445, Reg 0.5003403564876093
16-Aug-26 03:00:25 - Epoch 5, Model Loss 4.574393180623713, View Loss 3.0008822694483164, Reg 0.5105564364828326
/users/3171356m/miniconda3/envs/grastiacl/lib/python3.12/site-packages/torch_geometric/data/in_memory_dataset.py:300: UserWarning: It is not recommended to directly access the internal storage format `data` of an 'InMemoryDataset'. The data of the dataset is already cached, so any modifications to `data` will not be reflected when accessing its elements. Clearing the cache now by removing all elements in `dataset._data_list`. If you are absolutely certain what you are doing, access the internal storage via `InMemoryDataset._data` instead to suppress this warning. Alternatively, you can access stacked individual attributes of every graph via `dataset.{attr_name}`.
  warnings.warn(msg)
16-Aug-26 03:01:06 - Metric: accuracy Train_mean: 0.5701293283270755 Val_mean: 0.4901960784313726 Test_mean: 0.5261071116928446
16-Aug-26 03:01:06 - Metric: accuracy Train_std: 0.019100106020112508 Val_std: 0.0233837174117625 Test_std: 0.029609663709346895
16-Aug-26 03:01:06 - Metric: f1 Train_mean: 0.5048995807902072 Val_mean: 0.4358029947460732 Test_mean: 0.4523077725816016
16-Aug-26 03:01:06 - Metric: f1 Train_std: 0.033896732937156754 Val_std: 0.03467607766967694 Test_std: 0.040747352706040726
16-Aug-26 03:01:06 - Metric: sen Train_mean: 0.46254295373696586 Val_mean: 0.41369862446988187 Test_mean: 0.41318680864629875
16-Aug-26 03:01:06 - Metric: sen Train_std: 0.04446687577742466 Val_std: 0.04100446395088614 Test_std: 0.053655188930091115
16-Aug-26 03:01:06 - Metric: spe Train_mean: 0.6677200134948547 Val_mean: 0.5599999930000001 Test_mean: 0.6287722709521557
16-Aug-26 03:01:06 - Metric: spe Train_std: 0.022661236508397554 Val_std: 0.012247448560822778 Test_std: 0.04848281779036404
16-Aug-26 03:01:06 - Metric: precision Train_mean: 0.5573558886886448 Val_mean: 0.46081958364216424 Test_mean: 0.5027647341017177
16-Aug-26 03:01:06 - Metric: precision Train_std: 0.022634908935051934 Val_std: 0.02735559037390505 Test_std: 0.03328848982687221
16-Aug-26 03:02:36 - Epoch 6, Model Loss 8.642838537942415, View Loss 2.975074897750152, Reg 0.4835287005831507
16-Aug-26 03:04:05 - Epoch 7, Model Loss 8.44665561460551, View Loss 3.110947183984094, Reg 0.4870006556790244
16-Aug-26 03:05:35 - Epoch 8, Model Loss 6.398659043731051, View Loss 3.192447486781675, Reg 0.48543758746470367
16-Aug-26 03:07:11 - Epoch 9, Model Loss 5.538149971343484, View Loss 3.201295716991983, Reg 0.491252020562543
16-Aug-26 03:08:40 - Epoch 10, Model Loss 5.108867513584792, View Loss 3.1898433104718578, Reg 0.4959023218274615
/users/3171356m/miniconda3/envs/grastiacl/lib/python3.12/site-packages/torch_geometric/data/in_memory_dataset.py:300: UserWarning: It is not recommended to directly access the internal storage format `data` of an 'InMemoryDataset'. The data of the dataset is already cached, so any modifications to `data` will not be reflected when accessing its elements. Clearing the cache now by removing all elements in `dataset._data_list`. If you are absolutely certain what you are doing, access the internal storage via `InMemoryDataset._data` instead to suppress this warning. Alternatively, you can access stacked individual attributes of every graph via `dataset.{attr_name}`.
  warnings.warn(msg)
16-Aug-26 03:09:21 - Metric: accuracy Train_mean: 0.5688157205053325 Val_mean: 0.5267973856209149 Test_mean: 0.5073134816753927
16-Aug-26 03:09:21 - Metric: accuracy Train_std: 0.01752064311766223 Val_std: 0.016841959119902106 Test_std: 0.02523431980758391
16-Aug-26 03:09:21 - Metric: f1 Train_mean: 0.5061081141163158 Val_mean: 0.4818423922452523 Test_mean: 0.4555678141844021
16-Aug-26 03:09:21 - Metric: f1 Train_std: 0.04021715541115825 Val_std: 0.04070790298545644 Test_std: 0.030685513872846203
16-Aug-26 03:09:21 - Metric: sen Train_mean: 0.4680412355050129 Val_mean: 0.4657534182773505 Test_mean: 0.43516483038280407
16-Aug-26 03:09:21 - Metric: sen Train_std: 0.05837475544912063 Val_std: 0.06598133925391206 Test_std: 0.0479503823945484
16-Aug-26 03:09:21 - Metric: spe Train_mean: 0.6602316957612098 Val_mean: 0.5824999927187501 Test_mean: 0.5728514794313716
16-Aug-26 03:09:21 - Metric: spe Train_std: 0.04206094646106722 Val_std: 0.06304760027649745 Test_std: 0.0688149262337801
16-Aug-26 03:09:21 - Metric: precision Train_mean: 0.5552906766404565 Val_mean: 0.5048607630338012 Test_mean: 0.4823434865685063
16-Aug-26 03:09:21 - Metric: precision Train_std: 0.01959257012217127 Val_std: 0.01767930087664132 Test_std: 0.0266737809666484
16-Aug-26 03:10:51 - Epoch 11, Model Loss 8.161300840736931, View Loss 3.046572680253863, Reg 0.47255001806315017
16-Aug-26 03:12:20 - Epoch 12, Model Loss 7.142921862741893, View Loss 3.2079803873804322, Reg 0.5000445708071337
16-Aug-26 03:13:50 - Epoch 13, Model Loss 5.9097590725791, View Loss 3.2643440278504183, Reg 0.49665412082332944
16-Aug-26 03:15:25 - Epoch 14, Model Loss 5.503696537416849, View Loss 3.270299778822576, Reg 0.49874168646884265
16-Aug-26 03:16:55 - Epoch 15, Model Loss 7.236010563423444, View Loss 3.1766643713707703, Reg 0.464816839749843
/users/3171356m/miniconda3/envs/grastiacl/lib/python3.12/site-packages/torch_geometric/data/in_memory_dataset.py:300: UserWarning: It is not recommended to directly access the internal storage format `data` of an 'InMemoryDataset'. The data of the dataset is already cached, so any modifications to `data` will not be reflected when accessing its elements. Clearing the cache now by removing all elements in `dataset._data_list`. If you are absolutely certain what you are doing, access the internal storage via `InMemoryDataset._data` instead to suppress this warning. Alternatively, you can access stacked individual attributes of every graph via `dataset.{attr_name}`.
  warnings.warn(msg)
16-Aug-26 03:17:35 - Metric: accuracy Train_mean: 0.571112929623568 Val_mean: 0.5176470588235295 Test_mean: 0.5261725567190226
16-Aug-26 03:17:35 - Metric: accuracy Train_std: 0.02930666252172525 Val_std: 0.04440598104957654 Test_std: 0.02554648597102558
16-Aug-26 03:17:35 - Metric: f1 Train_mean: 0.4597173869372687 Val_mean: 0.4086452990215742 Test_mean: 0.42569425284032025
16-Aug-26 03:17:35 - Metric: f1 Train_std: 0.0810386927528551 Val_std: 0.06532468723382165 Test_std: 0.05821512048493076
16-Aug-26 03:17:35 - Metric: sen Train_mean: 0.3931271464153706 Val_mean: 0.353424652692813 Test_mean: 0.37582417169423993
16-Aug-26 03:17:35 - Metric: sen Train_std: 0.09344551880155898 Val_std: 0.07422584656755865 Test_std: 0.08351648259872
16-Aug-26 03:17:35 - Metric: spe Train_mean: 0.7325311503645594 Val_mean: 0.6674999916562501 Test_mean: 0.6628712805111754
16-Aug-26 03:17:35 - Metric: spe Train_std: 0.04009942708924754 Val_std: 0.07968688625646009 Test_std: 0.07563923501832534
16-Aug-26 03:17:35 - Metric: precision Train_mean: 0.5653586527608883 Val_mean: 0.49384763795619396 Test_mean: 0.5035531220782679
16-Aug-26 03:17:35 - Metric: precision Train_std: 0.04205899211446833 Val_std: 0.06497834600346346 Test_std: 0.03891857120077762
16-Aug-26 03:19:05 - Epoch 16, Model Loss 7.439810704985423, View Loss 3.186135243172426, Reg 0.48635242162389236
16-Aug-26 03:20:35 - Epoch 17, Model Loss 5.665958751694428, View Loss 3.270292724026796, Reg 0.48735181706719816
16-Aug-26 03:22:04 - Epoch 18, Model Loss 5.360745765175281, View Loss 3.258143182578945, Reg 0.49073185930691005
16-Aug-26 03:23:40 - Epoch 19, Model Loss 9.875160875679558, View Loss 3.0379257301905165, Reg 0.581887945221059
16-Aug-26 03:25:09 - Epoch 20, Model Loss 6.615095330082722, View Loss 3.2462153305069674, Reg 0.5087561510098031
/users/3171356m/miniconda3/envs/grastiacl/lib/python3.12/site-packages/torch_geometric/data/in_memory_dataset.py:300: UserWarning: It is not recommended to directly access the internal storage format `data` of an 'InMemoryDataset'. The data of the dataset is already cached, so any modifications to `data` will not be reflected when accessing its elements. Clearing the cache now by removing all elements in `dataset._data_list`. If you are absolutely certain what you are doing, access the internal storage via `InMemoryDataset._data` instead to suppress this warning. Alternatively, you can access stacked individual attributes of every graph via `dataset.{attr_name}`.
  warnings.warn(msg)
16-Aug-26 03:25:50 - Metric: accuracy Train_mean: 0.5864740113175658 Val_mean: 0.5241830065359477 Test_mean: 0.5345331588132635
16-Aug-26 03:25:50 - Metric: accuracy Train_std: 0.01654181776901325 Val_std: 0.02163783706829655 Test_std: 0.041970376000052566
16-Aug-26 03:25:50 - Metric: f1 Train_mean: 0.5355474483993294 Val_mean: 0.4913208544652658 Test_mean: 0.47925982653141597
16-Aug-26 03:25:50 - Metric: f1 Train_std: 0.020527579129065283 Val_std: 0.014935641647695905 Test_std: 0.037527017863247046
16-Aug-26 03:25:50 - Metric: sen Train_mean: 0.5017182113343017 Val_mean: 0.482191774216551 Test_mean: 0.4505494455983577
16-Aug-26 03:25:50 - Metric: sen Train_std: 0.027662696533802583 Val_std: 0.031714621217033195 Test_std: 0.04557459588012032
16-Aug-26 03:25:50 - Metric: spe Train_mean: 0.6633644839133895 Val_mean: 0.5624999929687501 Test_mean: 0.6108514790513715
16-Aug-26 03:25:50 - Metric: spe Train_std: 0.029973704344878924 Val_std: 0.061237242804113926 Test_std: 0.08493986785263735
16-Aug-26 03:25:50 - Metric: precision Train_mean: 0.5752799770894427 Val_mean: 0.5033587650085981 Test_mean: 0.5164593489110841
16-Aug-26 03:25:50 - Metric: precision Train_std: 0.021916541848326556 Val_std: 0.023349636264368236 Test_std: 0.04767931540374252
16-Aug-26 03:27:20 - Epoch 21, Model Loss 9.590326281272217, View Loss 3.2650674307196708, Reg 0.5855994715850223
16-Aug-26 03:28:50 - Epoch 22, Model Loss 6.239140957469222, View Loss 3.2834669795495195, Reg 0.5012384934904186
16-Aug-26 03:30:19 - Epoch 23, Model Loss 5.391032206962298, View Loss 3.3135761725852677, Reg 0.5124778099139864
16-Aug-26 03:31:55 - Epoch 24, Model Loss 8.729756786234708, View Loss 3.2008529756857262, Reg 0.5524210263994448
16-Aug-26 03:33:24 - Epoch 25, Model Loss 6.139035865352742, View Loss 3.2846539140246405, Reg 0.5029378772779489
/users/3171356m/miniconda3/envs/grastiacl/lib/python3.12/site-packages/torch_geometric/data/in_memory_dataset.py:300: UserWarning: It is not recommended to directly access the internal storage format `data` of an 'InMemoryDataset'. The data of the dataset is already cached, so any modifications to `data` will not be reflected when accessing its elements. Clearing the cache now by removing all elements in `dataset._data_list`. If you are absolutely certain what you are doing, access the internal storage via `InMemoryDataset._data` instead to suppress this warning. Alternatively, you can access stacked individual attributes of every graph via `dataset.{attr_name}`.
  warnings.warn(msg)
16-Aug-26 03:34:05 - Metric: accuracy Train_mean: 0.5874410320593049 Val_mean: 0.5372549019607844 Test_mean: 0.521951352530541
16-Aug-26 03:34:05 - Metric: accuracy Train_std: 0.021756873019254476 Val_std: 0.014556246700209233 Test_std: 0.02140803018690857
16-Aug-26 03:34:05 - Metric: f1 Train_mean: 0.5161621871325031 Val_mean: 0.4786398440311837 Test_mean: 0.4464671262133484
16-Aug-26 03:34:05 - Metric: f1 Train_std: 0.04165483532604235 Val_std: 0.04028247041055487 Test_std: 0.04822193984756116
16-Aug-26 03:34:05 - Metric: sen Train_mean: 0.46529209462098936 Val_mean: 0.44931506233814983 Test_mean: 0.4087912042989978
16-Aug-26 03:34:05 - Metric: sen Train_std: 0.052414229276755535 Val_std: 0.06448549114918407 Test_std: 0.06384984126026089
16-Aug-26 03:34:05 - Metric: spe Train_mean: 0.6982418202533779 Val_mean: 0.6174999922812501 Test_mean: 0.62469306307294
16-Aug-26 03:34:05 - Metric: spe Train_std: 0.021978590832059164 Val_std: 0.048476797968203304 Test_std: 0.029359171781959986
16-Aug-26 03:34:05 - Metric: precision Train_mean: 0.5818891854088007 Val_mean: 0.5169203368953693 Test_mean: 0.49502641005894554
16-Aug-26 03:34:05 - Metric: precision Train_std: 0.024297585681840532 Val_std: 0.01748747573520614 Test_std: 0.026955325591798904
16-Aug-26 03:35:35 - Epoch 26, Model Loss 5.461523147806463, View Loss 3.301000503316584, Reg 0.5167707541497681
16-Aug-26 03:37:04 - Epoch 27, Model Loss 9.746377771369582, View Loss 3.169831731828187, Reg 0.5442212418532272
16-Aug-26 03:38:34 - Epoch 28, Model Loss 5.691387559579506, View Loss 3.304574398814884, Reg 0.5025492440207733
16-Aug-26 03:40:10 - Epoch 29, Model Loss 4.97136631770114, View Loss 3.32532442663504, Reg 0.507589152667313
16-Aug-26 03:41:39 - Epoch 30, Model Loss 4.924819148235241, View Loss 3.2915721538176594, Reg 0.5095830140752273
/users/3171356m/miniconda3/envs/grastiacl/lib/python3.12/site-packages/torch_geometric/data/in_memory_dataset.py:300: UserWarning: It is not recommended to directly access the internal storage format `data` of an 'InMemoryDataset'. The data of the dataset is already cached, so any modifications to `data` will not be reflected when accessing its elements. Clearing the cache now by removing all elements in `dataset._data_list`. If you are absolutely certain what you are doing, access the internal storage via `InMemoryDataset._data` instead to suppress this warning. Alternatively, you can access stacked individual attributes of every graph via `dataset.{attr_name}`.
  warnings.warn(msg)
16-Aug-26 03:42:20 - Metric: accuracy Train_mean: 0.5766668806093087 Val_mean: 0.522875816993464 Test_mean: 0.5250927137870856
16-Aug-26 03:42:20 - Metric: accuracy Train_std: 0.015572627894838355 Val_std: 0.02710645928539571 Test_std: 0.017930029584994372
16-Aug-26 03:42:20 - Metric: f1 Train_mean: 0.5122847789903981 Val_mean: 0.47881681885943356 Test_mean: 0.4738529215894788
16-Aug-26 03:42:20 - Metric: f1 Train_std: 0.0355768177606925 Val_std: 0.02131303906784277 Test_std: 0.03668245934940118
16-Aug-26 03:42:20 - Metric: sen Train_mean: 0.47010309116803056 Val_mean: 0.46027396629761697 Test_mean: 0.45274724777200825
16-Aug-26 03:42:20 - Metric: sen Train_std: 0.05084981786812822 Val_std: 0.03932246547341096 Test_std: 0.058314281387410516
16-Aug-26 03:42:20 - Metric: spe Train_mean: 0.6733274901128998 Val_mean: 0.5799999927500001 Test_mean: 0.5908514792513714
16-Aug-26 03:42:20 - Metric: spe Train_std: 0.03571805128084044 Val_std: 0.07185053841786786 Test_std: 0.05664662953201859
16-Aug-26 03:42:20 - Metric: precision Train_mean: 0.5660055007648993 Val_mean: 0.5032542789448065 Test_mean: 0.5014941338854382
16-Aug-26 03:42:20 - Metric: precision Train_std: 0.019003095999755453 Val_std: 0.033843938658279046 Test_std: 0.018532619190379043
16-Aug-26 03:43:50 - Epoch 31, Model Loss 11.146768753498668, View Loss 3.042706871631255, Reg 0.5318328901564227
16-Aug-26 03:45:19 - Epoch 32, Model Loss 6.167462023731056, View Loss 3.2895474643388054, Reg 0.5048317003948419
16-Aug-26 03:46:49 - Epoch 33, Model Loss 5.227253101859631, View Loss 3.3307579222084587, Reg 0.5103900908925044
16-Aug-26 03:48:25 - Epoch 34, Model Loss 5.044639838789298, View Loss 3.3314460221693607, Reg 0.5109176266642295
16-Aug-26 03:49:54 - Epoch 35, Model Loss 4.992528159249278, View Loss 3.3126751967553814, Reg 0.509892776670815
/users/3171356m/miniconda3/envs/grastiacl/lib/python3.12/site-packages/torch_geometric/data/in_memory_dataset.py:300: UserWarning: It is not recommended to directly access the internal storage format `data` of an 'InMemoryDataset'. The data of the dataset is already cached, so any modifications to `data` will not be reflected when accessing its elements. Clearing the cache now by removing all elements in `dataset._data_list`. If you are absolutely certain what you are doing, access the internal storage via `InMemoryDataset._data` instead to suppress this warning. Alternatively, you can access stacked individual attributes of every graph via `dataset.{attr_name}`.
  warnings.warn(msg)
16-Aug-26 03:50:35 - Metric: accuracy Train_mean: 0.5737224949990907 Val_mean: 0.522875816993464 Test_mean: 0.5334424083769633
16-Aug-26 03:50:35 - Metric: accuracy Train_std: 0.013436419913702683 Val_std: 0.018486451795726746 Test_std: 0.0380079560848469
16-Aug-26 03:50:35 - Metric: f1 Train_mean: 0.509941928584968 Val_mean: 0.47497761545858425 Test_mean: 0.47777140175437316
16-Aug-26 03:50:35 - Metric: f1 Train_std: 0.032578873317842275 Val_std: 0.02139457325567303 Test_std: 0.04219311985646726
16-Aug-26 03:50:35 - Metric: sen Train_mean: 0.4687285207260188 Val_mean: 0.4547945143178834 Test_mean: 0.4505494455983577
16-Aug-26 03:50:35 - Metric: sen Train_std: 0.048432887606616515 Val_std: 0.05007031954012457 Test_std: 0.05731166886648846
16-Aug-26 03:50:35 - Metric: spe Train_mean: 0.6689700134909484 Val_mean: 0.5849999926875001 Test_mean: 0.6087524691723518
16-Aug-26 03:50:35 - Metric: spe Train_std: 0.03689441660126039 Val_std: 0.0772172250921872 Test_std: 0.077950780373114
16-Aug-26 03:50:35 - Metric: precision Train_mean: 0.5622511386574833 Val_mean: 0.5030840336134454 Test_mean: 0.5134931536726525
16-Aug-26 03:50:35 - Metric: precision Train_std: 0.017307459154340732 Val_std: 0.022793807456356677 Test_std: 0.039791998432090026
16-Aug-26 03:52:05 - Epoch 36, Model Loss 10.960146297470795, View Loss 3.083962532266912, Reg 0.54224902840339
16-Aug-26 03:53:34 - Epoch 37, Model Loss 5.908852680956469, View Loss 3.311306323965224, Reg 0.4868493247231679
16-Aug-26 03:55:04 - Epoch 38, Model Loss 5.201026625214261, View Loss 3.3417049212435797, Reg 0.5126076325711845
16-Aug-26 03:56:39 - Epoch 39, Model Loss 4.951924248220531, View Loss 3.344125473349663, Reg 0.5092153900836801
16-Aug-26 03:58:09 - Epoch 40, Model Loss 4.879586928060364, View Loss 3.342910645895922, Reg 0.5079890965916621
/users/3171356m/miniconda3/envs/grastiacl/lib/python3.12/site-packages/torch_geometric/data/in_memory_dataset.py:300: UserWarning: It is not recommended to directly access the internal storage format `data` of an 'InMemoryDataset'. The data of the dataset is already cached, so any modifications to `data` will not be reflected when accessing its elements. Clearing the cache now by removing all elements in `dataset._data_list`. If you are absolutely certain what you are doing, access the internal storage via `InMemoryDataset._data` instead to suppress this warning. Alternatively, you can access stacked individual attributes of every graph via `dataset.{attr_name}`.
  warnings.warn(msg)
16-Aug-26 03:58:50 - Metric: accuracy Train_mean: 0.5750184525528705 Val_mean: 0.518954248366013 Test_mean: 0.5094131762652705
16-Aug-26 03:58:50 - Metric: accuracy Train_std: 0.025375929077684083 Val_std: 0.01467316622264289 Test_std: 0.03824469683271473
16-Aug-26 03:58:50 - Metric: f1 Train_mean: 0.5102722737589394 Val_mean: 0.4709071520342566 Test_mean: 0.45250348801912044
16-Aug-26 03:58:50 - Metric: f1 Train_std: 0.055003128963088024 Val_std: 0.034685750456619695 Test_std: 0.02253361713365945
16-Aug-26 03:58:50 - Metric: sen Train_mean: 0.47079037638903654 Val_mean: 0.4520547883280166 Test_mean: 0.426373621688202
16-Aug-26 03:58:50 - Metric: sen Train_std: 0.07175468366345847 Val_std: 0.056147674660769385 Test_std: 0.03956043912570946
16-Aug-26 03:58:50 - Metric: spe Train_mean: 0.6695560726792695 Val_mean: 0.5799999927500001 Test_mean: 0.5849108852507833
16-Aug-26 03:58:50 - Metric: spe Train_std: 0.036259196391137796 Val_std: 0.05787918379046134 Test_std: 0.0939529685377196
16-Aug-26 03:58:50 - Metric: precision Train_mean: 0.5617736459363596 Val_mean: 0.49597313215538347 Test_mean: 0.4887190445422753
16-Aug-26 03:58:50 - Metric: precision Train_std: 0.02830753143690371 Val_std: 0.015890497166200696 Test_std: 0.046915489293628425
16-Aug-26 04:00:20 - Epoch 41, Model Loss 5.191555693558569, View Loss 3.1705629187148983, Reg 0.5148294084241699
16-Aug-26 04:01:49 - Epoch 42, Model Loss 10.948885917663574, View Loss 3.146089564806248, Reg 0.5259309792618373
16-Aug-26 04:03:19 - Epoch 43, Model Loss 5.55986823596715, View Loss 3.3250004317471173, Reg 0.49651157157690456
16-Aug-26 04:04:55 - Epoch 44, Model Loss 5.130354252819237, View Loss 3.325433353998671, Reg 0.5009624279692582
16-Aug-26 04:06:24 - Epoch 45, Model Loss 5.026343601019312, View Loss 3.3458720011691168, Reg 0.4996058139092753
/users/3171356m/miniconda3/envs/grastiacl/lib/python3.12/site-packages/torch_geometric/data/in_memory_dataset.py:300: UserWarning: It is not recommended to directly access the internal storage format `data` of an 'InMemoryDataset'. The data of the dataset is already cached, so any modifications to `data` will not be reflected when accessing its elements. Clearing the cache now by removing all elements in `dataset._data_list`. If you are absolutely certain what you are doing, access the internal storage via `InMemoryDataset._data` instead to suppress this warning. Alternatively, you can access stacked individual attributes of every graph via `dataset.{attr_name}`.
  warnings.warn(msg)
16-Aug-26 04:07:05 - Metric: accuracy Train_mean: 0.5671753152979686 Val_mean: 0.5084967320261439 Test_mean: 0.5261561954624783
16-Aug-26 04:07:05 - Metric: accuracy Train_std: 0.011972948542825549 Val_std: 0.03076758770180346 Test_std: 0.03360930436211067
16-Aug-26 04:07:05 - Metric: f1 Train_mean: 0.48197926166666943 Val_mean: 0.41478954238951876 Test_mean: 0.43504235663657387
16-Aug-26 04:07:05 - Metric: f1 Train_std: 0.02333487889670598 Val_std: 0.047587245662566315 Test_std: 0.03866438315628221
16-Aug-26 04:07:05 - Metric: sen Train_mean: 0.4240549813606359 Val_mean: 0.3671232826421468 Test_mean: 0.384615380388842
16-Aug-26 04:07:05 - Metric: sen Train_std: 0.02830413774737272 Val_std: 0.052983779016150194 Test_std: 0.04557459588012031
16-Aug-26 04:07:05 - Metric: spe Train_mean: 0.6970112906621472 Val_mean: 0.6374999920312501 Test_mean: 0.6547128647527438
16-Aug-26 04:07:05 - Metric: spe Train_std: 0.009608383444637455 Val_std: 0.049371043528190724 Test_std: 0.06485423857731158
16-Aug-26 04:07:05 - Metric: precision Train_mean: 0.5588970449840014 Val_mean: 0.47987976555870154 Test_mean: 0.5052537266246185
16-Aug-26 04:07:05 - Metric: precision Train_std: 0.014492115679204437 Val_std: 0.04603520526410955 Test_std: 0.042068279930670145
16-Aug-26 04:08:35 - Epoch 46, Model Loss 4.857912015715404, View Loss 3.3319439309411467, Reg 0.49917302495764887
16-Aug-26 04:10:04 - Epoch 47, Model Loss 4.828054218611458, View Loss 3.2502162755782633, Reg 0.49739980398361655
16-Aug-26 04:11:34 - Epoch 48, Model Loss 10.897024683373742, View Loss 2.88884559236311, Reg 0.4366256529816025
16-Aug-26 04:13:10 - Epoch 49, Model Loss 6.247050961689969, View Loss 3.248909002567435, Reg 0.5020092598563957
16-Aug-26 04:14:39 - Epoch 50, Model Loss 5.407010385680897, View Loss 3.328314843038136, Reg 0.49543759551008376
/users/3171356m/miniconda3/envs/grastiacl/lib/python3.12/site-packages/torch_geometric/data/in_memory_dataset.py:300: UserWarning: It is not recommended to directly access the internal storage format `data` of an 'InMemoryDataset'. The data of the dataset is already cached, so any modifications to `data` will not be reflected when accessing its elements. Clearing the cache now by removing all elements in `dataset._data_list`. If you are absolutely certain what you are doing, access the internal storage via `InMemoryDataset._data` instead to suppress this warning. Alternatively, you can access stacked individual attributes of every graph via `dataset.{attr_name}`.
  warnings.warn(msg)
16-Aug-26 04:15:20 - Metric: accuracy Train_mean: 0.587776387150605 Val_mean: 0.5111111111111112 Test_mean: 0.5408322425828971
16-Aug-26 04:15:20 - Metric: accuracy Train_std: 0.017086323753282673 Val_std: 0.025946971557227725 Test_std: 0.0359599245028613
16-Aug-26 04:15:20 - Metric: f1 Train_mean: 0.5074225138231163 Val_mean: 0.4305377618031037 Test_mean: 0.45472736662692786
16-Aug-26 04:15:20 - Metric: f1 Train_std: 0.051934690104939035 Val_std: 0.04646726023153684 Test_std: 0.05361222844651988
16-Aug-26 04:15:20 - Metric: sen Train_mean: 0.45223367542187737 Val_mean: 0.3917808165509477 Test_mean: 0.4065934021253472
16-Aug-26 04:15:20 - Metric: sen Train_std: 0.07298179467680915 Val_std: 0.06799821082737167 Test_std: 0.07289285173426319
16-Aug-26 04:15:20 - Metric: spe Train_mean: 0.7107106675665349 Val_mean: 0.6199999922500001 Test_mean: 0.6629900923899991
16-Aug-26 04:15:20 - Metric: spe Train_std: 0.038777547236600006 Val_std: 0.07607561932256944 Test_std: 0.08011946688194227
16-Aug-26 04:15:20 - Metric: precision Train_mean: 0.5852181958201809 Val_mean: 0.4860717689019576 Test_mean: 0.5245096866527327
16-Aug-26 04:15:20 - Metric: precision Train_std: 0.016847831227340525 Val_std: 0.03578754847804149 Test_std: 0.047345112438323934
16-Aug-26 04:16:49 - Epoch 51, Model Loss 5.121267546170925, View Loss 3.326651100334263, Reg 0.4979103196365564
16-Aug-26 04:18:19 - Epoch 52, Model Loss 4.973602085432747, View Loss 3.347479163852197, Reg 0.4974099203133683
16-Aug-26 04:19:49 - Epoch 53, Model Loss 4.84987934264179, View Loss 3.346591813793741, Reg 0.49669642253899676
16-Aug-26 04:21:24 - Epoch 54, Model Loss 4.6784181814313435, View Loss 3.3462250671626137, Reg 0.49724475284999387
16-Aug-26 04:22:41 - epoch 55: Non-finite (NaN/Inf) detected in edge_logits_vl (Phase 2): 259200 of 259200 values -- sanitizing to 0.0 (neutral logit). Results derived from this run are faithful only up to this event.
16-Aug-26 04:22:42 - epoch 55: Non-finite (NaN/Inf) detected in edge_logits_vl (Phase 1): 259200 of 259200 values -- sanitizing to 0.0 (neutral logit). Results derived from this run are faithful only up to this event.
16-Aug-26 04:22:44 - epoch 55: Non-finite (NaN/Inf) detected in edge_logits_vl (Phase 2): 259200 of 259200 values -- sanitizing to 0.0 (neutral logit). Results derived from this run are faithful only up to this event.
16-Aug-26 04:22:45 - epoch 55: Non-finite (NaN/Inf) detected in edge_logits_vl (Phase 1): 259200 of 259200 values -- sanitizing to 0.0 (neutral logit). Results derived from this run are faithful only up to this event.
16-Aug-26 04:22:47 - epoch 55: Non-finite (NaN/Inf) detected in edge_logits_vl (Phase 2): 259200 of 259200 values -- sanitizing to 0.0 (neutral logit). Results derived from this run are faithful only up to this event.
16-Aug-26 04:22:48 - epoch 55: Non-finite (NaN/Inf) detected in edge_logits_vl (Phase 1): 259200 of 259200 values -- sanitizing to 0.0 (neutral logit). Results derived from this run are faithful only up to this event.
16-Aug-26 04:22:50 - epoch 55: Non-finite (NaN/Inf) detected in edge_logits_vl (Phase 2): 259200 of 259200 values -- sanitizing to 0.0 (neutral logit). Results derived from this run are faithful only up to this event.
16-Aug-26 04:22:51 - epoch 55: Non-finite (NaN/Inf) detected in edge_logits_vl (Phase 1): 226800 of 226800 values -- sanitizing to 0.0 (neutral logit). Results derived from this run are faithful only up to this event.
16-Aug-26 04:22:53 - epoch 55: Non-finite (NaN/Inf) detected in edge_logits_vl (Phase 2): 226800 of 226800 values -- sanitizing to 0.0 (neutral logit). Results derived from this run are faithful only up to this event.
16-Aug-26 04:22:54 - Epoch 55, Model Loss 5.765569134237377, View Loss nan, Reg 0.5170491390148466
/users/3171356m/miniconda3/envs/grastiacl/lib/python3.12/site-packages/torch_geometric/data/in_memory_dataset.py:300: UserWarning: It is not recommended to directly access the internal storage format `data` of an 'InMemoryDataset'. The data of the dataset is already cached, so any modifications to `data` will not be reflected when accessing its elements. Clearing the cache now by removing all elements in `dataset._data_list`. If you are absolutely certain what you are doing, access the internal storage via `InMemoryDataset._data` instead to suppress this warning. Alternatively, you can access stacked individual attributes of every graph via `dataset.{attr_name}`.
  warnings.warn(msg)
16-Aug-26 04:23:34 - Metric: accuracy Train_mean: 0.555733662805002 Val_mean: 0.5124183006535948 Test_mean: 0.5177846858638743
16-Aug-26 04:23:34 - Metric: accuracy Train_std: 0.013991499324971585 Val_std: 0.03824506885837333 Test_std: 0.008182525957904472
16-Aug-26 04:23:34 - Metric: f1 Train_mean: 0.41966522048869737 Val_mean: 0.3988380423285208 Test_mean: 0.3281232654716363
16-Aug-26 04:23:34 - Metric: f1 Train_std: 0.031164611735305627 Val_std: 0.06177777116238037 Test_std: 0.027602120994961666
16-Aug-26 04:23:34 - Metric: sen Train_mean: 0.3388316139559051 Val_mean: 0.34520547472321267 Test_mean: 0.2483516456225094
16-Aug-26 04:23:34 - Metric: sen Train_std: 0.0344054734509333 Val_std: 0.08191734894757632 Test_std: 0.02831670018712445
16-Aug-26 04:23:34 - Metric: spe Train_mean: 0.7524766331684432 Val_mean: 0.6649999916875001 Test_mean: 0.7625148438747045
16-Aug-26 04:23:34 - Metric: spe Train_std: 0.015513299240623774 Val_std: 0.08782083925349098 Test_std: 0.022680538176726245
16-Aug-26 04:23:34 - Metric: precision Train_mean: 0.5530599372645713 Val_mean: 0.4892760942760942 Test_mean: 0.48655860805860807
16-Aug-26 04:23:34 - Metric: precision Train_std: 0.020089127747846255 Val_std: 0.05614765463446693 Test_std: 0.017276507751340153
16-Aug-26 04:23:34 - epoch 56: Non-finite (NaN/Inf) detected in edge_logits_vl (Phase 1): 259200 of 259200 values -- sanitizing to 0.0 (neutral logit). Results derived from this run are faithful only up to this event.
16-Aug-26 04:23:36 - epoch 56: Non-finite (NaN/Inf) detected in edge_logits_vl (Phase 2): 259200 of 259200 values -- sanitizing to 0.0 (neutral logit). Results derived from this run are faithful only up to this event.
16-Aug-26 04:23:37 - epoch 56: Non-finite (NaN/Inf) detected in edge_logits_vl (Phase 1): 259200 of 259200 values -- sanitizing to 0.0 (neutral logit). Results derived from this run are faithful only up to this event.
16-Aug-26 04:23:39 - epoch 56: Non-finite (NaN/Inf) detected in edge_logits_vl (Phase 2): 259200 of 259200 values -- sanitizing to 0.0 (neutral logit). Results derived from this run are faithful only up to this event.
16-Aug-26 04:23:40 - epoch 56: Non-finite (NaN/Inf) detected in edge_logits_vl (Phase 1): 259200 of 259200 values -- sanitizing to 0.0 (neutral logit). Results derived from this run are faithful only up to this event.
16-Aug-26 04:23:42 - epoch 56: Non-finite (NaN/Inf) detected in edge_logits_vl (Phase 2): 259200 of 259200 values -- sanitizing to 0.0 (neutral logit). Results derived from this run are faithful only up to this event.
16-Aug-26 04:23:43 - epoch 56: Non-finite (NaN/Inf) detected in edge_logits_vl (Phase 1): 259200 of 259200 values -- sanitizing to 0.0 (neutral logit). Results derived from this run are faithful only up to this event.
16-Aug-26 04:23:44 - epoch 56: Non-finite (NaN/Inf) detected in edge_logits_vl (Phase 2): 259200 of 259200 values -- sanitizing to 0.0 (neutral logit). Results derived from this run are faithful only up to this event.
16-Aug-26 04:23:46 - epoch 56: Non-finite (NaN/Inf) detected in edge_logits_vl (Phase 1): 259200 of 259200 values -- sanitizing to 0.0 (neutral logit). Results derived from this run are faithful only up to this event.
16-Aug-26 04:23:47 - epoch 56: Non-finite (NaN/Inf) detected in edge_logits_vl (Phase 2): 259200 of 259200 values -- sanitizing to 0.0 (neutral logit). Results derived from this run are faithful only up to this event.
16-Aug-26 04:23:49 - epoch 56: Non-finite (NaN/Inf) detected in edge_logits_vl (Phase 1): 259200 of 259200 values -- sanitizing to 0.0 (neutral logit). Results derived from this run are faithful only up to this event.
16-Aug-26 04:23:50 - epoch 56: Non-finite (NaN/Inf) detected in edge_logits_vl (Phase 2): 259200 of 259200 values -- sanitizing to 0.0 (neutral logit). Results derived from this run are faithful only up to this event.
16-Aug-26 04:23:52 - epoch 56: Non-finite (NaN/Inf) detected in edge_logits_vl (Phase 1): 259200 of 259200 values -- sanitizing to 0.0 (neutral logit). Results derived from this run are faithful only up to this event.
16-Aug-26 04:23:53 - epoch 56: Non-finite (NaN/Inf) detected in edge_logits_vl (Phase 2): 259200 of 259200 values -- sanitizing to 0.0 (neutral logit). Results derived from this run are faithful only up to this event.
16-Aug-26 04:23:55 - epoch 56: Non-finite (NaN/Inf) detected in edge_logits_vl (Phase 1): 259200 of 259200 values -- sanitizing to 0.0 (neutral logit). Results derived from this run are faithful only up to this event.
16-Aug-26 04:23:56 - epoch 56: Non-finite (NaN/Inf) detected in edge_logits_vl (Phase 2): 259200 of 259200 values -- sanitizing to 0.0 (neutral logit). Results derived from this run are faithful only up to this event.
16-Aug-26 04:23:58 - epoch 56: Non-finite (NaN/Inf) detected in edge_logits_vl (Phase 1): 259200 of 259200 values -- sanitizing to 0.0 (neutral logit). Results derived from this run are faithful only up to this event.
16-Aug-26 04:23:59 - epoch 56: Non-finite (NaN/Inf) detected in edge_logits_vl (Phase 2): 259200 of 259200 values -- sanitizing to 0.0 (neutral logit). Results derived from this run are faithful only up to this event.
16-Aug-26 04:24:01 - epoch 56: Non-finite (NaN/Inf) detected in edge_logits_vl (Phase 1): 259200 of 259200 values -- sanitizing to 0.0 (neutral logit). Results derived from this run are faithful only up to this event.
16-Aug-26 04:24:02 - epoch 56: Non-finite (NaN/Inf) detected in edge_logits_vl (Phase 2): 259200 of 259200 values -- sanitizing to 0.0 (neutral logit). Results derived from this run are faithful only up to this event.
16-Aug-26 04:24:04 - epoch 56: Non-finite (NaN/Inf) detected in edge_logits_vl (Phase 1): 259200 of 259200 values -- sanitizing to 0.0 (neutral logit). Results derived from this run are faithful only up to this event.
16-Aug-26 04:24:05 - epoch 56: Non-finite (NaN/Inf) detected in edge_logits_vl (Phase 2): 259200 of 259200 values -- sanitizing to 0.0 (neutral logit). Results derived from this run are faithful only up to this event.
16-Aug-26 04:24:07 - epoch 56: Non-finite (NaN/Inf) detected in edge_logits_vl (Phase 1): 259200 of 259200 values -- sanitizing to 0.0 (neutral logit). Results derived from this run are faithful only up to this event.
16-Aug-26 04:24:08 - epoch 56: Non-finite (NaN/Inf) detected in edge_logits_vl (Phase 2): 259200 of 259200 values -- sanitizing to 0.0 (neutral logit). Results derived from this run are faithful only up to this event.
16-Aug-26 04:24:10 - epoch 56: Non-finite (NaN/Inf) detected in edge_logits_vl (Phase 1): 259200 of 259200 values -- sanitizing to 0.0 (neutral logit). Results derived from this run are faithful only up to this event.
16-Aug-26 04:24:12 - epoch 56: Non-finite (NaN/Inf) detected in edge_logits_vl (Phase 2): 259200 of 259200 values -- sanitizing to 0.0 (neutral logit). Results derived from this run are faithful only up to this event.
16-Aug-26 04:24:13 - epoch 56: Non-finite (NaN/Inf) detected in edge_logits_vl (Phase 1): 259200 of 259200 values -- sanitizing to 0.0 (neutral logit). Results derived from this run are faithful only up to this event.
16-Aug-26 04:24:15 - epoch 56: Non-finite (NaN/Inf) detected in edge_logits_vl (Phase 2): 259200 of 259200 values -- sanitizing to 0.0 (neutral logit). Results derived from this run are faithful only up to this event.
16-Aug-26 04:24:16 - epoch 56: Non-finite (NaN/Inf) detected in edge_logits_vl (Phase 1): 259200 of 259200 values -- sanitizing to 0.0 (neutral logit). Results derived from this run are faithful only up to this event.
16-Aug-26 04:24:17 - epoch 56: Non-finite (NaN/Inf) detected in edge_logits_vl (Phase 2): 259200 of 259200 values -- sanitizing to 0.0 (neutral logit). Results derived from this run are faithful only up to this event.
16-Aug-26 04:24:19 - epoch 56: Non-finite (NaN/Inf) detected in edge_logits_vl (Phase 1): 259200 of 259200 values -- sanitizing to 0.0 (neutral logit). Results derived from this run are faithful only up to this event.
16-Aug-26 04:24:21 - epoch 56: Non-finite (NaN/Inf) detected in edge_logits_vl (Phase 2): 259200 of 259200 values -- sanitizing to 0.0 (neutral logit). Results derived from this run are faithful only up to this event.
16-Aug-26 04:24:22 - epoch 56: Non-finite (NaN/Inf) detected in edge_logits_vl (Phase 1): 259200 of 259200 values -- sanitizing to 0.0 (neutral logit). Results derived from this run are faithful only up to this event.
16-Aug-26 04:24:24 - epoch 56: Non-finite (NaN/Inf) detected in edge_logits_vl (Phase 2): 259200 of 259200 values -- sanitizing to 0.0 (neutral logit). Results derived from this run are faithful only up to this event.
16-Aug-26 04:24:25 - epoch 56: Non-finite (NaN/Inf) detected in edge_logits_vl (Phase 1): 259200 of 259200 values -- sanitizing to 0.0 (neutral logit). Results derived from this run are faithful only up to this event.
16-Aug-26 04:24:27 - epoch 56: Non-finite (NaN/Inf) detected in edge_logits_vl (Phase 2): 259200 of 259200 values -- sanitizing to 0.0 (neutral logit). Results derived from this run are faithful only up to this event.
16-Aug-26 04:24:28 - epoch 56: Non-finite (NaN/Inf) detected in edge_logits_vl (Phase 1): 259200 of 259200 values -- sanitizing to 0.0 (neutral logit). Results derived from this run are faithful only up to this event.
16-Aug-26 04:24:30 - epoch 56: Non-finite (NaN/Inf) detected in edge_logits_vl (Phase 2): 259200 of 259200 values -- sanitizing to 0.0 (neutral logit). Results derived from this run are faithful only up to this event.
16-Aug-26 04:24:31 - epoch 56: Non-finite (NaN/Inf) detected in edge_logits_vl (Phase 1): 259200 of 259200 values -- sanitizing to 0.0 (neutral logit). Results derived from this run are faithful only up to this event.
16-Aug-26 04:24:33 - epoch 56: Non-finite (NaN/Inf) detected in edge_logits_vl (Phase 2): 259200 of 259200 values -- sanitizing to 0.0 (neutral logit). Results derived from this run are faithful only up to this event.
16-Aug-26 04:24:34 - epoch 56: Non-finite (NaN/Inf) detected in edge_logits_vl (Phase 1): 259200 of 259200 values -- sanitizing to 0.0 (neutral logit). Results derived from this run are faithful only up to this event.
16-Aug-26 04:24:36 - epoch 56: Non-finite (NaN/Inf) detected in edge_logits_vl (Phase 2): 259200 of 259200 values -- sanitizing to 0.0 (neutral logit). Results derived from this run are faithful only up to this event.
16-Aug-26 04:24:37 - epoch 56: Non-finite (NaN/Inf) detected in edge_logits_vl (Phase 1): 259200 of 259200 values -- sanitizing to 0.0 (neutral logit). Results derived from this run are faithful only up to this event.
16-Aug-26 04:24:39 - epoch 56: Non-finite (NaN/Inf) detected in edge_logits_vl (Phase 2): 259200 of 259200 values -- sanitizing to 0.0 (neutral logit). Results derived from this run are faithful only up to this event.
16-Aug-26 04:24:40 - epoch 56: Non-finite (NaN/Inf) detected in edge_logits_vl (Phase 1): 259200 of 259200 values -- sanitizing to 0.0 (neutral logit). Results derived from this run are faithful only up to this event.
16-Aug-26 04:24:42 - epoch 56: Non-finite (NaN/Inf) detected in edge_logits_vl (Phase 2): 259200 of 259200 values -- sanitizing to 0.0 (neutral logit). Results derived from this run are faithful only up to this event.
16-Aug-26 04:24:43 - epoch 56: Non-finite (NaN/Inf) detected in edge_logits_vl (Phase 1): 259200 of 259200 values -- sanitizing to 0.0 (neutral logit). Results derived from this run are faithful only up to this event.
16-Aug-26 04:24:45 - epoch 56: Non-finite (NaN/Inf) detected in edge_logits_vl (Phase 2): 259200 of 259200 values -- sanitizing to 0.0 (neutral logit). Results derived from this run are faithful only up to this event.
16-Aug-26 04:24:46 - epoch 56: Non-finite (NaN/Inf) detected in edge_logits_vl (Phase 1): 259200 of 259200 values -- sanitizing to 0.0 (neutral logit). Results derived from this run are faithful only up to this event.
16-Aug-26 04:24:48 - epoch 56: Non-finite (NaN/Inf) detected in edge_logits_vl (Phase 2): 259200 of 259200 values -- sanitizing to 0.0 (neutral logit). Results derived from this run are faithful only up to this event.
16-Aug-26 04:24:49 - epoch 56: Non-finite (NaN/Inf) detected in edge_logits_vl (Phase 1): 259200 of 259200 values -- sanitizing to 0.0 (neutral logit). Results derived from this run are faithful only up to this event.
16-Aug-26 04:24:51 - epoch 56: Non-finite (NaN/Inf) detected in edge_logits_vl (Phase 2): 259200 of 259200 values -- sanitizing to 0.0 (neutral logit). Results derived from this run are faithful only up to this event.
16-Aug-26 04:24:52 - epoch 56: Non-finite (NaN/Inf) detected in edge_logits_vl (Phase 1): 259200 of 259200 values -- sanitizing to 0.0 (neutral logit). Results derived from this run are faithful only up to this event.
16-Aug-26 04:24:54 - epoch 56: Non-finite (NaN/Inf) detected in edge_logits_vl (Phase 2): 259200 of 259200 values -- sanitizing to 0.0 (neutral logit). Results derived from this run are faithful only up to this event.
16-Aug-26 04:24:55 - epoch 56: Non-finite (NaN/Inf) detected in edge_logits_vl (Phase 1): 259200 of 259200 values -- sanitizing to 0.0 (neutral logit). Results derived from this run are faithful only up to this event.
16-Aug-26 04:24:57 - epoch 56: Non-finite (NaN/Inf) detected in edge_logits_vl (Phase 2): 259200 of 259200 values -- sanitizing to 0.0 (neutral logit). Results derived from this run are faithful only up to this event.
16-Aug-26 04:24:58 - epoch 56: Non-finite (NaN/Inf) detected in edge_logits_vl (Phase 1): 259200 of 259200 values -- sanitizing to 0.0 (neutral logit). Results derived from this run are faithful only up to this event.
16-Aug-26 04:25:00 - epoch 56: Non-finite (NaN/Inf) detected in edge_logits_vl (Phase 2): 259200 of 259200 values -- sanitizing to 0.0 (neutral logit). Results derived from this run are faithful only up to this event.
16-Aug-26 04:25:01 - epoch 56: Non-finite (NaN/Inf) detected in edge_logits_vl (Phase 1): 226800 of 226800 values -- sanitizing to 0.0 (neutral logit). Results derived from this run are faithful only up to this event.
16-Aug-26 04:25:03 - epoch 56: Non-finite (NaN/Inf) detected in edge_logits_vl (Phase 2): 226800 of 226800 values -- sanitizing to 0.0 (neutral logit). Results derived from this run are faithful only up to this event.
16-Aug-26 04:25:04 - Epoch 56, Model Loss 2.4736193593077083, View Loss nan, Reg 0.499999622171394
16-Aug-26 04:25:04 - epoch 57: Non-finite (NaN/Inf) detected in edge_logits_vl (Phase 1): 259200 of 259200 values -- sanitizing to 0.0 (neutral logit). Results derived from this run are faithful only up to this event.
16-Aug-26 04:25:05 - epoch 57: Non-finite (NaN/Inf) detected in edge_logits_vl (Phase 2): 259200 of 259200 values -- sanitizing to 0.0 (neutral logit). Results derived from this run are faithful only up to this event.
16-Aug-26 04:25:07 - epoch 57: Non-finite (NaN/Inf) detected in edge_logits_vl (Phase 1): 259200 of 259200 values -- sanitizing to 0.0 (neutral logit). Results derived from this run are faithful only up to this event.
16-Aug-26 04:25:08 - epoch 57: Non-finite (NaN/Inf) detected in edge_logits_vl (Phase 2): 259200 of 259200 values -- sanitizing to 0.0 (neutral logit). Results derived from this run are faithful only up to this event.
16-Aug-26 04:25:10 - epoch 57: Non-finite (NaN/Inf) detected in edge_logits_vl (Phase 1): 259200 of 259200 values -- sanitizing to 0.0 (neutral logit). Results derived from this run are faithful only up to this event.
16-Aug-26 04:25:11 - epoch 57: Non-finite (NaN/Inf) detected in edge_logits_vl (Phase 2): 259200 of 259200 values -- sanitizing to 0.0 (neutral logit). Results derived from this run are faithful only up to this event.
16-Aug-26 04:25:13 - epoch 57: Non-finite (NaN/Inf) detected in edge_logits_vl (Phase 1): 259200 of 259200 values -- sanitizing to 0.0 (neutral logit). Results derived from this run are faithful only up to this event.
16-Aug-26 04:25:14 - epoch 57: Non-finite (NaN/Inf) detected in edge_logits_vl (Phase 2): 259200 of 259200 values -- sanitizing to 0.0 (neutral logit). Results derived from this run are faithful only up to this event.
16-Aug-26 04:25:15 - epoch 57: Non-finite (NaN/Inf) detected in edge_logits_vl (Phase 1): 259200 of 259200 values -- sanitizing to 0.0 (neutral logit). Results derived from this run are faithful only up to this event.
16-Aug-26 04:25:17 - epoch 57: Non-finite (NaN/Inf) detected in edge_logits_vl (Phase 2): 259200 of 259200 values -- sanitizing to 0.0 (neutral logit). Results derived from this run are faithful only up to this event.
16-Aug-26 04:25:19 - epoch 57: Non-finite (NaN/Inf) detected in edge_logits_vl (Phase 1): 259200 of 259200 values -- sanitizing to 0.0 (neutral logit). Results derived from this run are faithful only up to this event.
16-Aug-26 04:25:20 - epoch 57: Non-finite (NaN/Inf) detected in edge_logits_vl (Phase 2): 259200 of 259200 values -- sanitizing to 0.0 (neutral logit). Results derived from this run are faithful only up to this event.
16-Aug-26 04:25:21 - epoch 57: Non-finite (NaN/Inf) detected in edge_logits_vl (Phase 1): 259200 of 259200 values -- sanitizing to 0.0 (neutral logit). Results derived from this run are faithful only up to this event.
16-Aug-26 04:25:23 - epoch 57: Non-finite (NaN/Inf) detected in edge_logits_vl (Phase 2): 259200 of 259200 values -- sanitizing to 0.0 (neutral logit). Results derived from this run are faithful only up to this event.
16-Aug-26 04:25:25 - epoch 57: Non-finite (NaN/Inf) detected in edge_logits_vl (Phase 1): 259200 of 259200 values -- sanitizing to 0.0 (neutral logit). Results derived from this run are faithful only up to this event.
16-Aug-26 04:25:26 - epoch 57: Non-finite (NaN/Inf) detected in edge_logits_vl (Phase 2): 259200 of 259200 values -- sanitizing to 0.0 (neutral logit). Results derived from this run are faithful only up to this event.
16-Aug-26 04:25:27 - epoch 57: Non-finite (NaN/Inf) detected in edge_logits_vl (Phase 1): 259200 of 259200 values -- sanitizing to 0.0 (neutral logit). Results derived from this run are faithful only up to this event.
16-Aug-26 04:25:29 - epoch 57: Non-finite (NaN/Inf) detected in edge_logits_vl (Phase 2): 259200 of 259200 values -- sanitizing to 0.0 (neutral logit). Results derived from this run are faithful only up to this event.
16-Aug-26 04:25:30 - epoch 57: Non-finite (NaN/Inf) detected in edge_logits_vl (Phase 1): 259200 of 259200 values -- sanitizing to 0.0 (neutral logit). Results derived from this run are faithful only up to this event.
16-Aug-26 04:25:32 - epoch 57: Non-finite (NaN/Inf) detected in edge_logits_vl (Phase 2): 259200 of 259200 values -- sanitizing to 0.0 (neutral logit). Results derived from this run are faithful only up to this event.
16-Aug-26 04:25:34 - epoch 57: Non-finite (NaN/Inf) detected in edge_logits_vl (Phase 1): 259200 of 259200 values -- sanitizing to 0.0 (neutral logit). Results derived from this run are faithful only up to this event.
16-Aug-26 04:25:35 - epoch 57: Non-finite (NaN/Inf) detected in edge_logits_vl (Phase 2): 259200 of 259200 values -- sanitizing to 0.0 (neutral logit). Results derived from this run are faithful only up to this event.
16-Aug-26 04:25:37 - epoch 57: Non-finite (NaN/Inf) detected in edge_logits_vl (Phase 1): 259200 of 259200 values -- sanitizing to 0.0 (neutral logit). Results derived from this run are faithful only up to this event.
16-Aug-26 04:25:38 - epoch 57: Non-finite (NaN/Inf) detected in edge_logits_vl (Phase 2): 259200 of 259200 values -- sanitizing to 0.0 (neutral logit). Results derived from this run are faithful only up to this event.
16-Aug-26 04:25:40 - epoch 57: Non-finite (NaN/Inf) detected in edge_logits_vl (Phase 1): 259200 of 259200 values -- sanitizing to 0.0 (neutral logit). Results derived from this run are faithful only up to this event.
16-Aug-26 04:25:41 - epoch 57: Non-finite (NaN/Inf) detected in edge_logits_vl (Phase 2): 259200 of 259200 values -- sanitizing to 0.0 (neutral logit). Results derived from this run are faithful only up to this event.
16-Aug-26 04:25:43 - epoch 57: Non-finite (NaN/Inf) detected in edge_logits_vl (Phase 1): 259200 of 259200 values -- sanitizing to 0.0 (neutral logit). Results derived from this run are faithful only up to this event.
16-Aug-26 04:25:44 - epoch 57: Non-finite (NaN/Inf) detected in edge_logits_vl (Phase 2): 259200 of 259200 values -- sanitizing to 0.0 (neutral logit). Results derived from this run are faithful only up to this event.
16-Aug-26 04:25:46 - epoch 57: Non-finite (NaN/Inf) detected in edge_logits_vl (Phase 1): 259200 of 259200 values -- sanitizing to 0.0 (neutral logit). Results derived from this run are faithful only up to this event.
16-Aug-26 04:25:47 - epoch 57: Non-finite (NaN/Inf) detected in edge_logits_vl (Phase 2): 259200 of 259200 values -- sanitizing to 0.0 (neutral logit). Results derived from this run are faithful only up to this event.
16-Aug-26 04:25:49 - epoch 57: Non-finite (NaN/Inf) detected in edge_logits_vl (Phase 1): 259200 of 259200 values -- sanitizing to 0.0 (neutral logit). Results derived from this run are faithful only up to this event.
16-Aug-26 04:25:50 - epoch 57: Non-finite (NaN/Inf) detected in edge_logits_vl (Phase 2): 259200 of 259200 values -- sanitizing to 0.0 (neutral logit). Results derived from this run are faithful only up to this event.
16-Aug-26 04:25:52 - epoch 57: Non-finite (NaN/Inf) detected in edge_logits_vl (Phase 1): 259200 of 259200 values -- sanitizing to 0.0 (neutral logit). Results derived from this run are faithful only up to this event.
16-Aug-26 04:25:53 - epoch 57: Non-finite (NaN/Inf) detected in edge_logits_vl (Phase 2): 259200 of 259200 values -- sanitizing to 0.0 (neutral logit). Results derived from this run are faithful only up to this event.
16-Aug-26 04:25:55 - epoch 57: Non-finite (NaN/Inf) detected in edge_logits_vl (Phase 1): 259200 of 259200 values -- sanitizing to 0.0 (neutral logit). Results derived from this run are faithful only up to this event.
16-Aug-26 04:25:56 - epoch 57: Non-finite (NaN/Inf) detected in edge_logits_vl (Phase 2): 259200 of 259200 values -- sanitizing to 0.0 (neutral logit). Results derived from this run are faithful only up to this event.
16-Aug-26 04:25:58 - epoch 57: Non-finite (NaN/Inf) detected in edge_logits_vl (Phase 1): 259200 of 259200 values -- sanitizing to 0.0 (neutral logit). Results derived from this run are faithful only up to this event.
16-Aug-26 04:25:59 - epoch 57: Non-finite (NaN/Inf) detected in edge_logits_vl (Phase 2): 259200 of 259200 values -- sanitizing to 0.0 (neutral logit). Results derived from this run are faithful only up to this event.
16-Aug-26 04:26:01 - epoch 57: Non-finite (NaN/Inf) detected in edge_logits_vl (Phase 1): 259200 of 259200 values -- sanitizing to 0.0 (neutral logit). Results derived from this run are faithful only up to this event.
16-Aug-26 04:26:02 - epoch 57: Non-finite (NaN/Inf) detected in edge_logits_vl (Phase 2): 259200 of 259200 values -- sanitizing to 0.0 (neutral logit). Results derived from this run are faithful only up to this event.
16-Aug-26 04:26:04 - epoch 57: Non-finite (NaN/Inf) detected in edge_logits_vl (Phase 1): 259200 of 259200 values -- sanitizing to 0.0 (neutral logit). Results derived from this run are faithful only up to this event.
16-Aug-26 04:26:05 - epoch 57: Non-finite (NaN/Inf) detected in edge_logits_vl (Phase 2): 259200 of 259200 values -- sanitizing to 0.0 (neutral logit). Results derived from this run are faithful only up to this event.
16-Aug-26 04:26:07 - epoch 57: Non-finite (NaN/Inf) detected in edge_logits_vl (Phase 1): 259200 of 259200 values -- sanitizing to 0.0 (neutral logit). Results derived from this run are faithful only up to this event.
16-Aug-26 04:26:08 - epoch 57: Non-finite (NaN/Inf) detected in edge_logits_vl (Phase 2): 259200 of 259200 values -- sanitizing to 0.0 (neutral logit). Results derived from this run are faithful only up to this event.
16-Aug-26 04:26:10 - epoch 57: Non-finite (NaN/Inf) detected in edge_logits_vl (Phase 1): 259200 of 259200 values -- sanitizing to 0.0 (neutral logit). Results derived from this run are faithful only up to this event.
16-Aug-26 04:26:11 - epoch 57: Non-finite (NaN/Inf) detected in edge_logits_vl (Phase 2): 259200 of 259200 values -- sanitizing to 0.0 (neutral logit). Results derived from this run are faithful only up to this event.
16-Aug-26 04:26:13 - epoch 57: Non-finite (NaN/Inf) detected in edge_logits_vl (Phase 1): 259200 of 259200 values -- sanitizing to 0.0 (neutral logit). Results derived from this run are faithful only up to this event.
16-Aug-26 04:26:14 - epoch 57: Non-finite (NaN/Inf) detected in edge_logits_vl (Phase 2): 259200 of 259200 values -- sanitizing to 0.0 (neutral logit). Results derived from this run are faithful only up to this event.
16-Aug-26 04:26:16 - epoch 57: Non-finite (NaN/Inf) detected in edge_logits_vl (Phase 1): 259200 of 259200 values -- sanitizing to 0.0 (neutral logit). Results derived from this run are faithful only up to this event.
16-Aug-26 04:26:17 - epoch 57: Non-finite (NaN/Inf) detected in edge_logits_vl (Phase 2): 259200 of 259200 values -- sanitizing to 0.0 (neutral logit). Results derived from this run are faithful only up to this event.
16-Aug-26 04:26:19 - epoch 57: Non-finite (NaN/Inf) detected in edge_logits_vl (Phase 1): 259200 of 259200 values -- sanitizing to 0.0 (neutral logit). Results derived from this run are faithful only up to this event.
16-Aug-26 04:26:20 - epoch 57: Non-finite (NaN/Inf) detected in edge_logits_vl (Phase 2): 259200 of 259200 values -- sanitizing to 0.0 (neutral logit). Results derived from this run are faithful only up to this event.
16-Aug-26 04:26:22 - epoch 57: Non-finite (NaN/Inf) detected in edge_logits_vl (Phase 1): 259200 of 259200 values -- sanitizing to 0.0 (neutral logit). Results derived from this run are faithful only up to this event.
16-Aug-26 04:26:23 - epoch 57: Non-finite (NaN/Inf) detected in edge_logits_vl (Phase 2): 259200 of 259200 values -- sanitizing to 0.0 (neutral logit). Results derived from this run are faithful only up to this event.
16-Aug-26 04:26:25 - epoch 57: Non-finite (NaN/Inf) detected in edge_logits_vl (Phase 1): 259200 of 259200 values -- sanitizing to 0.0 (neutral logit). Results derived from this run are faithful only up to this event.
16-Aug-26 04:26:26 - epoch 57: Non-finite (NaN/Inf) detected in edge_logits_vl (Phase 2): 259200 of 259200 values -- sanitizing to 0.0 (neutral logit). Results derived from this run are faithful only up to this event.
16-Aug-26 04:26:28 - epoch 57: Non-finite (NaN/Inf) detected in edge_logits_vl (Phase 1): 259200 of 259200 values -- sanitizing to 0.0 (neutral logit). Results derived from this run are faithful only up to this event.
16-Aug-26 04:26:29 - epoch 57: Non-finite (NaN/Inf) detected in edge_logits_vl (Phase 2): 259200 of 259200 values -- sanitizing to 0.0 (neutral logit). Results derived from this run are faithful only up to this event.
16-Aug-26 04:26:31 - epoch 57: Non-finite (NaN/Inf) detected in edge_logits_vl (Phase 1): 226800 of 226800 values -- sanitizing to 0.0 (neutral logit). Results derived from this run are faithful only up to this event.
16-Aug-26 04:26:32 - epoch 57: Non-finite (NaN/Inf) detected in edge_logits_vl (Phase 2): 226800 of 226800 values -- sanitizing to 0.0 (neutral logit). Results derived from this run are faithful only up to this event.
16-Aug-26 04:26:33 - Epoch 57, Model Loss 2.388267129036173, View Loss nan, Reg 0.5001207279610335
16-Aug-26 04:26:34 - epoch 58: Non-finite (NaN/Inf) detected in edge_logits_vl (Phase 1): 259200 of 259200 values -- sanitizing to 0.0 (neutral logit). Results derived from this run are faithful only up to this event.
16-Aug-26 04:26:35 - epoch 58: Non-finite (NaN/Inf) detected in edge_logits_vl (Phase 2): 259200 of 259200 values -- sanitizing to 0.0 (neutral logit). Results derived from this run are faithful only up to this event.
16-Aug-26 04:26:36 - epoch 58: Non-finite (NaN/Inf) detected in edge_logits_vl (Phase 1): 259200 of 259200 values -- sanitizing to 0.0 (neutral logit). Results derived from this run are faithful only up to this event.
16-Aug-26 04:26:38 - epoch 58: Non-finite (NaN/Inf) detected in edge_logits_vl (Phase 2): 259200 of 259200 values -- sanitizing to 0.0 (neutral logit). Results derived from this run are faithful only up to this event.
16-Aug-26 04:26:39 - epoch 58: Non-finite (NaN/Inf) detected in edge_logits_vl (Phase 1): 259200 of 259200 values -- sanitizing to 0.0 (neutral logit). Results derived from this run are faithful only up to this event.
16-Aug-26 04:26:41 - epoch 58: Non-finite (NaN/Inf) detected in edge_logits_vl (Phase 2): 259200 of 259200 values -- sanitizing to 0.0 (neutral logit). Results derived from this run are faithful only up to this event.
16-Aug-26 04:26:42 - epoch 58: Non-finite (NaN/Inf) detected in edge_logits_vl (Phase 1): 259200 of 259200 values -- sanitizing to 0.0 (neutral logit). Results derived from this run are faithful only up to this event.
16-Aug-26 04:26:44 - epoch 58: Non-finite (NaN/Inf) detected in edge_logits_vl (Phase 2): 259200 of 259200 values -- sanitizing to 0.0 (neutral logit). Results derived from this run are faithful only up to this event.
16-Aug-26 04:26:45 - epoch 58: Non-finite (NaN/Inf) detected in edge_logits_vl (Phase 1): 259200 of 259200 values -- sanitizing to 0.0 (neutral logit). Results derived from this run are faithful only up to this event.
16-Aug-26 04:26:47 - epoch 58: Non-finite (NaN/Inf) detected in edge_logits_vl (Phase 2): 259200 of 259200 values -- sanitizing to 0.0 (neutral logit). Results derived from this run are faithful only up to this event.
16-Aug-26 04:26:48 - epoch 58: Non-finite (NaN/Inf) detected in edge_logits_vl (Phase 1): 259200 of 259200 values -- sanitizing to 0.0 (neutral logit). Results derived from this run are faithful only up to this event.
16-Aug-26 04:26:50 - epoch 58: Non-finite (NaN/Inf) detected in edge_logits_vl (Phase 2): 259200 of 259200 values -- sanitizing to 0.0 (neutral logit). Results derived from this run are faithful only up to this event.
16-Aug-26 04:26:51 - epoch 58: Non-finite (NaN/Inf) detected in edge_logits_vl (Phase 1): 259200 of 259200 values -- sanitizing to 0.0 (neutral logit). Results derived from this run are faithful only up to this event.
16-Aug-26 04:26:53 - epoch 58: Non-finite (NaN/Inf) detected in edge_logits_vl (Phase 2): 259200 of 259200 values -- sanitizing to 0.0 (neutral logit). Results derived from this run are faithful only up to this event.
16-Aug-26 04:26:54 - epoch 58: Non-finite (NaN/Inf) detected in edge_logits_vl (Phase 1): 259200 of 259200 values -- sanitizing to 0.0 (neutral logit). Results derived from this run are faithful only up to this event.
16-Aug-26 04:26:56 - epoch 58: Non-finite (NaN/Inf) detected in edge_logits_vl (Phase 2): 259200 of 259200 values -- sanitizing to 0.0 (neutral logit). Results derived from this run are faithful only up to this event.
16-Aug-26 04:26:57 - epoch 58: Non-finite (NaN/Inf) detected in edge_logits_vl (Phase 1): 259200 of 259200 values -- sanitizing to 0.0 (neutral logit). Results derived from this run are faithful only up to this event.
16-Aug-26 04:26:59 - epoch 58: Non-finite (NaN/Inf) detected in edge_logits_vl (Phase 2): 259200 of 259200 values -- sanitizing to 0.0 (neutral logit). Results derived from this run are faithful only up to this event.
16-Aug-26 04:27:00 - epoch 58: Non-finite (NaN/Inf) detected in edge_logits_vl (Phase 1): 259200 of 259200 values -- sanitizing to 0.0 (neutral logit). Results derived from this run are faithful only up to this event.
16-Aug-26 04:27:02 - epoch 58: Non-finite (NaN/Inf) detected in edge_logits_vl (Phase 2): 259200 of 259200 values -- sanitizing to 0.0 (neutral logit). Results derived from this run are faithful only up to this event.
16-Aug-26 04:27:03 - epoch 58: Non-finite (NaN/Inf) detected in edge_logits_vl (Phase 1): 259200 of 259200 values -- sanitizing to 0.0 (neutral logit). Results derived from this run are faithful only up to this event.
16-Aug-26 04:27:05 - epoch 58: Non-finite (NaN/Inf) detected in edge_logits_vl (Phase 2): 259200 of 259200 values -- sanitizing to 0.0 (neutral logit). Results derived from this run are faithful only up to this event.
16-Aug-26 04:27:06 - epoch 58: Non-finite (NaN/Inf) detected in edge_logits_vl (Phase 1): 259200 of 259200 values -- sanitizing to 0.0 (neutral logit). Results derived from this run are faithful only up to this event.
16-Aug-26 04:27:08 - epoch 58: Non-finite (NaN/Inf) detected in edge_logits_vl (Phase 2): 259200 of 259200 values -- sanitizing to 0.0 (neutral logit). Results derived from this run are faithful only up to this event.
16-Aug-26 04:27:09 - epoch 58: Non-finite (NaN/Inf) detected in edge_logits_vl (Phase 1): 259200 of 259200 values -- sanitizing to 0.0 (neutral logit). Results derived from this run are faithful only up to this event.
16-Aug-26 04:27:11 - epoch 58: Non-finite (NaN/Inf) detected in edge_logits_vl (Phase 2): 259200 of 259200 values -- sanitizing to 0.0 (neutral logit). Results derived from this run are faithful only up to this event.
16-Aug-26 04:27:12 - epoch 58: Non-finite (NaN/Inf) detected in edge_logits_vl (Phase 1): 259200 of 259200 values -- sanitizing to 0.0 (neutral logit). Results derived from this run are faithful only up to this event.
16-Aug-26 04:27:14 - epoch 58: Non-finite (NaN/Inf) detected in edge_logits_vl (Phase 2): 259200 of 259200 values -- sanitizing to 0.0 (neutral logit). Results derived from this run are faithful only up to this event.
16-Aug-26 04:27:15 - epoch 58: Non-finite (NaN/Inf) detected in edge_logits_vl (Phase 1): 259200 of 259200 values -- sanitizing to 0.0 (neutral logit). Results derived from this run are faithful only up to this event.
16-Aug-26 04:27:17 - epoch 58: Non-finite (NaN/Inf) detected in edge_logits_vl (Phase 2): 259200 of 259200 values -- sanitizing to 0.0 (neutral logit). Results derived from this run are faithful only up to this event.
16-Aug-26 04:27:18 - epoch 58: Non-finite (NaN/Inf) detected in edge_logits_vl (Phase 1): 259200 of 259200 values -- sanitizing to 0.0 (neutral logit). Results derived from this run are faithful only up to this event.
16-Aug-26 04:27:20 - epoch 58: Non-finite (NaN/Inf) detected in edge_logits_vl (Phase 2): 259200 of 259200 values -- sanitizing to 0.0 (neutral logit). Results derived from this run are faithful only up to this event.
16-Aug-26 04:27:21 - epoch 58: Non-finite (NaN/Inf) detected in edge_logits_vl (Phase 1): 259200 of 259200 values -- sanitizing to 0.0 (neutral logit). Results derived from this run are faithful only up to this event.
16-Aug-26 04:27:23 - epoch 58: Non-finite (NaN/Inf) detected in edge_logits_vl (Phase 2): 259200 of 259200 values -- sanitizing to 0.0 (neutral logit). Results derived from this run are faithful only up to this event.
16-Aug-26 04:27:24 - epoch 58: Non-finite (NaN/Inf) detected in edge_logits_vl (Phase 1): 259200 of 259200 values -- sanitizing to 0.0 (neutral logit). Results derived from this run are faithful only up to this event.
16-Aug-26 04:27:26 - epoch 58: Non-finite (NaN/Inf) detected in edge_logits_vl (Phase 2): 259200 of 259200 values -- sanitizing to 0.0 (neutral logit). Results derived from this run are faithful only up to this event.
16-Aug-26 04:27:27 - epoch 58: Non-finite (NaN/Inf) detected in edge_logits_vl (Phase 1): 259200 of 259200 values -- sanitizing to 0.0 (neutral logit). Results derived from this run are faithful only up to this event.
16-Aug-26 04:27:29 - epoch 58: Non-finite (NaN/Inf) detected in edge_logits_vl (Phase 2): 259200 of 259200 values -- sanitizing to 0.0 (neutral logit). Results derived from this run are faithful only up to this event.
16-Aug-26 04:27:30 - epoch 58: Non-finite (NaN/Inf) detected in edge_logits_vl (Phase 1): 259200 of 259200 values -- sanitizing to 0.0 (neutral logit). Results derived from this run are faithful only up to this event.
16-Aug-26 04:27:32 - epoch 58: Non-finite (NaN/Inf) detected in edge_logits_vl (Phase 2): 259200 of 259200 values -- sanitizing to 0.0 (neutral logit). Results derived from this run are faithful only up to this event.
16-Aug-26 04:27:33 - epoch 58: Non-finite (NaN/Inf) detected in edge_logits_vl (Phase 1): 259200 of 259200 values -- sanitizing to 0.0 (neutral logit). Results derived from this run are faithful only up to this event.
16-Aug-26 04:27:35 - epoch 58: Non-finite (NaN/Inf) detected in edge_logits_vl (Phase 2): 259200 of 259200 values -- sanitizing to 0.0 (neutral logit). Results derived from this run are faithful only up to this event.
16-Aug-26 04:27:37 - epoch 58: Non-finite (NaN/Inf) detected in edge_logits_vl (Phase 1): 259200 of 259200 values -- sanitizing to 0.0 (neutral logit). Results derived from this run are faithful only up to this event.
16-Aug-26 04:27:38 - epoch 58: Non-finite (NaN/Inf) detected in edge_logits_vl (Phase 2): 259200 of 259200 values -- sanitizing to 0.0 (neutral logit). Results derived from this run are faithful only up to this event.
16-Aug-26 04:27:40 - epoch 58: Non-finite (NaN/Inf) detected in edge_logits_vl (Phase 1): 259200 of 259200 values -- sanitizing to 0.0 (neutral logit). Results derived from this run are faithful only up to this event.
16-Aug-26 04:27:41 - epoch 58: Non-finite (NaN/Inf) detected in edge_logits_vl (Phase 2): 259200 of 259200 values -- sanitizing to 0.0 (neutral logit). Results derived from this run are faithful only up to this event.
16-Aug-26 04:27:43 - epoch 58: Non-finite (NaN/Inf) detected in edge_logits_vl (Phase 1): 259200 of 259200 values -- sanitizing to 0.0 (neutral logit). Results derived from this run are faithful only up to this event.
16-Aug-26 04:27:44 - epoch 58: Non-finite (NaN/Inf) detected in edge_logits_vl (Phase 2): 259200 of 259200 values -- sanitizing to 0.0 (neutral logit). Results derived from this run are faithful only up to this event.
16-Aug-26 04:27:46 - epoch 58: Non-finite (NaN/Inf) detected in edge_logits_vl (Phase 1): 259200 of 259200 values -- sanitizing to 0.0 (neutral logit). Results derived from this run are faithful only up to this event.
16-Aug-26 04:27:47 - epoch 58: Non-finite (NaN/Inf) detected in edge_logits_vl (Phase 2): 259200 of 259200 values -- sanitizing to 0.0 (neutral logit). Results derived from this run are faithful only up to this event.
16-Aug-26 04:27:49 - epoch 58: Non-finite (NaN/Inf) detected in edge_logits_vl (Phase 1): 259200 of 259200 values -- sanitizing to 0.0 (neutral logit). Results derived from this run are faithful only up to this event.
16-Aug-26 04:27:50 - epoch 58: Non-finite (NaN/Inf) detected in edge_logits_vl (Phase 2): 259200 of 259200 values -- sanitizing to 0.0 (neutral logit). Results derived from this run are faithful only up to this event.
16-Aug-26 04:27:52 - epoch 58: Non-finite (NaN/Inf) detected in edge_logits_vl (Phase 1): 259200 of 259200 values -- sanitizing to 0.0 (neutral logit). Results derived from this run are faithful only up to this event.
16-Aug-26 04:27:53 - epoch 58: Non-finite (NaN/Inf) detected in edge_logits_vl (Phase 2): 259200 of 259200 values -- sanitizing to 0.0 (neutral logit). Results derived from this run are faithful only up to this event.
16-Aug-26 04:27:55 - epoch 58: Non-finite (NaN/Inf) detected in edge_logits_vl (Phase 1): 259200 of 259200 values -- sanitizing to 0.0 (neutral logit). Results derived from this run are faithful only up to this event.
16-Aug-26 04:27:56 - epoch 58: Non-finite (NaN/Inf) detected in edge_logits_vl (Phase 2): 259200 of 259200 values -- sanitizing to 0.0 (neutral logit). Results derived from this run are faithful only up to this event.
16-Aug-26 04:27:58 - epoch 58: Non-finite (NaN/Inf) detected in edge_logits_vl (Phase 1): 259200 of 259200 values -- sanitizing to 0.0 (neutral logit). Results derived from this run are faithful only up to this event.
16-Aug-26 04:27:59 - epoch 58: Non-finite (NaN/Inf) detected in edge_logits_vl (Phase 2): 259200 of 259200 values -- sanitizing to 0.0 (neutral logit). Results derived from this run are faithful only up to this event.
16-Aug-26 04:28:01 - epoch 58: Non-finite (NaN/Inf) detected in edge_logits_vl (Phase 1): 226800 of 226800 values -- sanitizing to 0.0 (neutral logit). Results derived from this run are faithful only up to this event.
16-Aug-26 04:28:02 - epoch 58: Non-finite (NaN/Inf) detected in edge_logits_vl (Phase 2): 226800 of 226800 values -- sanitizing to 0.0 (neutral logit). Results derived from this run are faithful only up to this event.
16-Aug-26 04:28:03 - Epoch 58, Model Loss 2.312576075478079, View Loss nan, Reg 0.4999547161816553
16-Aug-26 04:28:03 - epoch 59: Non-finite (NaN/Inf) detected in edge_logits_vl (Phase 1): 259200 of 259200 values -- sanitizing to 0.0 (neutral logit). Results derived from this run are faithful only up to this event.
16-Aug-26 04:28:05 - epoch 59: Non-finite (NaN/Inf) detected in edge_logits_vl (Phase 2): 259200 of 259200 values -- sanitizing to 0.0 (neutral logit). Results derived from this run are faithful only up to this event.
16-Aug-26 04:28:06 - epoch 59: Non-finite (NaN/Inf) detected in edge_logits_vl (Phase 1): 259200 of 259200 values -- sanitizing to 0.0 (neutral logit). Results derived from this run are faithful only up to this event.
16-Aug-26 04:28:08 - epoch 59: Non-finite (NaN/Inf) detected in edge_logits_vl (Phase 2): 259200 of 259200 values -- sanitizing to 0.0 (neutral logit). Results derived from this run are faithful only up to this event.
16-Aug-26 04:28:09 - epoch 59: Non-finite (NaN/Inf) detected in edge_logits_vl (Phase 1): 259200 of 259200 values -- sanitizing to 0.0 (neutral logit). Results derived from this run are faithful only up to this event.
16-Aug-26 04:28:11 - epoch 59: Non-finite (NaN/Inf) detected in edge_logits_vl (Phase 2): 259200 of 259200 values -- sanitizing to 0.0 (neutral logit). Results derived from this run are faithful only up to this event.
16-Aug-26 04:28:12 - epoch 59: Non-finite (NaN/Inf) detected in edge_logits_vl (Phase 1): 259200 of 259200 values -- sanitizing to 0.0 (neutral logit). Results derived from this run are faithful only up to this event.
16-Aug-26 04:28:13 - epoch 59: Non-finite (NaN/Inf) detected in edge_logits_vl (Phase 2): 259200 of 259200 values -- sanitizing to 0.0 (neutral logit). Results derived from this run are faithful only up to this event.
16-Aug-26 04:28:15 - epoch 59: Non-finite (NaN/Inf) detected in edge_logits_vl (Phase 1): 259200 of 259200 values -- sanitizing to 0.0 (neutral logit). Results derived from this run are faithful only up to this event.
16-Aug-26 04:28:16 - epoch 59: Non-finite (NaN/Inf) detected in edge_logits_vl (Phase 2): 259200 of 259200 values -- sanitizing to 0.0 (neutral logit). Results derived from this run are faithful only up to this event.
16-Aug-26 04:28:18 - epoch 59: Non-finite (NaN/Inf) detected in edge_logits_vl (Phase 1): 259200 of 259200 values -- sanitizing to 0.0 (neutral logit). Results derived from this run are faithful only up to this event.
16-Aug-26 04:28:19 - epoch 59: Non-finite (NaN/Inf) detected in edge_logits_vl (Phase 2): 259200 of 259200 values -- sanitizing to 0.0 (neutral logit). Results derived from this run are faithful only up to this event.
16-Aug-26 04:28:21 - epoch 59: Non-finite (NaN/Inf) detected in edge_logits_vl (Phase 1): 259200 of 259200 values -- sanitizing to 0.0 (neutral logit). Results derived from this run are faithful only up to this event.
16-Aug-26 04:28:22 - epoch 59: Non-finite (NaN/Inf) detected in edge_logits_vl (Phase 2): 259200 of 259200 values -- sanitizing to 0.0 (neutral logit). Results derived from this run are faithful only up to this event.
16-Aug-26 04:28:24 - epoch 59: Non-finite (NaN/Inf) detected in edge_logits_vl (Phase 1): 259200 of 259200 values -- sanitizing to 0.0 (neutral logit). Results derived from this run are faithful only up to this event.
16-Aug-26 04:28:25 - epoch 59: Non-finite (NaN/Inf) detected in edge_logits_vl (Phase 2): 259200 of 259200 values -- sanitizing to 0.0 (neutral logit). Results derived from this run are faithful only up to this event.
16-Aug-26 04:28:27 - epoch 59: Non-finite (NaN/Inf) detected in edge_logits_vl (Phase 1): 259200 of 259200 values -- sanitizing to 0.0 (neutral logit). Results derived from this run are faithful only up to this event.
16-Aug-26 04:28:28 - epoch 59: Non-finite (NaN/Inf) detected in edge_logits_vl (Phase 2): 259200 of 259200 values -- sanitizing to 0.0 (neutral logit). Results derived from this run are faithful only up to this event.
16-Aug-26 04:28:30 - epoch 59: Non-finite (NaN/Inf) detected in edge_logits_vl (Phase 1): 259200 of 259200 values -- sanitizing to 0.0 (neutral logit). Results derived from this run are faithful only up to this event.
16-Aug-26 04:28:31 - epoch 59: Non-finite (NaN/Inf) detected in edge_logits_vl (Phase 2): 259200 of 259200 values -- sanitizing to 0.0 (neutral logit). Results derived from this run are faithful only up to this event.
16-Aug-26 04:28:33 - epoch 59: Non-finite (NaN/Inf) detected in edge_logits_vl (Phase 1): 259200 of 259200 values -- sanitizing to 0.0 (neutral logit). Results derived from this run are faithful only up to this event.
16-Aug-26 04:28:35 - epoch 59: Non-finite (NaN/Inf) detected in edge_logits_vl (Phase 2): 259200 of 259200 values -- sanitizing to 0.0 (neutral logit). Results derived from this run are faithful only up to this event.
16-Aug-26 04:28:38 - epoch 59: Non-finite (NaN/Inf) detected in edge_logits_vl (Phase 1): 259200 of 259200 values -- sanitizing to 0.0 (neutral logit). Results derived from this run are faithful only up to this event.
16-Aug-26 04:28:41 - epoch 59: Non-finite (NaN/Inf) detected in edge_logits_vl (Phase 2): 259200 of 259200 values -- sanitizing to 0.0 (neutral logit). Results derived from this run are faithful only up to this event.
16-Aug-26 04:28:44 - epoch 59: Non-finite (NaN/Inf) detected in edge_logits_vl (Phase 1): 259200 of 259200 values -- sanitizing to 0.0 (neutral logit). Results derived from this run are faithful only up to this event.
16-Aug-26 04:28:46 - epoch 59: Non-finite (NaN/Inf) detected in edge_logits_vl (Phase 2): 259200 of 259200 values -- sanitizing to 0.0 (neutral logit). Results derived from this run are faithful only up to this event.
16-Aug-26 04:28:48 - epoch 59: Non-finite (NaN/Inf) detected in edge_logits_vl (Phase 1): 259200 of 259200 values -- sanitizing to 0.0 (neutral logit). Results derived from this run are faithful only up to this event.
16-Aug-26 04:28:49 - epoch 59: Non-finite (NaN/Inf) detected in edge_logits_vl (Phase 2): 259200 of 259200 values -- sanitizing to 0.0 (neutral logit). Results derived from this run are faithful only up to this event.
16-Aug-26 04:28:51 - epoch 59: Non-finite (NaN/Inf) detected in edge_logits_vl (Phase 1): 259200 of 259200 values -- sanitizing to 0.0 (neutral logit). Results derived from this run are faithful only up to this event.
16-Aug-26 04:28:52 - epoch 59: Non-finite (NaN/Inf) detected in edge_logits_vl (Phase 2): 259200 of 259200 values -- sanitizing to 0.0 (neutral logit). Results derived from this run are faithful only up to this event.
16-Aug-26 04:28:54 - epoch 59: Non-finite (NaN/Inf) detected in edge_logits_vl (Phase 1): 259200 of 259200 values -- sanitizing to 0.0 (neutral logit). Results derived from this run are faithful only up to this event.
16-Aug-26 04:28:55 - epoch 59: Non-finite (NaN/Inf) detected in edge_logits_vl (Phase 2): 259200 of 259200 values -- sanitizing to 0.0 (neutral logit). Results derived from this run are faithful only up to this event.
16-Aug-26 04:28:57 - epoch 59: Non-finite (NaN/Inf) detected in edge_logits_vl (Phase 1): 259200 of 259200 values -- sanitizing to 0.0 (neutral logit). Results derived from this run are faithful only up to this event.
16-Aug-26 04:28:58 - epoch 59: Non-finite (NaN/Inf) detected in edge_logits_vl (Phase 2): 259200 of 259200 values -- sanitizing to 0.0 (neutral logit). Results derived from this run are faithful only up to this event.
16-Aug-26 04:29:00 - epoch 59: Non-finite (NaN/Inf) detected in edge_logits_vl (Phase 1): 259200 of 259200 values -- sanitizing to 0.0 (neutral logit). Results derived from this run are faithful only up to this event.
16-Aug-26 04:29:01 - epoch 59: Non-finite (NaN/Inf) detected in edge_logits_vl (Phase 2): 259200 of 259200 values -- sanitizing to 0.0 (neutral logit). Results derived from this run are faithful only up to this event.
16-Aug-26 04:29:03 - epoch 59: Non-finite (NaN/Inf) detected in edge_logits_vl (Phase 1): 259200 of 259200 values -- sanitizing to 0.0 (neutral logit). Results derived from this run are faithful only up to this event.
16-Aug-26 04:29:04 - epoch 59: Non-finite (NaN/Inf) detected in edge_logits_vl (Phase 2): 259200 of 259200 values -- sanitizing to 0.0 (neutral logit). Results derived from this run are faithful only up to this event.
16-Aug-26 04:29:06 - epoch 59: Non-finite (NaN/Inf) detected in edge_logits_vl (Phase 1): 259200 of 259200 values -- sanitizing to 0.0 (neutral logit). Results derived from this run are faithful only up to this event.
16-Aug-26 04:29:07 - epoch 59: Non-finite (NaN/Inf) detected in edge_logits_vl (Phase 2): 259200 of 259200 values -- sanitizing to 0.0 (neutral logit). Results derived from this run are faithful only up to this event.
16-Aug-26 04:29:09 - epoch 59: Non-finite (NaN/Inf) detected in edge_logits_vl (Phase 1): 259200 of 259200 values -- sanitizing to 0.0 (neutral logit). Results derived from this run are faithful only up to this event.
16-Aug-26 04:29:10 - epoch 59: Non-finite (NaN/Inf) detected in edge_logits_vl (Phase 2): 259200 of 259200 values -- sanitizing to 0.0 (neutral logit). Results derived from this run are faithful only up to this event.
16-Aug-26 04:29:12 - epoch 59: Non-finite (NaN/Inf) detected in edge_logits_vl (Phase 1): 259200 of 259200 values -- sanitizing to 0.0 (neutral logit). Results derived from this run are faithful only up to this event.
16-Aug-26 04:29:14 - epoch 59: Non-finite (NaN/Inf) detected in edge_logits_vl (Phase 2): 259200 of 259200 values -- sanitizing to 0.0 (neutral logit). Results derived from this run are faithful only up to this event.
16-Aug-26 04:29:15 - epoch 59: Non-finite (NaN/Inf) detected in edge_logits_vl (Phase 1): 259200 of 259200 values -- sanitizing to 0.0 (neutral logit). Results derived from this run are faithful only up to this event.
16-Aug-26 04:29:17 - epoch 59: Non-finite (NaN/Inf) detected in edge_logits_vl (Phase 2): 259200 of 259200 values -- sanitizing to 0.0 (neutral logit). Results derived from this run are faithful only up to this event.
16-Aug-26 04:29:18 - epoch 59: Non-finite (NaN/Inf) detected in edge_logits_vl (Phase 1): 259200 of 259200 values -- sanitizing to 0.0 (neutral logit). Results derived from this run are faithful only up to this event.
16-Aug-26 04:29:20 - epoch 59: Non-finite (NaN/Inf) detected in edge_logits_vl (Phase 2): 259200 of 259200 values -- sanitizing to 0.0 (neutral logit). Results derived from this run are faithful only up to this event.
16-Aug-26 04:29:21 - epoch 59: Non-finite (NaN/Inf) detected in edge_logits_vl (Phase 1): 259200 of 259200 values -- sanitizing to 0.0 (neutral logit). Results derived from this run are faithful only up to this event.
16-Aug-26 04:29:23 - epoch 59: Non-finite (NaN/Inf) detected in edge_logits_vl (Phase 2): 259200 of 259200 values -- sanitizing to 0.0 (neutral logit). Results derived from this run are faithful only up to this event.
16-Aug-26 04:29:24 - epoch 59: Non-finite (NaN/Inf) detected in edge_logits_vl (Phase 1): 259200 of 259200 values -- sanitizing to 0.0 (neutral logit). Results derived from this run are faithful only up to this event.
16-Aug-26 04:29:26 - epoch 59: Non-finite (NaN/Inf) detected in edge_logits_vl (Phase 2): 259200 of 259200 values -- sanitizing to 0.0 (neutral logit). Results derived from this run are faithful only up to this event.
16-Aug-26 04:29:27 - epoch 59: Non-finite (NaN/Inf) detected in edge_logits_vl (Phase 1): 259200 of 259200 values -- sanitizing to 0.0 (neutral logit). Results derived from this run are faithful only up to this event.
16-Aug-26 04:29:29 - epoch 59: Non-finite (NaN/Inf) detected in edge_logits_vl (Phase 2): 259200 of 259200 values -- sanitizing to 0.0 (neutral logit). Results derived from this run are faithful only up to this event.
16-Aug-26 04:29:30 - epoch 59: Non-finite (NaN/Inf) detected in edge_logits_vl (Phase 1): 259200 of 259200 values -- sanitizing to 0.0 (neutral logit). Results derived from this run are faithful only up to this event.
16-Aug-26 04:29:32 - epoch 59: Non-finite (NaN/Inf) detected in edge_logits_vl (Phase 2): 259200 of 259200 values -- sanitizing to 0.0 (neutral logit). Results derived from this run are faithful only up to this event.
16-Aug-26 04:29:33 - epoch 59: Non-finite (NaN/Inf) detected in edge_logits_vl (Phase 1): 259200 of 259200 values -- sanitizing to 0.0 (neutral logit). Results derived from this run are faithful only up to this event.
16-Aug-26 04:29:35 - epoch 59: Non-finite (NaN/Inf) detected in edge_logits_vl (Phase 2): 259200 of 259200 values -- sanitizing to 0.0 (neutral logit). Results derived from this run are faithful only up to this event.
16-Aug-26 04:29:36 - epoch 59: Non-finite (NaN/Inf) detected in edge_logits_vl (Phase 1): 226800 of 226800 values -- sanitizing to 0.0 (neutral logit). Results derived from this run are faithful only up to this event.
16-Aug-26 04:29:37 - epoch 59: Non-finite (NaN/Inf) detected in edge_logits_vl (Phase 2): 226800 of 226800 values -- sanitizing to 0.0 (neutral logit). Results derived from this run are faithful only up to this event.
16-Aug-26 04:29:38 - Epoch 59, Model Loss 2.2559681776677216, View Loss nan, Reg 0.5001945899620216
16-Aug-26 04:29:39 - epoch 60: Non-finite (NaN/Inf) detected in edge_logits_vl (Phase 1): 259200 of 259200 values -- sanitizing to 0.0 (neutral logit). Results derived from this run are faithful only up to this event.
16-Aug-26 04:29:40 - epoch 60: Non-finite (NaN/Inf) detected in edge_logits_vl (Phase 2): 259200 of 259200 values -- sanitizing to 0.0 (neutral logit). Results derived from this run are faithful only up to this event.
16-Aug-26 04:29:42 - epoch 60: Non-finite (NaN/Inf) detected in edge_logits_vl (Phase 1): 259200 of 259200 values -- sanitizing to 0.0 (neutral logit). Results derived from this run are faithful only up to this event.
16-Aug-26 04:29:43 - epoch 60: Non-finite (NaN/Inf) detected in edge_logits_vl (Phase 2): 259200 of 259200 values -- sanitizing to 0.0 (neutral logit). Results derived from this run are faithful only up to this event.
16-Aug-26 04:29:44 - epoch 60: Non-finite (NaN/Inf) detected in edge_logits_vl (Phase 1): 259200 of 259200 values -- sanitizing to 0.0 (neutral logit). Results derived from this run are faithful only up to this event.
16-Aug-26 04:29:46 - epoch 60: Non-finite (NaN/Inf) detected in edge_logits_vl (Phase 2): 259200 of 259200 values -- sanitizing to 0.0 (neutral logit). Results derived from this run are faithful only up to this event.
16-Aug-26 04:29:47 - epoch 60: Non-finite (NaN/Inf) detected in edge_logits_vl (Phase 1): 259200 of 259200 values -- sanitizing to 0.0 (neutral logit). Results derived from this run are faithful only up to this event.
16-Aug-26 04:29:49 - epoch 60: Non-finite (NaN/Inf) detected in edge_logits_vl (Phase 2): 259200 of 259200 values -- sanitizing to 0.0 (neutral logit). Results derived from this run are faithful only up to this event.
16-Aug-26 04:29:50 - epoch 60: Non-finite (NaN/Inf) detected in edge_logits_vl (Phase 1): 259200 of 259200 values -- sanitizing to 0.0 (neutral logit). Results derived from this run are faithful only up to this event.
16-Aug-26 04:29:52 - epoch 60: Non-finite (NaN/Inf) detected in edge_logits_vl (Phase 2): 259200 of 259200 values -- sanitizing to 0.0 (neutral logit). Results derived from this run are faithful only up to this event.
16-Aug-26 04:29:53 - epoch 60: Non-finite (NaN/Inf) detected in edge_logits_vl (Phase 1): 259200 of 259200 values -- sanitizing to 0.0 (neutral logit). Results derived from this run are faithful only up to this event.
16-Aug-26 04:29:55 - epoch 60: Non-finite (NaN/Inf) detected in edge_logits_vl (Phase 2): 259200 of 259200 values -- sanitizing to 0.0 (neutral logit). Results derived from this run are faithful only up to this event.
16-Aug-26 04:29:56 - epoch 60: Non-finite (NaN/Inf) detected in edge_logits_vl (Phase 1): 259200 of 259200 values -- sanitizing to 0.0 (neutral logit). Results derived from this run are faithful only up to this event.
16-Aug-26 04:29:58 - epoch 60: Non-finite (NaN/Inf) detected in edge_logits_vl (Phase 2): 259200 of 259200 values -- sanitizing to 0.0 (neutral logit). Results derived from this run are faithful only up to this event.
16-Aug-26 04:29:59 - epoch 60: Non-finite (NaN/Inf) detected in edge_logits_vl (Phase 1): 259200 of 259200 values -- sanitizing to 0.0 (neutral logit). Results derived from this run are faithful only up to this event.
16-Aug-26 04:30:01 - epoch 60: Non-finite (NaN/Inf) detected in edge_logits_vl (Phase 2): 259200 of 259200 values -- sanitizing to 0.0 (neutral logit). Results derived from this run are faithful only up to this event.
16-Aug-26 04:30:02 - epoch 60: Non-finite (NaN/Inf) detected in edge_logits_vl (Phase 1): 259200 of 259200 values -- sanitizing to 0.0 (neutral logit). Results derived from this run are faithful only up to this event.
16-Aug-26 04:30:04 - epoch 60: Non-finite (NaN/Inf) detected in edge_logits_vl (Phase 2): 259200 of 259200 values -- sanitizing to 0.0 (neutral logit). Results derived from this run are faithful only up to this event.
16-Aug-26 04:30:05 - epoch 60: Non-finite (NaN/Inf) detected in edge_logits_vl (Phase 1): 259200 of 259200 values -- sanitizing to 0.0 (neutral logit). Results derived from this run are faithful only up to this event.
16-Aug-26 04:30:07 - epoch 60: Non-finite (NaN/Inf) detected in edge_logits_vl (Phase 2): 259200 of 259200 values -- sanitizing to 0.0 (neutral logit). Results derived from this run are faithful only up to this event.
16-Aug-26 04:30:08 - epoch 60: Non-finite (NaN/Inf) detected in edge_logits_vl (Phase 1): 259200 of 259200 values -- sanitizing to 0.0 (neutral logit). Results derived from this run are faithful only up to this event.
16-Aug-26 04:30:10 - epoch 60: Non-finite (NaN/Inf) detected in edge_logits_vl (Phase 2): 259200 of 259200 values -- sanitizing to 0.0 (neutral logit). Results derived from this run are faithful only up to this event.
16-Aug-26 04:30:11 - epoch 60: Non-finite (NaN/Inf) detected in edge_logits_vl (Phase 1): 259200 of 259200 values -- sanitizing to 0.0 (neutral logit). Results derived from this run are faithful only up to this event.
16-Aug-26 04:30:13 - epoch 60: Non-finite (NaN/Inf) detected in edge_logits_vl (Phase 2): 259200 of 259200 values -- sanitizing to 0.0 (neutral logit). Results derived from this run are faithful only up to this event.
16-Aug-26 04:30:14 - epoch 60: Non-finite (NaN/Inf) detected in edge_logits_vl (Phase 1): 259200 of 259200 values -- sanitizing to 0.0 (neutral logit). Results derived from this run are faithful only up to this event.
16-Aug-26 04:30:16 - epoch 60: Non-finite (NaN/Inf) detected in edge_logits_vl (Phase 2): 259200 of 259200 values -- sanitizing to 0.0 (neutral logit). Results derived from this run are faithful only up to this event.
16-Aug-26 04:30:17 - epoch 60: Non-finite (NaN/Inf) detected in edge_logits_vl (Phase 1): 259200 of 259200 values -- sanitizing to 0.0 (neutral logit). Results derived from this run are faithful only up to this event.
16-Aug-26 04:30:19 - epoch 60: Non-finite (NaN/Inf) detected in edge_logits_vl (Phase 2): 259200 of 259200 values -- sanitizing to 0.0 (neutral logit). Results derived from this run are faithful only up to this event.
16-Aug-26 04:30:20 - epoch 60: Non-finite (NaN/Inf) detected in edge_logits_vl (Phase 1): 259200 of 259200 values -- sanitizing to 0.0 (neutral logit). Results derived from this run are faithful only up to this event.
16-Aug-26 04:30:22 - epoch 60: Non-finite (NaN/Inf) detected in edge_logits_vl (Phase 2): 259200 of 259200 values -- sanitizing to 0.0 (neutral logit). Results derived from this run are faithful only up to this event.
16-Aug-26 04:30:23 - epoch 60: Non-finite (NaN/Inf) detected in edge_logits_vl (Phase 1): 259200 of 259200 values -- sanitizing to 0.0 (neutral logit). Results derived from this run are faithful only up to this event.
16-Aug-26 04:30:25 - epoch 60: Non-finite (NaN/Inf) detected in edge_logits_vl (Phase 2): 259200 of 259200 values -- sanitizing to 0.0 (neutral logit). Results derived from this run are faithful only up to this event.
16-Aug-26 04:30:26 - epoch 60: Non-finite (NaN/Inf) detected in edge_logits_vl (Phase 1): 259200 of 259200 values -- sanitizing to 0.0 (neutral logit). Results derived from this run are faithful only up to this event.
16-Aug-26 04:30:28 - epoch 60: Non-finite (NaN/Inf) detected in edge_logits_vl (Phase 2): 259200 of 259200 values -- sanitizing to 0.0 (neutral logit). Results derived from this run are faithful only up to this event.
16-Aug-26 04:30:29 - epoch 60: Non-finite (NaN/Inf) detected in edge_logits_vl (Phase 1): 259200 of 259200 values -- sanitizing to 0.0 (neutral logit). Results derived from this run are faithful only up to this event.
16-Aug-26 04:30:31 - epoch 60: Non-finite (NaN/Inf) detected in edge_logits_vl (Phase 2): 259200 of 259200 values -- sanitizing to 0.0 (neutral logit). Results derived from this run are faithful only up to this event.
16-Aug-26 04:30:32 - epoch 60: Non-finite (NaN/Inf) detected in edge_logits_vl (Phase 1): 259200 of 259200 values -- sanitizing to 0.0 (neutral logit). Results derived from this run are faithful only up to this event.
16-Aug-26 04:30:34 - epoch 60: Non-finite (NaN/Inf) detected in edge_logits_vl (Phase 2): 259200 of 259200 values -- sanitizing to 0.0 (neutral logit). Results derived from this run are faithful only up to this event.
16-Aug-26 04:30:35 - epoch 60: Non-finite (NaN/Inf) detected in edge_logits_vl (Phase 1): 259200 of 259200 values -- sanitizing to 0.0 (neutral logit). Results derived from this run are faithful only up to this event.
16-Aug-26 04:30:37 - epoch 60: Non-finite (NaN/Inf) detected in edge_logits_vl (Phase 2): 259200 of 259200 values -- sanitizing to 0.0 (neutral logit). Results derived from this run are faithful only up to this event.
16-Aug-26 04:30:38 - epoch 60: Non-finite (NaN/Inf) detected in edge_logits_vl (Phase 1): 259200 of 259200 values -- sanitizing to 0.0 (neutral logit). Results derived from this run are faithful only up to this event.
16-Aug-26 04:30:40 - epoch 60: Non-finite (NaN/Inf) detected in edge_logits_vl (Phase 2): 259200 of 259200 values -- sanitizing to 0.0 (neutral logit). Results derived from this run are faithful only up to this event.
16-Aug-26 04:30:41 - epoch 60: Non-finite (NaN/Inf) detected in edge_logits_vl (Phase 1): 259200 of 259200 values -- sanitizing to 0.0 (neutral logit). Results derived from this run are faithful only up to this event.
16-Aug-26 04:30:43 - epoch 60: Non-finite (NaN/Inf) detected in edge_logits_vl (Phase 2): 259200 of 259200 values -- sanitizing to 0.0 (neutral logit). Results derived from this run are faithful only up to this event.
16-Aug-26 04:30:45 - epoch 60: Non-finite (NaN/Inf) detected in edge_logits_vl (Phase 1): 259200 of 259200 values -- sanitizing to 0.0 (neutral logit). Results derived from this run are faithful only up to this event.
16-Aug-26 04:30:46 - epoch 60: Non-finite (NaN/Inf) detected in edge_logits_vl (Phase 2): 259200 of 259200 values -- sanitizing to 0.0 (neutral logit). Results derived from this run are faithful only up to this event.
16-Aug-26 04:30:48 - epoch 60: Non-finite (NaN/Inf) detected in edge_logits_vl (Phase 1): 259200 of 259200 values -- sanitizing to 0.0 (neutral logit). Results derived from this run are faithful only up to this event.
16-Aug-26 04:30:49 - epoch 60: Non-finite (NaN/Inf) detected in edge_logits_vl (Phase 2): 259200 of 259200 values -- sanitizing to 0.0 (neutral logit). Results derived from this run are faithful only up to this event.
16-Aug-26 04:30:50 - epoch 60: Non-finite (NaN/Inf) detected in edge_logits_vl (Phase 1): 259200 of 259200 values -- sanitizing to 0.0 (neutral logit). Results derived from this run are faithful only up to this event.
16-Aug-26 04:30:52 - epoch 60: Non-finite (NaN/Inf) detected in edge_logits_vl (Phase 2): 259200 of 259200 values -- sanitizing to 0.0 (neutral logit). Results derived from this run are faithful only up to this event.
16-Aug-26 04:30:54 - epoch 60: Non-finite (NaN/Inf) detected in edge_logits_vl (Phase 1): 259200 of 259200 values -- sanitizing to 0.0 (neutral logit). Results derived from this run are faithful only up to this event.
16-Aug-26 04:30:55 - epoch 60: Non-finite (NaN/Inf) detected in edge_logits_vl (Phase 2): 259200 of 259200 values -- sanitizing to 0.0 (neutral logit). Results derived from this run are faithful only up to this event.
16-Aug-26 04:30:57 - epoch 60: Non-finite (NaN/Inf) detected in edge_logits_vl (Phase 1): 259200 of 259200 values -- sanitizing to 0.0 (neutral logit). Results derived from this run are faithful only up to this event.
16-Aug-26 04:30:58 - epoch 60: Non-finite (NaN/Inf) detected in edge_logits_vl (Phase 2): 259200 of 259200 values -- sanitizing to 0.0 (neutral logit). Results derived from this run are faithful only up to this event.
16-Aug-26 04:31:00 - epoch 60: Non-finite (NaN/Inf) detected in edge_logits_vl (Phase 1): 259200 of 259200 values -- sanitizing to 0.0 (neutral logit). Results derived from this run are faithful only up to this event.
16-Aug-26 04:31:01 - epoch 60: Non-finite (NaN/Inf) detected in edge_logits_vl (Phase 2): 259200 of 259200 values -- sanitizing to 0.0 (neutral logit). Results derived from this run are faithful only up to this event.
16-Aug-26 04:31:03 - epoch 60: Non-finite (NaN/Inf) detected in edge_logits_vl (Phase 1): 259200 of 259200 values -- sanitizing to 0.0 (neutral logit). Results derived from this run are faithful only up to this event.
16-Aug-26 04:31:04 - epoch 60: Non-finite (NaN/Inf) detected in edge_logits_vl (Phase 2): 259200 of 259200 values -- sanitizing to 0.0 (neutral logit). Results derived from this run are faithful only up to this event.
16-Aug-26 04:31:06 - epoch 60: Non-finite (NaN/Inf) detected in edge_logits_vl (Phase 1): 226800 of 226800 values -- sanitizing to 0.0 (neutral logit). Results derived from this run are faithful only up to this event.
16-Aug-26 04:31:07 - epoch 60: Non-finite (NaN/Inf) detected in edge_logits_vl (Phase 2): 226800 of 226800 values -- sanitizing to 0.0 (neutral logit). Results derived from this run are faithful only up to this event.
16-Aug-26 04:31:08 - Epoch 60, Model Loss 2.242879063514486, View Loss nan, Reg 0.4999433446628778
/users/3171356m/miniconda3/envs/grastiacl/lib/python3.12/site-packages/torch_geometric/data/in_memory_dataset.py:300: UserWarning: It is not recommended to directly access the internal storage format `data` of an 'InMemoryDataset'. The data of the dataset is already cached, so any modifications to `data` will not be reflected when accessing its elements. Clearing the cache now by removing all elements in `dataset._data_list`. If you are absolutely certain what you are doing, access the internal storage via `InMemoryDataset._data` instead to suppress this warning. Alternatively, you can access stacked individual attributes of every graph via `dataset.{attr_name}`.
  warnings.warn(msg)
16-Aug-26 04:31:49 - Metric: accuracy Train_mean: 0.58581025427083 Val_mean: 0.5254901960784313 Test_mean: 0.5093913612565444
16-Aug-26 04:31:49 - Metric: accuracy Train_std: 0.024892116491976427 Val_std: 0.024664002959625113 Test_std: 0.021528230640461887
16-Aug-26 04:31:49 - Metric: f1 Train_mean: 0.5155467950695336 Val_mean: 0.47752893639207505 Test_mean: 0.43934672592993407
16-Aug-26 04:31:49 - Metric: f1 Train_std: 0.04761020825041146 Val_std: 0.014293702060775267 Test_std: 0.010287398783513254
16-Aug-26 04:31:49 - Metric: sen Train_mean: 0.46666666506300114 Val_mean: 0.45479451431788337 Test_mean: 0.4043955999516967
16-Aug-26 04:31:49 - Metric: sen Train_std: 0.05865728720283235 Val_std: 0.029252268782931412 Test_std: 0.027274007713452356
16-Aug-26 04:31:49 - Metric: spe Train_mean: 0.6938746084289951 Val_mean: 0.589999992625 Test_mean: 0.6046930632729399
16-Aug-26 04:31:49 - Metric: spe Train_std: 0.029159120753925984 Val_std: 0.06538348333581658 Test_std: 0.06268718911518527
16-Aug-26 04:31:49 - Metric: precision Train_mean: 0.5789092498608662 Val_mean: 0.5057224025974025 Test_mean: 0.48413209742787205
16-Aug-26 04:31:49 - Metric: precision Train_std: 0.030395789687829786 Val_std: 0.028993509511513086 Test_std: 0.02314808222425077
16-Aug-26 04:31:49 - epoch 61: Non-finite (NaN/Inf) detected in edge_logits_vl (Phase 1): 259200 of 259200 values -- sanitizing to 0.0 (neutral logit). Results derived from this run are faithful only up to this event.
16-Aug-26 04:31:51 - epoch 61: Non-finite (NaN/Inf) detected in edge_logits_vl (Phase 2): 259200 of 259200 values -- sanitizing to 0.0 (neutral logit). Results derived from this run are faithful only up to this event.
16-Aug-26 04:31:52 - epoch 61: Non-finite (NaN/Inf) detected in edge_logits_vl (Phase 1): 259200 of 259200 values -- sanitizing to 0.0 (neutral logit). Results derived from this run are faithful only up to this event.
16-Aug-26 04:31:53 - epoch 61: Non-finite (NaN/Inf) detected in edge_logits_vl (Phase 2): 259200 of 259200 values -- sanitizing to 0.0 (neutral logit). Results derived from this run are faithful only up to this event.
16-Aug-26 04:31:55 - epoch 61: Non-finite (NaN/Inf) detected in edge_logits_vl (Phase 1): 259200 of 259200 values -- sanitizing to 0.0 (neutral logit). Results derived from this run are faithful only up to this event.
16-Aug-26 04:31:56 - epoch 61: Non-finite (NaN/Inf) detected in edge_logits_vl (Phase 2): 259200 of 259200 values -- sanitizing to 0.0 (neutral logit). Results derived from this run are faithful only up to this event.
16-Aug-26 04:31:58 - epoch 61: Non-finite (NaN/Inf) detected in edge_logits_vl (Phase 1): 259200 of 259200 values -- sanitizing to 0.0 (neutral logit). Results derived from this run are faithful only up to this event.
16-Aug-26 04:31:59 - epoch 61: Non-finite (NaN/Inf) detected in edge_logits_vl (Phase 2): 259200 of 259200 values -- sanitizing to 0.0 (neutral logit). Results derived from this run are faithful only up to this event.
16-Aug-26 04:32:01 - epoch 61: Non-finite (NaN/Inf) detected in edge_logits_vl (Phase 1): 259200 of 259200 values -- sanitizing to 0.0 (neutral logit). Results derived from this run are faithful only up to this event.
16-Aug-26 04:32:02 - epoch 61: Non-finite (NaN/Inf) detected in edge_logits_vl (Phase 2): 259200 of 259200 values -- sanitizing to 0.0 (neutral logit). Results derived from this run are faithful only up to this event.
16-Aug-26 04:32:04 - epoch 61: Non-finite (NaN/Inf) detected in edge_logits_vl (Phase 1): 259200 of 259200 values -- sanitizing to 0.0 (neutral logit). Results derived from this run are faithful only up to this event.
16-Aug-26 04:32:05 - epoch 61: Non-finite (NaN/Inf) detected in edge_logits_vl (Phase 2): 259200 of 259200 values -- sanitizing to 0.0 (neutral logit). Results derived from this run are faithful only up to this event.
16-Aug-26 04:32:07 - epoch 61: Non-finite (NaN/Inf) detected in edge_logits_vl (Phase 1): 259200 of 259200 values -- sanitizing to 0.0 (neutral logit). Results derived from this run are faithful only up to this event.
16-Aug-26 04:32:08 - epoch 61: Non-finite (NaN/Inf) detected in edge_logits_vl (Phase 2): 259200 of 259200 values -- sanitizing to 0.0 (neutral logit). Results derived from this run are faithful only up to this event.
16-Aug-26 04:32:10 - epoch 61: Non-finite (NaN/Inf) detected in edge_logits_vl (Phase 1): 259200 of 259200 values -- sanitizing to 0.0 (neutral logit). Results derived from this run are faithful only up to this event.
16-Aug-26 04:32:11 - epoch 61: Non-finite (NaN/Inf) detected in edge_logits_vl (Phase 2): 259200 of 259200 values -- sanitizing to 0.0 (neutral logit). Results derived from this run are faithful only up to this event.
16-Aug-26 04:32:13 - epoch 61: Non-finite (NaN/Inf) detected in edge_logits_vl (Phase 1): 259200 of 259200 values -- sanitizing to 0.0 (neutral logit). Results derived from this run are faithful only up to this event.
16-Aug-26 04:32:14 - epoch 61: Non-finite (NaN/Inf) detected in edge_logits_vl (Phase 2): 259200 of 259200 values -- sanitizing to 0.0 (neutral logit). Results derived from this run are faithful only up to this event.
16-Aug-26 04:32:16 - epoch 61: Non-finite (NaN/Inf) detected in edge_logits_vl (Phase 1): 259200 of 259200 values -- sanitizing to 0.0 (neutral logit). Results derived from this run are faithful only up to this event.
16-Aug-26 04:32:17 - epoch 61: Non-finite (NaN/Inf) detected in edge_logits_vl (Phase 2): 259200 of 259200 values -- sanitizing to 0.0 (neutral logit). Results derived from this run are faithful only up to this event.
16-Aug-26 04:32:19 - epoch 61: Non-finite (NaN/Inf) detected in edge_logits_vl (Phase 1): 259200 of 259200 values -- sanitizing to 0.0 (neutral logit). Results derived from this run are faithful only up to this event.
16-Aug-26 04:32:20 - epoch 61: Non-finite (NaN/Inf) detected in edge_logits_vl (Phase 2): 259200 of 259200 values -- sanitizing to 0.0 (neutral logit). Results derived from this run are faithful only up to this event.
16-Aug-26 04:32:22 - epoch 61: Non-finite (NaN/Inf) detected in edge_logits_vl (Phase 1): 259200 of 259200 values -- sanitizing to 0.0 (neutral logit). Results derived from this run are faithful only up to this event.
16-Aug-26 04:32:23 - epoch 61: Non-finite (NaN/Inf) detected in edge_logits_vl (Phase 2): 259200 of 259200 values -- sanitizing to 0.0 (neutral logit). Results derived from this run are faithful only up to this event.
16-Aug-26 04:32:25 - epoch 61: Non-finite (NaN/Inf) detected in edge_logits_vl (Phase 1): 259200 of 259200 values -- sanitizing to 0.0 (neutral logit). Results derived from this run are faithful only up to this event.
16-Aug-26 04:32:26 - epoch 61: Non-finite (NaN/Inf) detected in edge_logits_vl (Phase 2): 259200 of 259200 values -- sanitizing to 0.0 (neutral logit). Results derived from this run are faithful only up to this event.
16-Aug-26 04:32:28 - epoch 61: Non-finite (NaN/Inf) detected in edge_logits_vl (Phase 1): 259200 of 259200 values -- sanitizing to 0.0 (neutral logit). Results derived from this run are faithful only up to this event.
16-Aug-26 04:32:29 - epoch 61: Non-finite (NaN/Inf) detected in edge_logits_vl (Phase 2): 259200 of 259200 values -- sanitizing to 0.0 (neutral logit). Results derived from this run are faithful only up to this event.
16-Aug-26 04:32:31 - epoch 61: Non-finite (NaN/Inf) detected in edge_logits_vl (Phase 1): 259200 of 259200 values -- sanitizing to 0.0 (neutral logit). Results derived from this run are faithful only up to this event.
16-Aug-26 04:32:32 - epoch 61: Non-finite (NaN/Inf) detected in edge_logits_vl (Phase 2): 259200 of 259200 values -- sanitizing to 0.0 (neutral logit). Results derived from this run are faithful only up to this event.
16-Aug-26 04:32:34 - epoch 61: Non-finite (NaN/Inf) detected in edge_logits_vl (Phase 1): 259200 of 259200 values -- sanitizing to 0.0 (neutral logit). Results derived from this run are faithful only up to this event.
16-Aug-26 04:32:35 - epoch 61: Non-finite (NaN/Inf) detected in edge_logits_vl (Phase 2): 259200 of 259200 values -- sanitizing to 0.0 (neutral logit). Results derived from this run are faithful only up to this event.
16-Aug-26 04:32:37 - epoch 61: Non-finite (NaN/Inf) detected in edge_logits_vl (Phase 1): 259200 of 259200 values -- sanitizing to 0.0 (neutral logit). Results derived from this run are faithful only up to this event.
16-Aug-26 04:32:38 - epoch 61: Non-finite (NaN/Inf) detected in edge_logits_vl (Phase 2): 259200 of 259200 values -- sanitizing to 0.0 (neutral logit). Results derived from this run are faithful only up to this event.
16-Aug-26 04:32:40 - epoch 61: Non-finite (NaN/Inf) detected in edge_logits_vl (Phase 1): 259200 of 259200 values -- sanitizing to 0.0 (neutral logit). Results derived from this run are faithful only up to this event.
16-Aug-26 04:32:41 - epoch 61: Non-finite (NaN/Inf) detected in edge_logits_vl (Phase 2): 259200 of 259200 values -- sanitizing to 0.0 (neutral logit). Results derived from this run are faithful only up to this event.
16-Aug-26 04:32:43 - epoch 61: Non-finite (NaN/Inf) detected in edge_logits_vl (Phase 1): 259200 of 259200 values -- sanitizing to 0.0 (neutral logit). Results derived from this run are faithful only up to this event.
16-Aug-26 04:32:44 - epoch 61: Non-finite (NaN/Inf) detected in edge_logits_vl (Phase 2): 259200 of 259200 values -- sanitizing to 0.0 (neutral logit). Results derived from this run are faithful only up to this event.
16-Aug-26 04:32:46 - epoch 61: Non-finite (NaN/Inf) detected in edge_logits_vl (Phase 1): 259200 of 259200 values -- sanitizing to 0.0 (neutral logit). Results derived from this run are faithful only up to this event.
16-Aug-26 04:32:47 - epoch 61: Non-finite (NaN/Inf) detected in edge_logits_vl (Phase 2): 259200 of 259200 values -- sanitizing to 0.0 (neutral logit). Results derived from this run are faithful only up to this event.
16-Aug-26 04:32:49 - epoch 61: Non-finite (NaN/Inf) detected in edge_logits_vl (Phase 1): 259200 of 259200 values -- sanitizing to 0.0 (neutral logit). Results derived from this run are faithful only up to this event.
16-Aug-26 04:32:50 - epoch 61: Non-finite (NaN/Inf) detected in edge_logits_vl (Phase 2): 259200 of 259200 values -- sanitizing to 0.0 (neutral logit). Results derived from this run are faithful only up to this event.
16-Aug-26 04:32:52 - epoch 61: Non-finite (NaN/Inf) detected in edge_logits_vl (Phase 1): 259200 of 259200 values -- sanitizing to 0.0 (neutral logit). Results derived from this run are faithful only up to this event.
16-Aug-26 04:32:53 - epoch 61: Non-finite (NaN/Inf) detected in edge_logits_vl (Phase 2): 259200 of 259200 values -- sanitizing to 0.0 (neutral logit). Results derived from this run are faithful only up to this event.
16-Aug-26 04:32:55 - epoch 61: Non-finite (NaN/Inf) detected in edge_logits_vl (Phase 1): 259200 of 259200 values -- sanitizing to 0.0 (neutral logit). Results derived from this run are faithful only up to this event.
16-Aug-26 04:32:56 - epoch 61: Non-finite (NaN/Inf) detected in edge_logits_vl (Phase 2): 259200 of 259200 values -- sanitizing to 0.0 (neutral logit). Results derived from this run are faithful only up to this event.
16-Aug-26 04:32:58 - epoch 61: Non-finite (NaN/Inf) detected in edge_logits_vl (Phase 1): 259200 of 259200 values -- sanitizing to 0.0 (neutral logit). Results derived from this run are faithful only up to this event.
16-Aug-26 04:32:59 - epoch 61: Non-finite (NaN/Inf) detected in edge_logits_vl (Phase 2): 259200 of 259200 values -- sanitizing to 0.0 (neutral logit). Results derived from this run are faithful only up to this event.
16-Aug-26 04:33:01 - epoch 61: Non-finite (NaN/Inf) detected in edge_logits_vl (Phase 1): 259200 of 259200 values -- sanitizing to 0.0 (neutral logit). Results derived from this run are faithful only up to this event.
16-Aug-26 04:33:02 - epoch 61: Non-finite (NaN/Inf) detected in edge_logits_vl (Phase 2): 259200 of 259200 values -- sanitizing to 0.0 (neutral logit). Results derived from this run are faithful only up to this event.
16-Aug-26 04:33:04 - epoch 61: Non-finite (NaN/Inf) detected in edge_logits_vl (Phase 1): 259200 of 259200 values -- sanitizing to 0.0 (neutral logit). Results derived from this run are faithful only up to this event.
16-Aug-26 04:33:05 - epoch 61: Non-finite (NaN/Inf) detected in edge_logits_vl (Phase 2): 259200 of 259200 values -- sanitizing to 0.0 (neutral logit). Results derived from this run are faithful only up to this event.
16-Aug-26 04:33:07 - epoch 61: Non-finite (NaN/Inf) detected in edge_logits_vl (Phase 1): 259200 of 259200 values -- sanitizing to 0.0 (neutral logit). Results derived from this run are faithful only up to this event.
16-Aug-26 04:33:08 - epoch 61: Non-finite (NaN/Inf) detected in edge_logits_vl (Phase 2): 259200 of 259200 values -- sanitizing to 0.0 (neutral logit). Results derived from this run are faithful only up to this event.
16-Aug-26 04:33:10 - epoch 61: Non-finite (NaN/Inf) detected in edge_logits_vl (Phase 1): 259200 of 259200 values -- sanitizing to 0.0 (neutral logit). Results derived from this run are faithful only up to this event.
16-Aug-26 04:33:12 - epoch 61: Non-finite (NaN/Inf) detected in edge_logits_vl (Phase 2): 259200 of 259200 values -- sanitizing to 0.0 (neutral logit). Results derived from this run are faithful only up to this event.
16-Aug-26 04:33:13 - epoch 61: Non-finite (NaN/Inf) detected in edge_logits_vl (Phase 1): 259200 of 259200 values -- sanitizing to 0.0 (neutral logit). Results derived from this run are faithful only up to this event.
16-Aug-26 04:33:15 - epoch 61: Non-finite (NaN/Inf) detected in edge_logits_vl (Phase 2): 259200 of 259200 values -- sanitizing to 0.0 (neutral logit). Results derived from this run are faithful only up to this event.
16-Aug-26 04:33:16 - epoch 61: Non-finite (NaN/Inf) detected in edge_logits_vl (Phase 1): 226800 of 226800 values -- sanitizing to 0.0 (neutral logit). Results derived from this run are faithful only up to this event.
16-Aug-26 04:33:17 - epoch 61: Non-finite (NaN/Inf) detected in edge_logits_vl (Phase 2): 226800 of 226800 values -- sanitizing to 0.0 (neutral logit). Results derived from this run are faithful only up to this event.
16-Aug-26 04:33:18 - Epoch 61, Model Loss 2.225446161365908, View Loss nan, Reg 0.5000344699396748
16-Aug-26 04:33:19 - epoch 62: Non-finite (NaN/Inf) detected in edge_logits_vl (Phase 1): 259200 of 259200 values -- sanitizing to 0.0 (neutral logit). Results derived from this run are faithful only up to this event.
16-Aug-26 04:33:20 - epoch 62: Non-finite (NaN/Inf) detected in edge_logits_vl (Phase 2): 259200 of 259200 values -- sanitizing to 0.0 (neutral logit). Results derived from this run are faithful only up to this event.
16-Aug-26 04:33:21 - epoch 62: Non-finite (NaN/Inf) detected in edge_logits_vl (Phase 1): 259200 of 259200 values -- sanitizing to 0.0 (neutral logit). Results derived from this run are faithful only up to this event.
16-Aug-26 04:33:23 - epoch 62: Non-finite (NaN/Inf) detected in edge_logits_vl (Phase 2): 259200 of 259200 values -- sanitizing to 0.0 (neutral logit). Results derived from this run are faithful only up to this event.
16-Aug-26 04:33:24 - epoch 62: Non-finite (NaN/Inf) detected in edge_logits_vl (Phase 1): 259200 of 259200 values -- sanitizing to 0.0 (neutral logit). Results derived from this run are faithful only up to this event.
16-Aug-26 04:33:26 - epoch 62: Non-finite (NaN/Inf) detected in edge_logits_vl (Phase 2): 259200 of 259200 values -- sanitizing to 0.0 (neutral logit). Results derived from this run are faithful only up to this event.
16-Aug-26 04:33:27 - epoch 62: Non-finite (NaN/Inf) detected in edge_logits_vl (Phase 1): 259200 of 259200 values -- sanitizing to 0.0 (neutral logit). Results derived from this run are faithful only up to this event.
16-Aug-26 04:33:29 - epoch 62: Non-finite (NaN/Inf) detected in edge_logits_vl (Phase 2): 259200 of 259200 values -- sanitizing to 0.0 (neutral logit). Results derived from this run are faithful only up to this event.
16-Aug-26 04:33:30 - epoch 62: Non-finite (NaN/Inf) detected in edge_logits_vl (Phase 1): 259200 of 259200 values -- sanitizing to 0.0 (neutral logit). Results derived from this run are faithful only up to this event.
16-Aug-26 04:33:32 - epoch 62: Non-finite (NaN/Inf) detected in edge_logits_vl (Phase 2): 259200 of 259200 values -- sanitizing to 0.0 (neutral logit). Results derived from this run are faithful only up to this event.
16-Aug-26 04:33:33 - epoch 62: Non-finite (NaN/Inf) detected in edge_logits_vl (Phase 1): 259200 of 259200 values -- sanitizing to 0.0 (neutral logit). Results derived from this run are faithful only up to this event.
16-Aug-26 04:33:35 - epoch 62: Non-finite (NaN/Inf) detected in edge_logits_vl (Phase 2): 259200 of 259200 values -- sanitizing to 0.0 (neutral logit). Results derived from this run are faithful only up to this event.
16-Aug-26 04:33:36 - epoch 62: Non-finite (NaN/Inf) detected in edge_logits_vl (Phase 1): 259200 of 259200 values -- sanitizing to 0.0 (neutral logit). Results derived from this run are faithful only up to this event.
16-Aug-26 04:33:38 - epoch 62: Non-finite (NaN/Inf) detected in edge_logits_vl (Phase 2): 259200 of 259200 values -- sanitizing to 0.0 (neutral logit). Results derived from this run are faithful only up to this event.
16-Aug-26 04:33:39 - epoch 62: Non-finite (NaN/Inf) detected in edge_logits_vl (Phase 1): 259200 of 259200 values -- sanitizing to 0.0 (neutral logit). Results derived from this run are faithful only up to this event.
16-Aug-26 04:33:41 - epoch 62: Non-finite (NaN/Inf) detected in edge_logits_vl (Phase 2): 259200 of 259200 values -- sanitizing to 0.0 (neutral logit). Results derived from this run are faithful only up to this event.
16-Aug-26 04:33:42 - epoch 62: Non-finite (NaN/Inf) detected in edge_logits_vl (Phase 1): 259200 of 259200 values -- sanitizing to 0.0 (neutral logit). Results derived from this run are faithful only up to this event.
16-Aug-26 04:33:44 - epoch 62: Non-finite (NaN/Inf) detected in edge_logits_vl (Phase 2): 259200 of 259200 values -- sanitizing to 0.0 (neutral logit). Results derived from this run are faithful only up to this event.
16-Aug-26 04:33:45 - epoch 62: Non-finite (NaN/Inf) detected in edge_logits_vl (Phase 1): 259200 of 259200 values -- sanitizing to 0.0 (neutral logit). Results derived from this run are faithful only up to this event.
16-Aug-26 04:33:47 - epoch 62: Non-finite (NaN/Inf) detected in edge_logits_vl (Phase 2): 259200 of 259200 values -- sanitizing to 0.0 (neutral logit). Results derived from this run are faithful only up to this event.
16-Aug-26 04:33:48 - epoch 62: Non-finite (NaN/Inf) detected in edge_logits_vl (Phase 1): 259200 of 259200 values -- sanitizing to 0.0 (neutral logit). Results derived from this run are faithful only up to this event.
16-Aug-26 04:33:50 - epoch 62: Non-finite (NaN/Inf) detected in edge_logits_vl (Phase 2): 259200 of 259200 values -- sanitizing to 0.0 (neutral logit). Results derived from this run are faithful only up to this event.
16-Aug-26 04:33:51 - epoch 62: Non-finite (NaN/Inf) detected in edge_logits_vl (Phase 1): 259200 of 259200 values -- sanitizing to 0.0 (neutral logit). Results derived from this run are faithful only up to this event.
16-Aug-26 04:33:53 - epoch 62: Non-finite (NaN/Inf) detected in edge_logits_vl (Phase 2): 259200 of 259200 values -- sanitizing to 0.0 (neutral logit). Results derived from this run are faithful only up to this event.
16-Aug-26 04:33:54 - epoch 62: Non-finite (NaN/Inf) detected in edge_logits_vl (Phase 1): 259200 of 259200 values -- sanitizing to 0.0 (neutral logit). Results derived from this run are faithful only up to this event.
16-Aug-26 04:33:56 - epoch 62: Non-finite (NaN/Inf) detected in edge_logits_vl (Phase 2): 259200 of 259200 values -- sanitizing to 0.0 (neutral logit). Results derived from this run are faithful only up to this event.
16-Aug-26 04:33:57 - epoch 62: Non-finite (NaN/Inf) detected in edge_logits_vl (Phase 1): 259200 of 259200 values -- sanitizing to 0.0 (neutral logit). Results derived from this run are faithful only up to this event.
16-Aug-26 04:33:59 - epoch 62: Non-finite (NaN/Inf) detected in edge_logits_vl (Phase 2): 259200 of 259200 values -- sanitizing to 0.0 (neutral logit). Results derived from this run are faithful only up to this event.
16-Aug-26 04:34:00 - epoch 62: Non-finite (NaN/Inf) detected in edge_logits_vl (Phase 1): 259200 of 259200 values -- sanitizing to 0.0 (neutral logit). Results derived from this run are faithful only up to this event.
16-Aug-26 04:34:02 - epoch 62: Non-finite (NaN/Inf) detected in edge_logits_vl (Phase 2): 259200 of 259200 values -- sanitizing to 0.0 (neutral logit). Results derived from this run are faithful only up to this event.
16-Aug-26 04:34:03 - epoch 62: Non-finite (NaN/Inf) detected in edge_logits_vl (Phase 1): 259200 of 259200 values -- sanitizing to 0.0 (neutral logit). Results derived from this run are faithful only up to this event.
16-Aug-26 04:34:05 - epoch 62: Non-finite (NaN/Inf) detected in edge_logits_vl (Phase 2): 259200 of 259200 values -- sanitizing to 0.0 (neutral logit). Results derived from this run are faithful only up to this event.
16-Aug-26 04:34:06 - epoch 62: Non-finite (NaN/Inf) detected in edge_logits_vl (Phase 1): 259200 of 259200 values -- sanitizing to 0.0 (neutral logit). Results derived from this run are faithful only up to this event.
16-Aug-26 04:34:08 - epoch 62: Non-finite (NaN/Inf) detected in edge_logits_vl (Phase 2): 259200 of 259200 values -- sanitizing to 0.0 (neutral logit). Results derived from this run are faithful only up to this event.
16-Aug-26 04:34:09 - epoch 62: Non-finite (NaN/Inf) detected in edge_logits_vl (Phase 1): 259200 of 259200 values -- sanitizing to 0.0 (neutral logit). Results derived from this run are faithful only up to this event.
16-Aug-26 04:34:11 - epoch 62: Non-finite (NaN/Inf) detected in edge_logits_vl (Phase 2): 259200 of 259200 values -- sanitizing to 0.0 (neutral logit). Results derived from this run are faithful only up to this event.
16-Aug-26 04:34:12 - epoch 62: Non-finite (NaN/Inf) detected in edge_logits_vl (Phase 1): 259200 of 259200 values -- sanitizing to 0.0 (neutral logit). Results derived from this run are faithful only up to this event.
16-Aug-26 04:34:14 - epoch 62: Non-finite (NaN/Inf) detected in edge_logits_vl (Phase 2): 259200 of 259200 values -- sanitizing to 0.0 (neutral logit). Results derived from this run are faithful only up to this event.
16-Aug-26 04:34:15 - epoch 62: Non-finite (NaN/Inf) detected in edge_logits_vl (Phase 1): 259200 of 259200 values -- sanitizing to 0.0 (neutral logit). Results derived from this run are faithful only up to this event.
16-Aug-26 04:34:17 - epoch 62: Non-finite (NaN/Inf) detected in edge_logits_vl (Phase 2): 259200 of 259200 values -- sanitizing to 0.0 (neutral logit). Results derived from this run are faithful only up to this event.
16-Aug-26 04:34:18 - epoch 62: Non-finite (NaN/Inf) detected in edge_logits_vl (Phase 1): 259200 of 259200 values -- sanitizing to 0.0 (neutral logit). Results derived from this run are faithful only up to this event.
16-Aug-26 04:34:20 - epoch 62: Non-finite (NaN/Inf) detected in edge_logits_vl (Phase 2): 259200 of 259200 values -- sanitizing to 0.0 (neutral logit). Results derived from this run are faithful only up to this event.
16-Aug-26 04:34:21 - epoch 62: Non-finite (NaN/Inf) detected in edge_logits_vl (Phase 1): 259200 of 259200 values -- sanitizing to 0.0 (neutral logit). Results derived from this run are faithful only up to this event.
16-Aug-26 04:34:23 - epoch 62: Non-finite (NaN/Inf) detected in edge_logits_vl (Phase 2): 259200 of 259200 values -- sanitizing to 0.0 (neutral logit). Results derived from this run are faithful only up to this event.
16-Aug-26 04:34:24 - epoch 62: Non-finite (NaN/Inf) detected in edge_logits_vl (Phase 1): 259200 of 259200 values -- sanitizing to 0.0 (neutral logit). Results derived from this run are faithful only up to this event.
16-Aug-26 04:34:26 - epoch 62: Non-finite (NaN/Inf) detected in edge_logits_vl (Phase 2): 259200 of 259200 values -- sanitizing to 0.0 (neutral logit). Results derived from this run are faithful only up to this event.
16-Aug-26 04:34:27 - epoch 62: Non-finite (NaN/Inf) detected in edge_logits_vl (Phase 1): 259200 of 259200 values -- sanitizing to 0.0 (neutral logit). Results derived from this run are faithful only up to this event.
16-Aug-26 04:34:29 - epoch 62: Non-finite (NaN/Inf) detected in edge_logits_vl (Phase 2): 259200 of 259200 values -- sanitizing to 0.0 (neutral logit). Results derived from this run are faithful only up to this event.
16-Aug-26 04:34:30 - epoch 62: Non-finite (NaN/Inf) detected in edge_logits_vl (Phase 1): 259200 of 259200 values -- sanitizing to 0.0 (neutral logit). Results derived from this run are faithful only up to this event.
16-Aug-26 04:34:32 - epoch 62: Non-finite (NaN/Inf) detected in edge_logits_vl (Phase 2): 259200 of 259200 values -- sanitizing to 0.0 (neutral logit). Results derived from this run are faithful only up to this event.
16-Aug-26 04:34:34 - epoch 62: Non-finite (NaN/Inf) detected in edge_logits_vl (Phase 1): 259200 of 259200 values -- sanitizing to 0.0 (neutral logit). Results derived from this run are faithful only up to this event.
16-Aug-26 04:34:35 - epoch 62: Non-finite (NaN/Inf) detected in edge_logits_vl (Phase 2): 259200 of 259200 values -- sanitizing to 0.0 (neutral logit). Results derived from this run are faithful only up to this event.
16-Aug-26 04:34:37 - epoch 62: Non-finite (NaN/Inf) detected in edge_logits_vl (Phase 1): 259200 of 259200 values -- sanitizing to 0.0 (neutral logit). Results derived from this run are faithful only up to this event.
16-Aug-26 04:34:38 - epoch 62: Non-finite (NaN/Inf) detected in edge_logits_vl (Phase 2): 259200 of 259200 values -- sanitizing to 0.0 (neutral logit). Results derived from this run are faithful only up to this event.
16-Aug-26 04:34:40 - epoch 62: Non-finite (NaN/Inf) detected in edge_logits_vl (Phase 1): 259200 of 259200 values -- sanitizing to 0.0 (neutral logit). Results derived from this run are faithful only up to this event.
16-Aug-26 04:34:41 - epoch 62: Non-finite (NaN/Inf) detected in edge_logits_vl (Phase 2): 259200 of 259200 values -- sanitizing to 0.0 (neutral logit). Results derived from this run are faithful only up to this event.
16-Aug-26 04:34:43 - epoch 62: Non-finite (NaN/Inf) detected in edge_logits_vl (Phase 1): 259200 of 259200 values -- sanitizing to 0.0 (neutral logit). Results derived from this run are faithful only up to this event.
16-Aug-26 04:34:44 - epoch 62: Non-finite (NaN/Inf) detected in edge_logits_vl (Phase 2): 259200 of 259200 values -- sanitizing to 0.0 (neutral logit). Results derived from this run are faithful only up to this event.
16-Aug-26 04:34:45 - epoch 62: Non-finite (NaN/Inf) detected in edge_logits_vl (Phase 1): 226800 of 226800 values -- sanitizing to 0.0 (neutral logit). Results derived from this run are faithful only up to this event.
16-Aug-26 04:34:47 - epoch 62: Non-finite (NaN/Inf) detected in edge_logits_vl (Phase 2): 226800 of 226800 values -- sanitizing to 0.0 (neutral logit). Results derived from this run are faithful only up to this event.
16-Aug-26 04:34:48 - Epoch 62, Model Loss 2.2068911117489867, View Loss nan, Reg 0.4998028174853225
16-Aug-26 04:34:48 - epoch 63: Non-finite (NaN/Inf) detected in edge_logits_vl (Phase 1): 259200 of 259200 values -- sanitizing to 0.0 (neutral logit). Results derived from this run are faithful only up to this event.
16-Aug-26 04:34:50 - epoch 63: Non-finite (NaN/Inf) detected in edge_logits_vl (Phase 2): 259200 of 259200 values -- sanitizing to 0.0 (neutral logit). Results derived from this run are faithful only up to this event.
16-Aug-26 04:34:51 - epoch 63: Non-finite (NaN/Inf) detected in edge_logits_vl (Phase 1): 259200 of 259200 values -- sanitizing to 0.0 (neutral logit). Results derived from this run are faithful only up to this event.
16-Aug-26 04:34:52 - epoch 63: Non-finite (NaN/Inf) detected in edge_logits_vl (Phase 2): 259200 of 259200 values -- sanitizing to 0.0 (neutral logit). Results derived from this run are faithful only up to this event.
16-Aug-26 04:34:54 - epoch 63: Non-finite (NaN/Inf) detected in edge_logits_vl (Phase 1): 259200 of 259200 values -- sanitizing to 0.0 (neutral logit). Results derived from this run are faithful only up to this event.
16-Aug-26 04:34:55 - epoch 63: Non-finite (NaN/Inf) detected in edge_logits_vl (Phase 2): 259200 of 259200 values -- sanitizing to 0.0 (neutral logit). Results derived from this run are faithful only up to this event.
16-Aug-26 04:34:57 - epoch 63: Non-finite (NaN/Inf) detected in edge_logits_vl (Phase 1): 259200 of 259200 values -- sanitizing to 0.0 (neutral logit). Results derived from this run are faithful only up to this event.
16-Aug-26 04:34:58 - epoch 63: Non-finite (NaN/Inf) detected in edge_logits_vl (Phase 2): 259200 of 259200 values -- sanitizing to 0.0 (neutral logit). Results derived from this run are faithful only up to this event.
16-Aug-26 04:35:00 - epoch 63: Non-finite (NaN/Inf) detected in edge_logits_vl (Phase 1): 259200 of 259200 values -- sanitizing to 0.0 (neutral logit). Results derived from this run are faithful only up to this event.
16-Aug-26 04:35:01 - epoch 63: Non-finite (NaN/Inf) detected in edge_logits_vl (Phase 2): 259200 of 259200 values -- sanitizing to 0.0 (neutral logit). Results derived from this run are faithful only up to this event.
16-Aug-26 04:35:03 - epoch 63: Non-finite (NaN/Inf) detected in edge_logits_vl (Phase 1): 259200 of 259200 values -- sanitizing to 0.0 (neutral logit). Results derived from this run are faithful only up to this event.
16-Aug-26 04:35:04 - epoch 63: Non-finite (NaN/Inf) detected in edge_logits_vl (Phase 2): 259200 of 259200 values -- sanitizing to 0.0 (neutral logit). Results derived from this run are faithful only up to this event.
16-Aug-26 04:35:06 - epoch 63: Non-finite (NaN/Inf) detected in edge_logits_vl (Phase 1): 259200 of 259200 values -- sanitizing to 0.0 (neutral logit). Results derived from this run are faithful only up to this event.
16-Aug-26 04:35:07 - epoch 63: Non-finite (NaN/Inf) detected in edge_logits_vl (Phase 2): 259200 of 259200 values -- sanitizing to 0.0 (neutral logit). Results derived from this run are faithful only up to this event.
16-Aug-26 04:35:09 - epoch 63: Non-finite (NaN/Inf) detected in edge_logits_vl (Phase 1): 259200 of 259200 values -- sanitizing to 0.0 (neutral logit). Results derived from this run are faithful only up to this event.
16-Aug-26 04:35:10 - epoch 63: Non-finite (NaN/Inf) detected in edge_logits_vl (Phase 2): 259200 of 259200 values -- sanitizing to 0.0 (neutral logit). Results derived from this run are faithful only up to this event.
16-Aug-26 04:35:12 - epoch 63: Non-finite (NaN/Inf) detected in edge_logits_vl (Phase 1): 259200 of 259200 values -- sanitizing to 0.0 (neutral logit). Results derived from this run are faithful only up to this event.
16-Aug-26 04:35:13 - epoch 63: Non-finite (NaN/Inf) detected in edge_logits_vl (Phase 2): 259200 of 259200 values -- sanitizing to 0.0 (neutral logit). Results derived from this run are faithful only up to this event.
16-Aug-26 04:35:15 - epoch 63: Non-finite (NaN/Inf) detected in edge_logits_vl (Phase 1): 259200 of 259200 values -- sanitizing to 0.0 (neutral logit). Results derived from this run are faithful only up to this event.
16-Aug-26 04:35:16 - epoch 63: Non-finite (NaN/Inf) detected in edge_logits_vl (Phase 2): 259200 of 259200 values -- sanitizing to 0.0 (neutral logit). Results derived from this run are faithful only up to this event.
16-Aug-26 04:35:18 - epoch 63: Non-finite (NaN/Inf) detected in edge_logits_vl (Phase 1): 259200 of 259200 values -- sanitizing to 0.0 (neutral logit). Results derived from this run are faithful only up to this event.
16-Aug-26 04:35:19 - epoch 63: Non-finite (NaN/Inf) detected in edge_logits_vl (Phase 2): 259200 of 259200 values -- sanitizing to 0.0 (neutral logit). Results derived from this run are faithful only up to this event.
16-Aug-26 04:35:21 - epoch 63: Non-finite (NaN/Inf) detected in edge_logits_vl (Phase 1): 259200 of 259200 values -- sanitizing to 0.0 (neutral logit). Results derived from this run are faithful only up to this event.
16-Aug-26 04:35:22 - epoch 63: Non-finite (NaN/Inf) detected in edge_logits_vl (Phase 2): 259200 of 259200 values -- sanitizing to 0.0 (neutral logit). Results derived from this run are faithful only up to this event.
16-Aug-26 04:35:24 - epoch 63: Non-finite (NaN/Inf) detected in edge_logits_vl (Phase 1): 259200 of 259200 values -- sanitizing to 0.0 (neutral logit). Results derived from this run are faithful only up to this event.
16-Aug-26 04:35:25 - epoch 63: Non-finite (NaN/Inf) detected in edge_logits_vl (Phase 2): 259200 of 259200 values -- sanitizing to 0.0 (neutral logit). Results derived from this run are faithful only up to this event.
16-Aug-26 04:35:27 - epoch 63: Non-finite (NaN/Inf) detected in edge_logits_vl (Phase 1): 259200 of 259200 values -- sanitizing to 0.0 (neutral logit). Results derived from this run are faithful only up to this event.
16-Aug-26 04:35:28 - epoch 63: Non-finite (NaN/Inf) detected in edge_logits_vl (Phase 2): 259200 of 259200 values -- sanitizing to 0.0 (neutral logit). Results derived from this run are faithful only up to this event.
16-Aug-26 04:35:30 - epoch 63: Non-finite (NaN/Inf) detected in edge_logits_vl (Phase 1): 259200 of 259200 values -- sanitizing to 0.0 (neutral logit). Results derived from this run are faithful only up to this event.
16-Aug-26 04:35:31 - epoch 63: Non-finite (NaN/Inf) detected in edge_logits_vl (Phase 2): 259200 of 259200 values -- sanitizing to 0.0 (neutral logit). Results derived from this run are faithful only up to this event.
16-Aug-26 04:35:33 - epoch 63: Non-finite (NaN/Inf) detected in edge_logits_vl (Phase 1): 259200 of 259200 values -- sanitizing to 0.0 (neutral logit). Results derived from this run are faithful only up to this event.
16-Aug-26 04:35:34 - epoch 63: Non-finite (NaN/Inf) detected in edge_logits_vl (Phase 2): 259200 of 259200 values -- sanitizing to 0.0 (neutral logit). Results derived from this run are faithful only up to this event.
16-Aug-26 04:35:36 - epoch 63: Non-finite (NaN/Inf) detected in edge_logits_vl (Phase 1): 259200 of 259200 values -- sanitizing to 0.0 (neutral logit). Results derived from this run are faithful only up to this event.
16-Aug-26 04:35:37 - epoch 63: Non-finite (NaN/Inf) detected in edge_logits_vl (Phase 2): 259200 of 259200 values -- sanitizing to 0.0 (neutral logit). Results derived from this run are faithful only up to this event.
16-Aug-26 04:35:39 - epoch 63: Non-finite (NaN/Inf) detected in edge_logits_vl (Phase 1): 259200 of 259200 values -- sanitizing to 0.0 (neutral logit). Results derived from this run are faithful only up to this event.
16-Aug-26 04:35:40 - epoch 63: Non-finite (NaN/Inf) detected in edge_logits_vl (Phase 2): 259200 of 259200 values -- sanitizing to 0.0 (neutral logit). Results derived from this run are faithful only up to this event.
16-Aug-26 04:35:42 - epoch 63: Non-finite (NaN/Inf) detected in edge_logits_vl (Phase 1): 259200 of 259200 values -- sanitizing to 0.0 (neutral logit). Results derived from this run are faithful only up to this event.
16-Aug-26 04:35:43 - epoch 63: Non-finite (NaN/Inf) detected in edge_logits_vl (Phase 2): 259200 of 259200 values -- sanitizing to 0.0 (neutral logit). Results derived from this run are faithful only up to this event.
16-Aug-26 04:35:45 - epoch 63: Non-finite (NaN/Inf) detected in edge_logits_vl (Phase 1): 259200 of 259200 values -- sanitizing to 0.0 (neutral logit). Results derived from this run are faithful only up to this event.
16-Aug-26 04:35:46 - epoch 63: Non-finite (NaN/Inf) detected in edge_logits_vl (Phase 2): 259200 of 259200 values -- sanitizing to 0.0 (neutral logit). Results derived from this run are faithful only up to this event.
16-Aug-26 04:35:48 - epoch 63: Non-finite (NaN/Inf) detected in edge_logits_vl (Phase 1): 259200 of 259200 values -- sanitizing to 0.0 (neutral logit). Results derived from this run are faithful only up to this event.
16-Aug-26 04:35:49 - epoch 63: Non-finite (NaN/Inf) detected in edge_logits_vl (Phase 2): 259200 of 259200 values -- sanitizing to 0.0 (neutral logit). Results derived from this run are faithful only up to this event.
16-Aug-26 04:35:51 - epoch 63: Non-finite (NaN/Inf) detected in edge_logits_vl (Phase 1): 259200 of 259200 values -- sanitizing to 0.0 (neutral logit). Results derived from this run are faithful only up to this event.
16-Aug-26 04:35:52 - epoch 63: Non-finite (NaN/Inf) detected in edge_logits_vl (Phase 2): 259200 of 259200 values -- sanitizing to 0.0 (neutral logit). Results derived from this run are faithful only up to this event.
16-Aug-26 04:35:54 - epoch 63: Non-finite (NaN/Inf) detected in edge_logits_vl (Phase 1): 259200 of 259200 values -- sanitizing to 0.0 (neutral logit). Results derived from this run are faithful only up to this event.
16-Aug-26 04:35:55 - epoch 63: Non-finite (NaN/Inf) detected in edge_logits_vl (Phase 2): 259200 of 259200 values -- sanitizing to 0.0 (neutral logit). Results derived from this run are faithful only up to this event.
16-Aug-26 04:35:57 - epoch 63: Non-finite (NaN/Inf) detected in edge_logits_vl (Phase 1): 259200 of 259200 values -- sanitizing to 0.0 (neutral logit). Results derived from this run are faithful only up to this event.
16-Aug-26 04:35:58 - epoch 63: Non-finite (NaN/Inf) detected in edge_logits_vl (Phase 2): 259200 of 259200 values -- sanitizing to 0.0 (neutral logit). Results derived from this run are faithful only up to this event.
16-Aug-26 04:36:00 - epoch 63: Non-finite (NaN/Inf) detected in edge_logits_vl (Phase 1): 259200 of 259200 values -- sanitizing to 0.0 (neutral logit). Results derived from this run are faithful only up to this event.
16-Aug-26 04:36:01 - epoch 63: Non-finite (NaN/Inf) detected in edge_logits_vl (Phase 2): 259200 of 259200 values -- sanitizing to 0.0 (neutral logit). Results derived from this run are faithful only up to this event.
16-Aug-26 04:36:03 - epoch 63: Non-finite (NaN/Inf) detected in edge_logits_vl (Phase 1): 259200 of 259200 values -- sanitizing to 0.0 (neutral logit). Results derived from this run are faithful only up to this event.
16-Aug-26 04:36:04 - epoch 63: Non-finite (NaN/Inf) detected in edge_logits_vl (Phase 2): 259200 of 259200 values -- sanitizing to 0.0 (neutral logit). Results derived from this run are faithful only up to this event.
16-Aug-26 04:36:06 - epoch 63: Non-finite (NaN/Inf) detected in edge_logits_vl (Phase 1): 259200 of 259200 values -- sanitizing to 0.0 (neutral logit). Results derived from this run are faithful only up to this event.
16-Aug-26 04:36:07 - epoch 63: Non-finite (NaN/Inf) detected in edge_logits_vl (Phase 2): 259200 of 259200 values -- sanitizing to 0.0 (neutral logit). Results derived from this run are faithful only up to this event.
16-Aug-26 04:36:09 - epoch 63: Non-finite (NaN/Inf) detected in edge_logits_vl (Phase 1): 259200 of 259200 values -- sanitizing to 0.0 (neutral logit). Results derived from this run are faithful only up to this event.
16-Aug-26 04:36:11 - epoch 63: Non-finite (NaN/Inf) detected in edge_logits_vl (Phase 2): 259200 of 259200 values -- sanitizing to 0.0 (neutral logit). Results derived from this run are faithful only up to this event.
16-Aug-26 04:36:12 - epoch 63: Non-finite (NaN/Inf) detected in edge_logits_vl (Phase 1): 259200 of 259200 values -- sanitizing to 0.0 (neutral logit). Results derived from this run are faithful only up to this event.
16-Aug-26 04:36:14 - epoch 63: Non-finite (NaN/Inf) detected in edge_logits_vl (Phase 2): 259200 of 259200 values -- sanitizing to 0.0 (neutral logit). Results derived from this run are faithful only up to this event.
16-Aug-26 04:36:15 - epoch 63: Non-finite (NaN/Inf) detected in edge_logits_vl (Phase 1): 226800 of 226800 values -- sanitizing to 0.0 (neutral logit). Results derived from this run are faithful only up to this event.
16-Aug-26 04:36:16 - epoch 63: Non-finite (NaN/Inf) detected in edge_logits_vl (Phase 2): 226800 of 226800 values -- sanitizing to 0.0 (neutral logit). Results derived from this run are faithful only up to this event.
16-Aug-26 04:36:17 - Epoch 63, Model Loss 2.17856554356579, View Loss nan, Reg 0.4998665499387925
16-Aug-26 04:36:18 - epoch 64: Non-finite (NaN/Inf) detected in edge_logits_vl (Phase 1): 259200 of 259200 values -- sanitizing to 0.0 (neutral logit). Results derived from this run are faithful only up to this event.
16-Aug-26 04:36:19 - epoch 64: Non-finite (NaN/Inf) detected in edge_logits_vl (Phase 2): 259200 of 259200 values -- sanitizing to 0.0 (neutral logit). Results derived from this run are faithful only up to this event.
16-Aug-26 04:36:21 - epoch 64: Non-finite (NaN/Inf) detected in edge_logits_vl (Phase 1): 259200 of 259200 values -- sanitizing to 0.0 (neutral logit). Results derived from this run are faithful only up to this event.
16-Aug-26 04:36:22 - epoch 64: Non-finite (NaN/Inf) detected in edge_logits_vl (Phase 2): 259200 of 259200 values -- sanitizing to 0.0 (neutral logit). Results derived from this run are faithful only up to this event.
16-Aug-26 04:36:23 - epoch 64: Non-finite (NaN/Inf) detected in edge_logits_vl (Phase 1): 259200 of 259200 values -- sanitizing to 0.0 (neutral logit). Results derived from this run are faithful only up to this event.
16-Aug-26 04:36:25 - epoch 64: Non-finite (NaN/Inf) detected in edge_logits_vl (Phase 2): 259200 of 259200 values -- sanitizing to 0.0 (neutral logit). Results derived from this run are faithful only up to this event.
16-Aug-26 04:36:26 - epoch 64: Non-finite (NaN/Inf) detected in edge_logits_vl (Phase 1): 259200 of 259200 values -- sanitizing to 0.0 (neutral logit). Results derived from this run are faithful only up to this event.
16-Aug-26 04:36:28 - epoch 64: Non-finite (NaN/Inf) detected in edge_logits_vl (Phase 2): 259200 of 259200 values -- sanitizing to 0.0 (neutral logit). Results derived from this run are faithful only up to this event.
16-Aug-26 04:36:29 - epoch 64: Non-finite (NaN/Inf) detected in edge_logits_vl (Phase 1): 259200 of 259200 values -- sanitizing to 0.0 (neutral logit). Results derived from this run are faithful only up to this event.
16-Aug-26 04:36:31 - epoch 64: Non-finite (NaN/Inf) detected in edge_logits_vl (Phase 2): 259200 of 259200 values -- sanitizing to 0.0 (neutral logit). Results derived from this run are faithful only up to this event.
16-Aug-26 04:36:32 - epoch 64: Non-finite (NaN/Inf) detected in edge_logits_vl (Phase 1): 259200 of 259200 values -- sanitizing to 0.0 (neutral logit). Results derived from this run are faithful only up to this event.
16-Aug-26 04:36:34 - epoch 64: Non-finite (NaN/Inf) detected in edge_logits_vl (Phase 2): 259200 of 259200 values -- sanitizing to 0.0 (neutral logit). Results derived from this run are faithful only up to this event.
16-Aug-26 04:36:35 - epoch 64: Non-finite (NaN/Inf) detected in edge_logits_vl (Phase 1): 259200 of 259200 values -- sanitizing to 0.0 (neutral logit). Results derived from this run are faithful only up to this event.
16-Aug-26 04:36:37 - epoch 64: Non-finite (NaN/Inf) detected in edge_logits_vl (Phase 2): 259200 of 259200 values -- sanitizing to 0.0 (neutral logit). Results derived from this run are faithful only up to this event.
16-Aug-26 04:36:38 - epoch 64: Non-finite (NaN/Inf) detected in edge_logits_vl (Phase 1): 259200 of 259200 values -- sanitizing to 0.0 (neutral logit). Results derived from this run are faithful only up to this event.
16-Aug-26 04:36:40 - epoch 64: Non-finite (NaN/Inf) detected in edge_logits_vl (Phase 2): 259200 of 259200 values -- sanitizing to 0.0 (neutral logit). Results derived from this run are faithful only up to this event.
16-Aug-26 04:36:41 - epoch 64: Non-finite (NaN/Inf) detected in edge_logits_vl (Phase 1): 259200 of 259200 values -- sanitizing to 0.0 (neutral logit). Results derived from this run are faithful only up to this event.
16-Aug-26 04:36:43 - epoch 64: Non-finite (NaN/Inf) detected in edge_logits_vl (Phase 2): 259200 of 259200 values -- sanitizing to 0.0 (neutral logit). Results derived from this run are faithful only up to this event.
16-Aug-26 04:36:44 - epoch 64: Non-finite (NaN/Inf) detected in edge_logits_vl (Phase 1): 259200 of 259200 values -- sanitizing to 0.0 (neutral logit). Results derived from this run are faithful only up to this event.
16-Aug-26 04:36:46 - epoch 64: Non-finite (NaN/Inf) detected in edge_logits_vl (Phase 2): 259200 of 259200 values -- sanitizing to 0.0 (neutral logit). Results derived from this run are faithful only up to this event.
16-Aug-26 04:36:47 - epoch 64: Non-finite (NaN/Inf) detected in edge_logits_vl (Phase 1): 259200 of 259200 values -- sanitizing to 0.0 (neutral logit). Results derived from this run are faithful only up to this event.
16-Aug-26 04:36:49 - epoch 64: Non-finite (NaN/Inf) detected in edge_logits_vl (Phase 2): 259200 of 259200 values -- sanitizing to 0.0 (neutral logit). Results derived from this run are faithful only up to this event.
16-Aug-26 04:36:52 - epoch 64: Non-finite (NaN/Inf) detected in edge_logits_vl (Phase 1): 259200 of 259200 values -- sanitizing to 0.0 (neutral logit). Results derived from this run are faithful only up to this event.
16-Aug-26 04:36:55 - epoch 64: Non-finite (NaN/Inf) detected in edge_logits_vl (Phase 2): 259200 of 259200 values -- sanitizing to 0.0 (neutral logit). Results derived from this run are faithful only up to this event.
16-Aug-26 04:36:58 - epoch 64: Non-finite (NaN/Inf) detected in edge_logits_vl (Phase 1): 259200 of 259200 values -- sanitizing to 0.0 (neutral logit). Results derived from this run are faithful only up to this event.
16-Aug-26 04:37:01 - epoch 64: Non-finite (NaN/Inf) detected in edge_logits_vl (Phase 2): 259200 of 259200 values -- sanitizing to 0.0 (neutral logit). Results derived from this run are faithful only up to this event.
16-Aug-26 04:37:02 - epoch 64: Non-finite (NaN/Inf) detected in edge_logits_vl (Phase 1): 259200 of 259200 values -- sanitizing to 0.0 (neutral logit). Results derived from this run are faithful only up to this event.
16-Aug-26 04:37:04 - epoch 64: Non-finite (NaN/Inf) detected in edge_logits_vl (Phase 2): 259200 of 259200 values -- sanitizing to 0.0 (neutral logit). Results derived from this run are faithful only up to this event.
16-Aug-26 04:37:05 - epoch 64: Non-finite (NaN/Inf) detected in edge_logits_vl (Phase 1): 259200 of 259200 values -- sanitizing to 0.0 (neutral logit). Results derived from this run are faithful only up to this event.
16-Aug-26 04:37:07 - epoch 64: Non-finite (NaN/Inf) detected in edge_logits_vl (Phase 2): 259200 of 259200 values -- sanitizing to 0.0 (neutral logit). Results derived from this run are faithful only up to this event.
16-Aug-26 04:37:08 - epoch 64: Non-finite (NaN/Inf) detected in edge_logits_vl (Phase 1): 259200 of 259200 values -- sanitizing to 0.0 (neutral logit). Results derived from this run are faithful only up to this event.
16-Aug-26 04:37:10 - epoch 64: Non-finite (NaN/Inf) detected in edge_logits_vl (Phase 2): 259200 of 259200 values -- sanitizing to 0.0 (neutral logit). Results derived from this run are faithful only up to this event.
16-Aug-26 04:37:11 - epoch 64: Non-finite (NaN/Inf) detected in edge_logits_vl (Phase 1): 259200 of 259200 values -- sanitizing to 0.0 (neutral logit). Results derived from this run are faithful only up to this event.
16-Aug-26 04:37:13 - epoch 64: Non-finite (NaN/Inf) detected in edge_logits_vl (Phase 2): 259200 of 259200 values -- sanitizing to 0.0 (neutral logit). Results derived from this run are faithful only up to this event.
16-Aug-26 04:37:14 - epoch 64: Non-finite (NaN/Inf) detected in edge_logits_vl (Phase 1): 259200 of 259200 values -- sanitizing to 0.0 (neutral logit). Results derived from this run are faithful only up to this event.
16-Aug-26 04:37:16 - epoch 64: Non-finite (NaN/Inf) detected in edge_logits_vl (Phase 2): 259200 of 259200 values -- sanitizing to 0.0 (neutral logit). Results derived from this run are faithful only up to this event.
16-Aug-26 04:37:17 - epoch 64: Non-finite (NaN/Inf) detected in edge_logits_vl (Phase 1): 259200 of 259200 values -- sanitizing to 0.0 (neutral logit). Results derived from this run are faithful only up to this event.
16-Aug-26 04:37:19 - epoch 64: Non-finite (NaN/Inf) detected in edge_logits_vl (Phase 2): 259200 of 259200 values -- sanitizing to 0.0 (neutral logit). Results derived from this run are faithful only up to this event.
16-Aug-26 04:37:20 - epoch 64: Non-finite (NaN/Inf) detected in edge_logits_vl (Phase 1): 259200 of 259200 values -- sanitizing to 0.0 (neutral logit). Results derived from this run are faithful only up to this event.
16-Aug-26 04:37:22 - epoch 64: Non-finite (NaN/Inf) detected in edge_logits_vl (Phase 2): 259200 of 259200 values -- sanitizing to 0.0 (neutral logit). Results derived from this run are faithful only up to this event.
16-Aug-26 04:37:23 - epoch 64: Non-finite (NaN/Inf) detected in edge_logits_vl (Phase 1): 259200 of 259200 values -- sanitizing to 0.0 (neutral logit). Results derived from this run are faithful only up to this event.
16-Aug-26 04:37:25 - epoch 64: Non-finite (NaN/Inf) detected in edge_logits_vl (Phase 2): 259200 of 259200 values -- sanitizing to 0.0 (neutral logit). Results derived from this run are faithful only up to this event.
16-Aug-26 04:37:26 - epoch 64: Non-finite (NaN/Inf) detected in edge_logits_vl (Phase 1): 259200 of 259200 values -- sanitizing to 0.0 (neutral logit). Results derived from this run are faithful only up to this event.
16-Aug-26 04:37:28 - epoch 64: Non-finite (NaN/Inf) detected in edge_logits_vl (Phase 2): 259200 of 259200 values -- sanitizing to 0.0 (neutral logit). Results derived from this run are faithful only up to this event.
16-Aug-26 04:37:29 - epoch 64: Non-finite (NaN/Inf) detected in edge_logits_vl (Phase 1): 259200 of 259200 values -- sanitizing to 0.0 (neutral logit). Results derived from this run are faithful only up to this event.
16-Aug-26 04:37:31 - epoch 64: Non-finite (NaN/Inf) detected in edge_logits_vl (Phase 2): 259200 of 259200 values -- sanitizing to 0.0 (neutral logit). Results derived from this run are faithful only up to this event.
16-Aug-26 04:37:32 - epoch 64: Non-finite (NaN/Inf) detected in edge_logits_vl (Phase 1): 259200 of 259200 values -- sanitizing to 0.0 (neutral logit). Results derived from this run are faithful only up to this event.
16-Aug-26 04:37:34 - epoch 64: Non-finite (NaN/Inf) detected in edge_logits_vl (Phase 2): 259200 of 259200 values -- sanitizing to 0.0 (neutral logit). Results derived from this run are faithful only up to this event.
16-Aug-26 04:37:35 - epoch 64: Non-finite (NaN/Inf) detected in edge_logits_vl (Phase 1): 259200 of 259200 values -- sanitizing to 0.0 (neutral logit). Results derived from this run are faithful only up to this event.
16-Aug-26 04:37:37 - epoch 64: Non-finite (NaN/Inf) detected in edge_logits_vl (Phase 2): 259200 of 259200 values -- sanitizing to 0.0 (neutral logit). Results derived from this run are faithful only up to this event.
16-Aug-26 04:37:38 - epoch 64: Non-finite (NaN/Inf) detected in edge_logits_vl (Phase 1): 259200 of 259200 values -- sanitizing to 0.0 (neutral logit). Results derived from this run are faithful only up to this event.
16-Aug-26 04:37:40 - epoch 64: Non-finite (NaN/Inf) detected in edge_logits_vl (Phase 2): 259200 of 259200 values -- sanitizing to 0.0 (neutral logit). Results derived from this run are faithful only up to this event.
16-Aug-26 04:37:41 - epoch 64: Non-finite (NaN/Inf) detected in edge_logits_vl (Phase 1): 259200 of 259200 values -- sanitizing to 0.0 (neutral logit). Results derived from this run are faithful only up to this event.
16-Aug-26 04:37:43 - epoch 64: Non-finite (NaN/Inf) detected in edge_logits_vl (Phase 2): 259200 of 259200 values -- sanitizing to 0.0 (neutral logit). Results derived from this run are faithful only up to this event.
16-Aug-26 04:37:44 - epoch 64: Non-finite (NaN/Inf) detected in edge_logits_vl (Phase 1): 259200 of 259200 values -- sanitizing to 0.0 (neutral logit). Results derived from this run are faithful only up to this event.
16-Aug-26 04:37:46 - epoch 64: Non-finite (NaN/Inf) detected in edge_logits_vl (Phase 2): 259200 of 259200 values -- sanitizing to 0.0 (neutral logit). Results derived from this run are faithful only up to this event.
16-Aug-26 04:37:48 - epoch 64: Non-finite (NaN/Inf) detected in edge_logits_vl (Phase 1): 259200 of 259200 values -- sanitizing to 0.0 (neutral logit). Results derived from this run are faithful only up to this event.
16-Aug-26 04:37:49 - epoch 64: Non-finite (NaN/Inf) detected in edge_logits_vl (Phase 2): 259200 of 259200 values -- sanitizing to 0.0 (neutral logit). Results derived from this run are faithful only up to this event.
16-Aug-26 04:37:50 - epoch 64: Non-finite (NaN/Inf) detected in edge_logits_vl (Phase 1): 226800 of 226800 values -- sanitizing to 0.0 (neutral logit). Results derived from this run are faithful only up to this event.
16-Aug-26 04:37:52 - epoch 64: Non-finite (NaN/Inf) detected in edge_logits_vl (Phase 2): 226800 of 226800 values -- sanitizing to 0.0 (neutral logit). Results derived from this run are faithful only up to this event.
16-Aug-26 04:37:53 - Epoch 64, Model Loss 2.1548943659251703, View Loss nan, Reg 0.5000136051966056
16-Aug-26 04:37:53 - epoch 65: Non-finite (NaN/Inf) detected in edge_logits_vl (Phase 1): 259200 of 259200 values -- sanitizing to 0.0 (neutral logit). Results derived from this run are faithful only up to this event.
16-Aug-26 04:37:55 - epoch 65: Non-finite (NaN/Inf) detected in edge_logits_vl (Phase 2): 259200 of 259200 values -- sanitizing to 0.0 (neutral logit). Results derived from this run are faithful only up to this event.
16-Aug-26 04:37:56 - epoch 65: Non-finite (NaN/Inf) detected in edge_logits_vl (Phase 1): 259200 of 259200 values -- sanitizing to 0.0 (neutral logit). Results derived from this run are faithful only up to this event.
16-Aug-26 04:37:57 - epoch 65: Non-finite (NaN/Inf) detected in edge_logits_vl (Phase 2): 259200 of 259200 values -- sanitizing to 0.0 (neutral logit). Results derived from this run are faithful only up to this event.
16-Aug-26 04:37:59 - epoch 65: Non-finite (NaN/Inf) detected in edge_logits_vl (Phase 1): 259200 of 259200 values -- sanitizing to 0.0 (neutral logit). Results derived from this run are faithful only up to this event.
16-Aug-26 04:38:00 - epoch 65: Non-finite (NaN/Inf) detected in edge_logits_vl (Phase 2): 259200 of 259200 values -- sanitizing to 0.0 (neutral logit). Results derived from this run are faithful only up to this event.
16-Aug-26 04:38:02 - epoch 65: Non-finite (NaN/Inf) detected in edge_logits_vl (Phase 1): 259200 of 259200 values -- sanitizing to 0.0 (neutral logit). Results derived from this run are faithful only up to this event.
16-Aug-26 04:38:03 - epoch 65: Non-finite (NaN/Inf) detected in edge_logits_vl (Phase 2): 259200 of 259200 values -- sanitizing to 0.0 (neutral logit). Results derived from this run are faithful only up to this event.
16-Aug-26 04:38:05 - epoch 65: Non-finite (NaN/Inf) detected in edge_logits_vl (Phase 1): 259200 of 259200 values -- sanitizing to 0.0 (neutral logit). Results derived from this run are faithful only up to this event.
16-Aug-26 04:38:06 - epoch 65: Non-finite (NaN/Inf) detected in edge_logits_vl (Phase 2): 259200 of 259200 values -- sanitizing to 0.0 (neutral logit). Results derived from this run are faithful only up to this event.
16-Aug-26 04:38:08 - epoch 65: Non-finite (NaN/Inf) detected in edge_logits_vl (Phase 1): 259200 of 259200 values -- sanitizing to 0.0 (neutral logit). Results derived from this run are faithful only up to this event.
16-Aug-26 04:38:09 - epoch 65: Non-finite (NaN/Inf) detected in edge_logits_vl (Phase 2): 259200 of 259200 values -- sanitizing to 0.0 (neutral logit). Results derived from this run are faithful only up to this event.
16-Aug-26 04:38:11 - epoch 65: Non-finite (NaN/Inf) detected in edge_logits_vl (Phase 1): 259200 of 259200 values -- sanitizing to 0.0 (neutral logit). Results derived from this run are faithful only up to this event.
16-Aug-26 04:38:12 - epoch 65: Non-finite (NaN/Inf) detected in edge_logits_vl (Phase 2): 259200 of 259200 values -- sanitizing to 0.0 (neutral logit). Results derived from this run are faithful only up to this event.
16-Aug-26 04:38:14 - epoch 65: Non-finite (NaN/Inf) detected in edge_logits_vl (Phase 1): 259200 of 259200 values -- sanitizing to 0.0 (neutral logit). Results derived from this run are faithful only up to this event.
16-Aug-26 04:38:15 - epoch 65: Non-finite (NaN/Inf) detected in edge_logits_vl (Phase 2): 259200 of 259200 values -- sanitizing to 0.0 (neutral logit). Results derived from this run are faithful only up to this event.
16-Aug-26 04:38:17 - epoch 65: Non-finite (NaN/Inf) detected in edge_logits_vl (Phase 1): 259200 of 259200 values -- sanitizing to 0.0 (neutral logit). Results derived from this run are faithful only up to this event.
16-Aug-26 04:38:18 - epoch 65: Non-finite (NaN/Inf) detected in edge_logits_vl (Phase 2): 259200 of 259200 values -- sanitizing to 0.0 (neutral logit). Results derived from this run are faithful only up to this event.
16-Aug-26 04:38:20 - epoch 65: Non-finite (NaN/Inf) detected in edge_logits_vl (Phase 1): 259200 of 259200 values -- sanitizing to 0.0 (neutral logit). Results derived from this run are faithful only up to this event.
16-Aug-26 04:38:21 - epoch 65: Non-finite (NaN/Inf) detected in edge_logits_vl (Phase 2): 259200 of 259200 values -- sanitizing to 0.0 (neutral logit). Results derived from this run are faithful only up to this event.
16-Aug-26 04:38:23 - epoch 65: Non-finite (NaN/Inf) detected in edge_logits_vl (Phase 1): 259200 of 259200 values -- sanitizing to 0.0 (neutral logit). Results derived from this run are faithful only up to this event.
16-Aug-26 04:38:24 - epoch 65: Non-finite (NaN/Inf) detected in edge_logits_vl (Phase 2): 259200 of 259200 values -- sanitizing to 0.0 (neutral logit). Results derived from this run are faithful only up to this event.
16-Aug-26 04:38:26 - epoch 65: Non-finite (NaN/Inf) detected in edge_logits_vl (Phase 1): 259200 of 259200 values -- sanitizing to 0.0 (neutral logit). Results derived from this run are faithful only up to this event.
16-Aug-26 04:38:27 - epoch 65: Non-finite (NaN/Inf) detected in edge_logits_vl (Phase 2): 259200 of 259200 values -- sanitizing to 0.0 (neutral logit). Results derived from this run are faithful only up to this event.
16-Aug-26 04:38:29 - epoch 65: Non-finite (NaN/Inf) detected in edge_logits_vl (Phase 1): 259200 of 259200 values -- sanitizing to 0.0 (neutral logit). Results derived from this run are faithful only up to this event.
16-Aug-26 04:38:30 - epoch 65: Non-finite (NaN/Inf) detected in edge_logits_vl (Phase 2): 259200 of 259200 values -- sanitizing to 0.0 (neutral logit). Results derived from this run are faithful only up to this event.
16-Aug-26 04:38:32 - epoch 65: Non-finite (NaN/Inf) detected in edge_logits_vl (Phase 1): 259200 of 259200 values -- sanitizing to 0.0 (neutral logit). Results derived from this run are faithful only up to this event.
16-Aug-26 04:38:33 - epoch 65: Non-finite (NaN/Inf) detected in edge_logits_vl (Phase 2): 259200 of 259200 values -- sanitizing to 0.0 (neutral logit). Results derived from this run are faithful only up to this event.
16-Aug-26 04:38:35 - epoch 65: Non-finite (NaN/Inf) detected in edge_logits_vl (Phase 1): 259200 of 259200 values -- sanitizing to 0.0 (neutral logit). Results derived from this run are faithful only up to this event.
16-Aug-26 04:38:36 - epoch 65: Non-finite (NaN/Inf) detected in edge_logits_vl (Phase 2): 259200 of 259200 values -- sanitizing to 0.0 (neutral logit). Results derived from this run are faithful only up to this event.
16-Aug-26 04:38:38 - epoch 65: Non-finite (NaN/Inf) detected in edge_logits_vl (Phase 1): 259200 of 259200 values -- sanitizing to 0.0 (neutral logit). Results derived from this run are faithful only up to this event.
16-Aug-26 04:38:39 - epoch 65: Non-finite (NaN/Inf) detected in edge_logits_vl (Phase 2): 259200 of 259200 values -- sanitizing to 0.0 (neutral logit). Results derived from this run are faithful only up to this event.
16-Aug-26 04:38:41 - epoch 65: Non-finite (NaN/Inf) detected in edge_logits_vl (Phase 1): 259200 of 259200 values -- sanitizing to 0.0 (neutral logit). Results derived from this run are faithful only up to this event.
16-Aug-26 04:38:42 - epoch 65: Non-finite (NaN/Inf) detected in edge_logits_vl (Phase 2): 259200 of 259200 values -- sanitizing to 0.0 (neutral logit). Results derived from this run are faithful only up to this event.
16-Aug-26 04:38:44 - epoch 65: Non-finite (NaN/Inf) detected in edge_logits_vl (Phase 1): 259200 of 259200 values -- sanitizing to 0.0 (neutral logit). Results derived from this run are faithful only up to this event.
16-Aug-26 04:38:45 - epoch 65: Non-finite (NaN/Inf) detected in edge_logits_vl (Phase 2): 259200 of 259200 values -- sanitizing to 0.0 (neutral logit). Results derived from this run are faithful only up to this event.
16-Aug-26 04:38:47 - epoch 65: Non-finite (NaN/Inf) detected in edge_logits_vl (Phase 1): 259200 of 259200 values -- sanitizing to 0.0 (neutral logit). Results derived from this run are faithful only up to this event.
16-Aug-26 04:38:48 - epoch 65: Non-finite (NaN/Inf) detected in edge_logits_vl (Phase 2): 259200 of 259200 values -- sanitizing to 0.0 (neutral logit). Results derived from this run are faithful only up to this event.
16-Aug-26 04:38:50 - epoch 65: Non-finite (NaN/Inf) detected in edge_logits_vl (Phase 1): 259200 of 259200 values -- sanitizing to 0.0 (neutral logit). Results derived from this run are faithful only up to this event.
16-Aug-26 04:38:51 - epoch 65: Non-finite (NaN/Inf) detected in edge_logits_vl (Phase 2): 259200 of 259200 values -- sanitizing to 0.0 (neutral logit). Results derived from this run are faithful only up to this event.
16-Aug-26 04:38:53 - epoch 65: Non-finite (NaN/Inf) detected in edge_logits_vl (Phase 1): 259200 of 259200 values -- sanitizing to 0.0 (neutral logit). Results derived from this run are faithful only up to this event.
16-Aug-26 04:38:54 - epoch 65: Non-finite (NaN/Inf) detected in edge_logits_vl (Phase 2): 259200 of 259200 values -- sanitizing to 0.0 (neutral logit). Results derived from this run are faithful only up to this event.
16-Aug-26 04:38:56 - epoch 65: Non-finite (NaN/Inf) detected in edge_logits_vl (Phase 1): 259200 of 259200 values -- sanitizing to 0.0 (neutral logit). Results derived from this run are faithful only up to this event.
16-Aug-26 04:38:57 - epoch 65: Non-finite (NaN/Inf) detected in edge_logits_vl (Phase 2): 259200 of 259200 values -- sanitizing to 0.0 (neutral logit). Results derived from this run are faithful only up to this event.
16-Aug-26 04:38:59 - epoch 65: Non-finite (NaN/Inf) detected in edge_logits_vl (Phase 1): 259200 of 259200 values -- sanitizing to 0.0 (neutral logit). Results derived from this run are faithful only up to this event.
16-Aug-26 04:39:00 - epoch 65: Non-finite (NaN/Inf) detected in edge_logits_vl (Phase 2): 259200 of 259200 values -- sanitizing to 0.0 (neutral logit). Results derived from this run are faithful only up to this event.
16-Aug-26 04:39:02 - epoch 65: Non-finite (NaN/Inf) detected in edge_logits_vl (Phase 1): 259200 of 259200 values -- sanitizing to 0.0 (neutral logit). Results derived from this run are faithful only up to this event.
16-Aug-26 04:39:03 - epoch 65: Non-finite (NaN/Inf) detected in edge_logits_vl (Phase 2): 259200 of 259200 values -- sanitizing to 0.0 (neutral logit). Results derived from this run are faithful only up to this event.
16-Aug-26 04:39:05 - epoch 65: Non-finite (NaN/Inf) detected in edge_logits_vl (Phase 1): 259200 of 259200 values -- sanitizing to 0.0 (neutral logit). Results derived from this run are faithful only up to this event.
16-Aug-26 04:39:06 - epoch 65: Non-finite (NaN/Inf) detected in edge_logits_vl (Phase 2): 259200 of 259200 values -- sanitizing to 0.0 (neutral logit). Results derived from this run are faithful only up to this event.
16-Aug-26 04:39:08 - epoch 65: Non-finite (NaN/Inf) detected in edge_logits_vl (Phase 1): 259200 of 259200 values -- sanitizing to 0.0 (neutral logit). Results derived from this run are faithful only up to this event.
16-Aug-26 04:39:09 - epoch 65: Non-finite (NaN/Inf) detected in edge_logits_vl (Phase 2): 259200 of 259200 values -- sanitizing to 0.0 (neutral logit). Results derived from this run are faithful only up to this event.
16-Aug-26 04:39:11 - epoch 65: Non-finite (NaN/Inf) detected in edge_logits_vl (Phase 1): 259200 of 259200 values -- sanitizing to 0.0 (neutral logit). Results derived from this run are faithful only up to this event.
16-Aug-26 04:39:12 - epoch 65: Non-finite (NaN/Inf) detected in edge_logits_vl (Phase 2): 259200 of 259200 values -- sanitizing to 0.0 (neutral logit). Results derived from this run are faithful only up to this event.
16-Aug-26 04:39:14 - epoch 65: Non-finite (NaN/Inf) detected in edge_logits_vl (Phase 1): 259200 of 259200 values -- sanitizing to 0.0 (neutral logit). Results derived from this run are faithful only up to this event.
16-Aug-26 04:39:15 - epoch 65: Non-finite (NaN/Inf) detected in edge_logits_vl (Phase 2): 259200 of 259200 values -- sanitizing to 0.0 (neutral logit). Results derived from this run are faithful only up to this event.
16-Aug-26 04:39:17 - epoch 65: Non-finite (NaN/Inf) detected in edge_logits_vl (Phase 1): 259200 of 259200 values -- sanitizing to 0.0 (neutral logit). Results derived from this run are faithful only up to this event.
16-Aug-26 04:39:19 - epoch 65: Non-finite (NaN/Inf) detected in edge_logits_vl (Phase 2): 259200 of 259200 values -- sanitizing to 0.0 (neutral logit). Results derived from this run are faithful only up to this event.
16-Aug-26 04:39:20 - epoch 65: Non-finite (NaN/Inf) detected in edge_logits_vl (Phase 1): 226800 of 226800 values -- sanitizing to 0.0 (neutral logit). Results derived from this run are faithful only up to this event.
16-Aug-26 04:39:21 - epoch 65: Non-finite (NaN/Inf) detected in edge_logits_vl (Phase 2): 226800 of 226800 values -- sanitizing to 0.0 (neutral logit). Results derived from this run are faithful only up to this event.
16-Aug-26 04:39:22 - Epoch 65, Model Loss 2.1696738548358616, View Loss nan, Reg 0.5001019845447779
/users/3171356m/miniconda3/envs/grastiacl/lib/python3.12/site-packages/torch_geometric/data/in_memory_dataset.py:300: UserWarning: It is not recommended to directly access the internal storage format `data` of an 'InMemoryDataset'. The data of the dataset is already cached, so any modifications to `data` will not be reflected when accessing its elements. Clearing the cache now by removing all elements in `dataset._data_list`. If you are absolutely certain what you are doing, access the internal storage via `InMemoryDataset._data` instead to suppress this warning. Alternatively, you can access stacked individual attributes of every graph via `dataset.{attr_name}`.
  warnings.warn(msg)
16-Aug-26 04:40:03 - Metric: accuracy Train_mean: 0.5871227923793632 Val_mean: 0.5215686274509803 Test_mean: 0.549160122164049
16-Aug-26 04:40:03 - Metric: accuracy Train_std: 0.018812903771757806 Val_std: 0.013330769970177219 Test_std: 0.03953761353326833
16-Aug-26 04:40:03 - Metric: f1 Train_mean: 0.5305838012508105 Val_mean: 0.477893379237693 Test_mean: 0.5014059214442848
16-Aug-26 04:40:03 - Metric: f1 Train_std: 0.051954186805233886 Val_std: 0.051480671380333264 Test_std: 0.033481744348036885
16-Aug-26 04:40:03 - Metric: sen Train_mean: 0.49690721478726035 Val_mean: 0.4657534182773504 Test_mean: 0.4769230716821641
16-Aug-26 04:40:03 - Metric: sen Train_std: 0.07571375563765946 Val_std: 0.07893074023869087 Test_std: 0.046414751318393656
16-Aug-26 04:40:03 - Metric: spe Train_mean: 0.6689622253290033 Val_mean: 0.5724999928437502 Test_mean: 0.6148514790113715
16-Aug-26 04:40:03 - Metric: spe Train_std: 0.04192542738547964 Val_std: 0.0604152291127825 Test_std: 0.08480547900932253
16-Aug-26 04:40:03 - Metric: precision Train_mean: 0.5753190253833094 Val_mean: 0.49714498971348287 Test_mean: 0.534260468392527
16-Aug-26 04:40:03 - Metric: precision Train_std: 0.01705534242555143 Val_std: 0.015387901695153647 Test_std: 0.048689655593698714
16-Aug-26 04:40:04 - epoch 66: Non-finite (NaN/Inf) detected in edge_logits_vl (Phase 1): 259200 of 259200 values -- sanitizing to 0.0 (neutral logit). Results derived from this run are faithful only up to this event.
16-Aug-26 04:40:05 - epoch 66: Non-finite (NaN/Inf) detected in edge_logits_vl (Phase 2): 259200 of 259200 values -- sanitizing to 0.0 (neutral logit). Results derived from this run are faithful only up to this event.
16-Aug-26 04:40:06 - epoch 66: Non-finite (NaN/Inf) detected in edge_logits_vl (Phase 1): 259200 of 259200 values -- sanitizing to 0.0 (neutral logit). Results derived from this run are faithful only up to this event.
16-Aug-26 04:40:08 - epoch 66: Non-finite (NaN/Inf) detected in edge_logits_vl (Phase 2): 259200 of 259200 values -- sanitizing to 0.0 (neutral logit). Results derived from this run are faithful only up to this event.
16-Aug-26 04:40:09 - epoch 66: Non-finite (NaN/Inf) detected in edge_logits_vl (Phase 1): 259200 of 259200 values -- sanitizing to 0.0 (neutral logit). Results derived from this run are faithful only up to this event.
16-Aug-26 04:40:11 - epoch 66: Non-finite (NaN/Inf) detected in edge_logits_vl (Phase 2): 259200 of 259200 values -- sanitizing to 0.0 (neutral logit). Results derived from this run are faithful only up to this event.
16-Aug-26 04:40:12 - epoch 66: Non-finite (NaN/Inf) detected in edge_logits_vl (Phase 1): 259200 of 259200 values -- sanitizing to 0.0 (neutral logit). Results derived from this run are faithful only up to this event.
16-Aug-26 04:40:14 - epoch 66: Non-finite (NaN/Inf) detected in edge_logits_vl (Phase 2): 259200 of 259200 values -- sanitizing to 0.0 (neutral logit). Results derived from this run are faithful only up to this event.
16-Aug-26 04:40:15 - epoch 66: Non-finite (NaN/Inf) detected in edge_logits_vl (Phase 1): 259200 of 259200 values -- sanitizing to 0.0 (neutral logit). Results derived from this run are faithful only up to this event.
16-Aug-26 04:40:17 - epoch 66: Non-finite (NaN/Inf) detected in edge_logits_vl (Phase 2): 259200 of 259200 values -- sanitizing to 0.0 (neutral logit). Results derived from this run are faithful only up to this event.
16-Aug-26 04:40:18 - epoch 66: Non-finite (NaN/Inf) detected in edge_logits_vl (Phase 1): 259200 of 259200 values -- sanitizing to 0.0 (neutral logit). Results derived from this run are faithful only up to this event.
16-Aug-26 04:40:20 - epoch 66: Non-finite (NaN/Inf) detected in edge_logits_vl (Phase 2): 259200 of 259200 values -- sanitizing to 0.0 (neutral logit). Results derived from this run are faithful only up to this event.
16-Aug-26 04:40:21 - epoch 66: Non-finite (NaN/Inf) detected in edge_logits_vl (Phase 1): 259200 of 259200 values -- sanitizing to 0.0 (neutral logit). Results derived from this run are faithful only up to this event.
16-Aug-26 04:40:23 - epoch 66: Non-finite (NaN/Inf) detected in edge_logits_vl (Phase 2): 259200 of 259200 values -- sanitizing to 0.0 (neutral logit). Results derived from this run are faithful only up to this event.
16-Aug-26 04:40:24 - epoch 66: Non-finite (NaN/Inf) detected in edge_logits_vl (Phase 1): 259200 of 259200 values -- sanitizing to 0.0 (neutral logit). Results derived from this run are faithful only up to this event.
16-Aug-26 04:40:25 - epoch 66: Non-finite (NaN/Inf) detected in edge_logits_vl (Phase 2): 259200 of 259200 values -- sanitizing to 0.0 (neutral logit). Results derived from this run are faithful only up to this event.
16-Aug-26 04:40:27 - epoch 66: Non-finite (NaN/Inf) detected in edge_logits_vl (Phase 1): 259200 of 259200 values -- sanitizing to 0.0 (neutral logit). Results derived from this run are faithful only up to this event.
16-Aug-26 04:40:29 - epoch 66: Non-finite (NaN/Inf) detected in edge_logits_vl (Phase 2): 259200 of 259200 values -- sanitizing to 0.0 (neutral logit). Results derived from this run are faithful only up to this event.
16-Aug-26 04:40:30 - epoch 66: Non-finite (NaN/Inf) detected in edge_logits_vl (Phase 1): 259200 of 259200 values -- sanitizing to 0.0 (neutral logit). Results derived from this run are faithful only up to this event.
16-Aug-26 04:40:32 - epoch 66: Non-finite (NaN/Inf) detected in edge_logits_vl (Phase 2): 259200 of 259200 values -- sanitizing to 0.0 (neutral logit). Results derived from this run are faithful only up to this event.
16-Aug-26 04:40:33 - epoch 66: Non-finite (NaN/Inf) detected in edge_logits_vl (Phase 1): 259200 of 259200 values -- sanitizing to 0.0 (neutral logit). Results derived from this run are faithful only up to this event.
16-Aug-26 04:40:34 - epoch 66: Non-finite (NaN/Inf) detected in edge_logits_vl (Phase 2): 259200 of 259200 values -- sanitizing to 0.0 (neutral logit). Results derived from this run are faithful only up to this event.
16-Aug-26 04:40:36 - epoch 66: Non-finite (NaN/Inf) detected in edge_logits_vl (Phase 1): 259200 of 259200 values -- sanitizing to 0.0 (neutral logit). Results derived from this run are faithful only up to this event.
16-Aug-26 04:40:38 - epoch 66: Non-finite (NaN/Inf) detected in edge_logits_vl (Phase 2): 259200 of 259200 values -- sanitizing to 0.0 (neutral logit). Results derived from this run are faithful only up to this event.
16-Aug-26 04:40:39 - epoch 66: Non-finite (NaN/Inf) detected in edge_logits_vl (Phase 1): 259200 of 259200 values -- sanitizing to 0.0 (neutral logit). Results derived from this run are faithful only up to this event.
16-Aug-26 04:40:41 - epoch 66: Non-finite (NaN/Inf) detected in edge_logits_vl (Phase 2): 259200 of 259200 values -- sanitizing to 0.0 (neutral logit). Results derived from this run are faithful only up to this event.
16-Aug-26 04:40:42 - epoch 66: Non-finite (NaN/Inf) detected in edge_logits_vl (Phase 1): 259200 of 259200 values -- sanitizing to 0.0 (neutral logit). Results derived from this run are faithful only up to this event.
16-Aug-26 04:40:44 - epoch 66: Non-finite (NaN/Inf) detected in edge_logits_vl (Phase 2): 259200 of 259200 values -- sanitizing to 0.0 (neutral logit). Results derived from this run are faithful only up to this event.
16-Aug-26 04:40:45 - epoch 66: Non-finite (NaN/Inf) detected in edge_logits_vl (Phase 1): 259200 of 259200 values -- sanitizing to 0.0 (neutral logit). Results derived from this run are faithful only up to this event.
16-Aug-26 04:40:47 - epoch 66: Non-finite (NaN/Inf) detected in edge_logits_vl (Phase 2): 259200 of 259200 values -- sanitizing to 0.0 (neutral logit). Results derived from this run are faithful only up to this event.
16-Aug-26 04:40:48 - epoch 66: Non-finite (NaN/Inf) detected in edge_logits_vl (Phase 1): 259200 of 259200 values -- sanitizing to 0.0 (neutral logit). Results derived from this run are faithful only up to this event.
16-Aug-26 04:40:50 - epoch 66: Non-finite (NaN/Inf) detected in edge_logits_vl (Phase 2): 259200 of 259200 values -- sanitizing to 0.0 (neutral logit). Results derived from this run are faithful only up to this event.
16-Aug-26 04:40:51 - epoch 66: Non-finite (NaN/Inf) detected in edge_logits_vl (Phase 1): 259200 of 259200 values -- sanitizing to 0.0 (neutral logit). Results derived from this run are faithful only up to this event.
16-Aug-26 04:40:53 - epoch 66: Non-finite (NaN/Inf) detected in edge_logits_vl (Phase 2): 259200 of 259200 values -- sanitizing to 0.0 (neutral logit). Results derived from this run are faithful only up to this event.
16-Aug-26 04:40:54 - epoch 66: Non-finite (NaN/Inf) detected in edge_logits_vl (Phase 1): 259200 of 259200 values -- sanitizing to 0.0 (neutral logit). Results derived from this run are faithful only up to this event.
16-Aug-26 04:40:56 - epoch 66: Non-finite (NaN/Inf) detected in edge_logits_vl (Phase 2): 259200 of 259200 values -- sanitizing to 0.0 (neutral logit). Results derived from this run are faithful only up to this event.
16-Aug-26 04:40:57 - epoch 66: Non-finite (NaN/Inf) detected in edge_logits_vl (Phase 1): 259200 of 259200 values -- sanitizing to 0.0 (neutral logit). Results derived from this run are faithful only up to this event.
16-Aug-26 04:40:59 - epoch 66: Non-finite (NaN/Inf) detected in edge_logits_vl (Phase 2): 259200 of 259200 values -- sanitizing to 0.0 (neutral logit). Results derived from this run are faithful only up to this event.
16-Aug-26 04:41:00 - epoch 66: Non-finite (NaN/Inf) detected in edge_logits_vl (Phase 1): 259200 of 259200 values -- sanitizing to 0.0 (neutral logit). Results derived from this run are faithful only up to this event.
16-Aug-26 04:41:02 - epoch 66: Non-finite (NaN/Inf) detected in edge_logits_vl (Phase 2): 259200 of 259200 values -- sanitizing to 0.0 (neutral logit). Results derived from this run are faithful only up to this event.
16-Aug-26 04:41:03 - epoch 66: Non-finite (NaN/Inf) detected in edge_logits_vl (Phase 1): 259200 of 259200 values -- sanitizing to 0.0 (neutral logit). Results derived from this run are faithful only up to this event.
16-Aug-26 04:41:05 - epoch 66: Non-finite (NaN/Inf) detected in edge_logits_vl (Phase 2): 259200 of 259200 values -- sanitizing to 0.0 (neutral logit). Results derived from this run are faithful only up to this event.
16-Aug-26 04:41:06 - epoch 66: Non-finite (NaN/Inf) detected in edge_logits_vl (Phase 1): 259200 of 259200 values -- sanitizing to 0.0 (neutral logit). Results derived from this run are faithful only up to this event.
16-Aug-26 04:41:08 - epoch 66: Non-finite (NaN/Inf) detected in edge_logits_vl (Phase 2): 259200 of 259200 values -- sanitizing to 0.0 (neutral logit). Results derived from this run are faithful only up to this event.
16-Aug-26 04:41:09 - epoch 66: Non-finite (NaN/Inf) detected in edge_logits_vl (Phase 1): 259200 of 259200 values -- sanitizing to 0.0 (neutral logit). Results derived from this run are faithful only up to this event.
16-Aug-26 04:41:11 - epoch 66: Non-finite (NaN/Inf) detected in edge_logits_vl (Phase 2): 259200 of 259200 values -- sanitizing to 0.0 (neutral logit). Results derived from this run are faithful only up to this event.
16-Aug-26 04:41:12 - epoch 66: Non-finite (NaN/Inf) detected in edge_logits_vl (Phase 1): 259200 of 259200 values -- sanitizing to 0.0 (neutral logit). Results derived from this run are faithful only up to this event.
16-Aug-26 04:41:14 - epoch 66: Non-finite (NaN/Inf) detected in edge_logits_vl (Phase 2): 259200 of 259200 values -- sanitizing to 0.0 (neutral logit). Results derived from this run are faithful only up to this event.
16-Aug-26 04:41:15 - epoch 66: Non-finite (NaN/Inf) detected in edge_logits_vl (Phase 1): 259200 of 259200 values -- sanitizing to 0.0 (neutral logit). Results derived from this run are faithful only up to this event.
16-Aug-26 04:41:17 - epoch 66: Non-finite (NaN/Inf) detected in edge_logits_vl (Phase 2): 259200 of 259200 values -- sanitizing to 0.0 (neutral logit). Results derived from this run are faithful only up to this event.
16-Aug-26 04:41:18 - epoch 66: Non-finite (NaN/Inf) detected in edge_logits_vl (Phase 1): 259200 of 259200 values -- sanitizing to 0.0 (neutral logit). Results derived from this run are faithful only up to this event.
16-Aug-26 04:41:20 - epoch 66: Non-finite (NaN/Inf) detected in edge_logits_vl (Phase 2): 259200 of 259200 values -- sanitizing to 0.0 (neutral logit). Results derived from this run are faithful only up to this event.
16-Aug-26 04:41:21 - epoch 66: Non-finite (NaN/Inf) detected in edge_logits_vl (Phase 1): 259200 of 259200 values -- sanitizing to 0.0 (neutral logit). Results derived from this run are faithful only up to this event.
16-Aug-26 04:41:23 - epoch 66: Non-finite (NaN/Inf) detected in edge_logits_vl (Phase 2): 259200 of 259200 values -- sanitizing to 0.0 (neutral logit). Results derived from this run are faithful only up to this event.
16-Aug-26 04:41:24 - epoch 66: Non-finite (NaN/Inf) detected in edge_logits_vl (Phase 1): 259200 of 259200 values -- sanitizing to 0.0 (neutral logit). Results derived from this run are faithful only up to this event.
16-Aug-26 04:41:26 - epoch 66: Non-finite (NaN/Inf) detected in edge_logits_vl (Phase 2): 259200 of 259200 values -- sanitizing to 0.0 (neutral logit). Results derived from this run are faithful only up to this event.
16-Aug-26 04:41:28 - epoch 66: Non-finite (NaN/Inf) detected in edge_logits_vl (Phase 1): 259200 of 259200 values -- sanitizing to 0.0 (neutral logit). Results derived from this run are faithful only up to this event.
16-Aug-26 04:41:29 - epoch 66: Non-finite (NaN/Inf) detected in edge_logits_vl (Phase 2): 259200 of 259200 values -- sanitizing to 0.0 (neutral logit). Results derived from this run are faithful only up to this event.
16-Aug-26 04:41:31 - epoch 66: Non-finite (NaN/Inf) detected in edge_logits_vl (Phase 1): 226800 of 226800 values -- sanitizing to 0.0 (neutral logit). Results derived from this run are faithful only up to this event.
16-Aug-26 04:41:32 - epoch 66: Non-finite (NaN/Inf) detected in edge_logits_vl (Phase 2): 226800 of 226800 values -- sanitizing to 0.0 (neutral logit). Results derived from this run are faithful only up to this event.
16-Aug-26 04:41:33 - Epoch 66, Model Loss 2.1536504005288477, View Loss nan, Reg 0.49986523265120375
16-Aug-26 04:41:33 - epoch 67: Non-finite (NaN/Inf) detected in edge_logits_vl (Phase 1): 259200 of 259200 values -- sanitizing to 0.0 (neutral logit). Results derived from this run are faithful only up to this event.
16-Aug-26 04:41:35 - epoch 67: Non-finite (NaN/Inf) detected in edge_logits_vl (Phase 2): 259200 of 259200 values -- sanitizing to 0.0 (neutral logit). Results derived from this run are faithful only up to this event.
16-Aug-26 04:41:36 - epoch 67: Non-finite (NaN/Inf) detected in edge_logits_vl (Phase 1): 259200 of 259200 values -- sanitizing to 0.0 (neutral logit). Results derived from this run are faithful only up to this event.
16-Aug-26 04:41:37 - epoch 67: Non-finite (NaN/Inf) detected in edge_logits_vl (Phase 2): 259200 of 259200 values -- sanitizing to 0.0 (neutral logit). Results derived from this run are faithful only up to this event.
16-Aug-26 04:41:39 - epoch 67: Non-finite (NaN/Inf) detected in edge_logits_vl (Phase 1): 259200 of 259200 values -- sanitizing to 0.0 (neutral logit). Results derived from this run are faithful only up to this event.
16-Aug-26 04:41:40 - epoch 67: Non-finite (NaN/Inf) detected in edge_logits_vl (Phase 2): 259200 of 259200 values -- sanitizing to 0.0 (neutral logit). Results derived from this run are faithful only up to this event.
16-Aug-26 04:41:42 - epoch 67: Non-finite (NaN/Inf) detected in edge_logits_vl (Phase 1): 259200 of 259200 values -- sanitizing to 0.0 (neutral logit). Results derived from this run are faithful only up to this event.
16-Aug-26 04:41:43 - epoch 67: Non-finite (NaN/Inf) detected in edge_logits_vl (Phase 2): 259200 of 259200 values -- sanitizing to 0.0 (neutral logit). Results derived from this run are faithful only up to this event.
16-Aug-26 04:41:45 - epoch 67: Non-finite (NaN/Inf) detected in edge_logits_vl (Phase 1): 259200 of 259200 values -- sanitizing to 0.0 (neutral logit). Results derived from this run are faithful only up to this event.
16-Aug-26 04:41:46 - epoch 67: Non-finite (NaN/Inf) detected in edge_logits_vl (Phase 2): 259200 of 259200 values -- sanitizing to 0.0 (neutral logit). Results derived from this run are faithful only up to this event.
16-Aug-26 04:41:48 - epoch 67: Non-finite (NaN/Inf) detected in edge_logits_vl (Phase 1): 259200 of 259200 values -- sanitizing to 0.0 (neutral logit). Results derived from this run are faithful only up to this event.
16-Aug-26 04:41:49 - epoch 67: Non-finite (NaN/Inf) detected in edge_logits_vl (Phase 2): 259200 of 259200 values -- sanitizing to 0.0 (neutral logit). Results derived from this run are faithful only up to this event.
16-Aug-26 04:41:51 - epoch 67: Non-finite (NaN/Inf) detected in edge_logits_vl (Phase 1): 259200 of 259200 values -- sanitizing to 0.0 (neutral logit). Results derived from this run are faithful only up to this event.
16-Aug-26 04:41:52 - epoch 67: Non-finite (NaN/Inf) detected in edge_logits_vl (Phase 2): 259200 of 259200 values -- sanitizing to 0.0 (neutral logit). Results derived from this run are faithful only up to this event.
16-Aug-26 04:41:54 - epoch 67: Non-finite (NaN/Inf) detected in edge_logits_vl (Phase 1): 259200 of 259200 values -- sanitizing to 0.0 (neutral logit). Results derived from this run are faithful only up to this event.
16-Aug-26 04:41:55 - epoch 67: Non-finite (NaN/Inf) detected in edge_logits_vl (Phase 2): 259200 of 259200 values -- sanitizing to 0.0 (neutral logit). Results derived from this run are faithful only up to this event.
16-Aug-26 04:41:57 - epoch 67: Non-finite (NaN/Inf) detected in edge_logits_vl (Phase 1): 259200 of 259200 values -- sanitizing to 0.0 (neutral logit). Results derived from this run are faithful only up to this event.
16-Aug-26 04:41:58 - epoch 67: Non-finite (NaN/Inf) detected in edge_logits_vl (Phase 2): 259200 of 259200 values -- sanitizing to 0.0 (neutral logit). Results derived from this run are faithful only up to this event.
16-Aug-26 04:42:00 - epoch 67: Non-finite (NaN/Inf) detected in edge_logits_vl (Phase 1): 259200 of 259200 values -- sanitizing to 0.0 (neutral logit). Results derived from this run are faithful only up to this event.
16-Aug-26 04:42:01 - epoch 67: Non-finite (NaN/Inf) detected in edge_logits_vl (Phase 2): 259200 of 259200 values -- sanitizing to 0.0 (neutral logit). Results derived from this run are faithful only up to this event.
16-Aug-26 04:42:03 - epoch 67: Non-finite (NaN/Inf) detected in edge_logits_vl (Phase 1): 259200 of 259200 values -- sanitizing to 0.0 (neutral logit). Results derived from this run are faithful only up to this event.
16-Aug-26 04:42:04 - epoch 67: Non-finite (NaN/Inf) detected in edge_logits_vl (Phase 2): 259200 of 259200 values -- sanitizing to 0.0 (neutral logit). Results derived from this run are faithful only up to this event.
16-Aug-26 04:42:06 - epoch 67: Non-finite (NaN/Inf) detected in edge_logits_vl (Phase 1): 259200 of 259200 values -- sanitizing to 0.0 (neutral logit). Results derived from this run are faithful only up to this event.
16-Aug-26 04:42:07 - epoch 67: Non-finite (NaN/Inf) detected in edge_logits_vl (Phase 2): 259200 of 259200 values -- sanitizing to 0.0 (neutral logit). Results derived from this run are faithful only up to this event.
16-Aug-26 04:42:09 - epoch 67: Non-finite (NaN/Inf) detected in edge_logits_vl (Phase 1): 259200 of 259200 values -- sanitizing to 0.0 (neutral logit). Results derived from this run are faithful only up to this event.
16-Aug-26 04:42:10 - epoch 67: Non-finite (NaN/Inf) detected in edge_logits_vl (Phase 2): 259200 of 259200 values -- sanitizing to 0.0 (neutral logit). Results derived from this run are faithful only up to this event.
16-Aug-26 04:42:12 - epoch 67: Non-finite (NaN/Inf) detected in edge_logits_vl (Phase 1): 259200 of 259200 values -- sanitizing to 0.0 (neutral logit). Results derived from this run are faithful only up to this event.
16-Aug-26 04:42:13 - epoch 67: Non-finite (NaN/Inf) detected in edge_logits_vl (Phase 2): 259200 of 259200 values -- sanitizing to 0.0 (neutral logit). Results derived from this run are faithful only up to this event.
16-Aug-26 04:42:15 - epoch 67: Non-finite (NaN/Inf) detected in edge_logits_vl (Phase 1): 259200 of 259200 values -- sanitizing to 0.0 (neutral logit). Results derived from this run are faithful only up to this event.
16-Aug-26 04:42:16 - epoch 67: Non-finite (NaN/Inf) detected in edge_logits_vl (Phase 2): 259200 of 259200 values -- sanitizing to 0.0 (neutral logit). Results derived from this run are faithful only up to this event.
16-Aug-26 04:42:18 - epoch 67: Non-finite (NaN/Inf) detected in edge_logits_vl (Phase 1): 259200 of 259200 values -- sanitizing to 0.0 (neutral logit). Results derived from this run are faithful only up to this event.
16-Aug-26 04:42:19 - epoch 67: Non-finite (NaN/Inf) detected in edge_logits_vl (Phase 2): 259200 of 259200 values -- sanitizing to 0.0 (neutral logit). Results derived from this run are faithful only up to this event.
16-Aug-26 04:42:21 - epoch 67: Non-finite (NaN/Inf) detected in edge_logits_vl (Phase 1): 259200 of 259200 values -- sanitizing to 0.0 (neutral logit). Results derived from this run are faithful only up to this event.
16-Aug-26 04:42:22 - epoch 67: Non-finite (NaN/Inf) detected in edge_logits_vl (Phase 2): 259200 of 259200 values -- sanitizing to 0.0 (neutral logit). Results derived from this run are faithful only up to this event.
16-Aug-26 04:42:24 - epoch 67: Non-finite (NaN/Inf) detected in edge_logits_vl (Phase 1): 259200 of 259200 values -- sanitizing to 0.0 (neutral logit). Results derived from this run are faithful only up to this event.
16-Aug-26 04:42:25 - epoch 67: Non-finite (NaN/Inf) detected in edge_logits_vl (Phase 2): 259200 of 259200 values -- sanitizing to 0.0 (neutral logit). Results derived from this run are faithful only up to this event.
16-Aug-26 04:42:27 - epoch 67: Non-finite (NaN/Inf) detected in edge_logits_vl (Phase 1): 259200 of 259200 values -- sanitizing to 0.0 (neutral logit). Results derived from this run are faithful only up to this event.
16-Aug-26 04:42:28 - epoch 67: Non-finite (NaN/Inf) detected in edge_logits_vl (Phase 2): 259200 of 259200 values -- sanitizing to 0.0 (neutral logit). Results derived from this run are faithful only up to this event.
16-Aug-26 04:42:30 - epoch 67: Non-finite (NaN/Inf) detected in edge_logits_vl (Phase 1): 259200 of 259200 values -- sanitizing to 0.0 (neutral logit). Results derived from this run are faithful only up to this event.
16-Aug-26 04:42:32 - epoch 67: Non-finite (NaN/Inf) detected in edge_logits_vl (Phase 2): 259200 of 259200 values -- sanitizing to 0.0 (neutral logit). Results derived from this run are faithful only up to this event.
16-Aug-26 04:42:33 - epoch 67: Non-finite (NaN/Inf) detected in edge_logits_vl (Phase 1): 259200 of 259200 values -- sanitizing to 0.0 (neutral logit). Results derived from this run are faithful only up to this event.
16-Aug-26 04:42:35 - epoch 67: Non-finite (NaN/Inf) detected in edge_logits_vl (Phase 2): 259200 of 259200 values -- sanitizing to 0.0 (neutral logit). Results derived from this run are faithful only up to this event.
16-Aug-26 04:42:36 - epoch 67: Non-finite (NaN/Inf) detected in edge_logits_vl (Phase 1): 259200 of 259200 values -- sanitizing to 0.0 (neutral logit). Results derived from this run are faithful only up to this event.
16-Aug-26 04:42:38 - epoch 67: Non-finite (NaN/Inf) detected in edge_logits_vl (Phase 2): 259200 of 259200 values -- sanitizing to 0.0 (neutral logit). Results derived from this run are faithful only up to this event.
16-Aug-26 04:42:39 - epoch 67: Non-finite (NaN/Inf) detected in edge_logits_vl (Phase 1): 259200 of 259200 values -- sanitizing to 0.0 (neutral logit). Results derived from this run are faithful only up to this event.
16-Aug-26 04:42:41 - epoch 67: Non-finite (NaN/Inf) detected in edge_logits_vl (Phase 2): 259200 of 259200 values -- sanitizing to 0.0 (neutral logit). Results derived from this run are faithful only up to this event.
16-Aug-26 04:42:42 - epoch 67: Non-finite (NaN/Inf) detected in edge_logits_vl (Phase 1): 259200 of 259200 values -- sanitizing to 0.0 (neutral logit). Results derived from this run are faithful only up to this event.
16-Aug-26 04:42:44 - epoch 67: Non-finite (NaN/Inf) detected in edge_logits_vl (Phase 2): 259200 of 259200 values -- sanitizing to 0.0 (neutral logit). Results derived from this run are faithful only up to this event.
16-Aug-26 04:42:45 - epoch 67: Non-finite (NaN/Inf) detected in edge_logits_vl (Phase 1): 259200 of 259200 values -- sanitizing to 0.0 (neutral logit). Results derived from this run are faithful only up to this event.
16-Aug-26 04:42:47 - epoch 67: Non-finite (NaN/Inf) detected in edge_logits_vl (Phase 2): 259200 of 259200 values -- sanitizing to 0.0 (neutral logit). Results derived from this run are faithful only up to this event.
16-Aug-26 04:42:48 - epoch 67: Non-finite (NaN/Inf) detected in edge_logits_vl (Phase 1): 259200 of 259200 values -- sanitizing to 0.0 (neutral logit). Results derived from this run are faithful only up to this event.
16-Aug-26 04:42:50 - epoch 67: Non-finite (NaN/Inf) detected in edge_logits_vl (Phase 2): 259200 of 259200 values -- sanitizing to 0.0 (neutral logit). Results derived from this run are faithful only up to this event.
16-Aug-26 04:42:51 - epoch 67: Non-finite (NaN/Inf) detected in edge_logits_vl (Phase 1): 259200 of 259200 values -- sanitizing to 0.0 (neutral logit). Results derived from this run are faithful only up to this event.
16-Aug-26 04:42:53 - epoch 67: Non-finite (NaN/Inf) detected in edge_logits_vl (Phase 2): 259200 of 259200 values -- sanitizing to 0.0 (neutral logit). Results derived from this run are faithful only up to this event.
16-Aug-26 04:42:54 - epoch 67: Non-finite (NaN/Inf) detected in edge_logits_vl (Phase 1): 259200 of 259200 values -- sanitizing to 0.0 (neutral logit). Results derived from this run are faithful only up to this event.
16-Aug-26 04:42:56 - epoch 67: Non-finite (NaN/Inf) detected in edge_logits_vl (Phase 2): 259200 of 259200 values -- sanitizing to 0.0 (neutral logit). Results derived from this run are faithful only up to this event.
16-Aug-26 04:42:57 - epoch 67: Non-finite (NaN/Inf) detected in edge_logits_vl (Phase 1): 259200 of 259200 values -- sanitizing to 0.0 (neutral logit). Results derived from this run are faithful only up to this event.
16-Aug-26 04:42:59 - epoch 67: Non-finite (NaN/Inf) detected in edge_logits_vl (Phase 2): 259200 of 259200 values -- sanitizing to 0.0 (neutral logit). Results derived from this run are faithful only up to this event.
16-Aug-26 04:43:00 - epoch 67: Non-finite (NaN/Inf) detected in edge_logits_vl (Phase 1): 226800 of 226800 values -- sanitizing to 0.0 (neutral logit). Results derived from this run are faithful only up to this event.
16-Aug-26 04:43:02 - epoch 67: Non-finite (NaN/Inf) detected in edge_logits_vl (Phase 2): 226800 of 226800 values -- sanitizing to 0.0 (neutral logit). Results derived from this run are faithful only up to this event.
16-Aug-26 04:43:02 - Epoch 67, Model Loss 2.120987285131191, View Loss nan, Reg 0.5000216616746272
16-Aug-26 04:43:03 - epoch 68: Non-finite (NaN/Inf) detected in edge_logits_vl (Phase 1): 259200 of 259200 values -- sanitizing to 0.0 (neutral logit). Results derived from this run are faithful only up to this event.
16-Aug-26 04:43:04 - epoch 68: Non-finite (NaN/Inf) detected in edge_logits_vl (Phase 2): 259200 of 259200 values -- sanitizing to 0.0 (neutral logit). Results derived from this run are faithful only up to this event.
16-Aug-26 04:43:06 - epoch 68: Non-finite (NaN/Inf) detected in edge_logits_vl (Phase 1): 259200 of 259200 values -- sanitizing to 0.0 (neutral logit). Results derived from this run are faithful only up to this event.
16-Aug-26 04:43:07 - epoch 68: Non-finite (NaN/Inf) detected in edge_logits_vl (Phase 2): 259200 of 259200 values -- sanitizing to 0.0 (neutral logit). Results derived from this run are faithful only up to this event.
16-Aug-26 04:43:09 - epoch 68: Non-finite (NaN/Inf) detected in edge_logits_vl (Phase 1): 259200 of 259200 values -- sanitizing to 0.0 (neutral logit). Results derived from this run are faithful only up to this event.
16-Aug-26 04:43:10 - epoch 68: Non-finite (NaN/Inf) detected in edge_logits_vl (Phase 2): 259200 of 259200 values -- sanitizing to 0.0 (neutral logit). Results derived from this run are faithful only up to this event.
16-Aug-26 04:43:12 - epoch 68: Non-finite (NaN/Inf) detected in edge_logits_vl (Phase 1): 259200 of 259200 values -- sanitizing to 0.0 (neutral logit). Results derived from this run are faithful only up to this event.
16-Aug-26 04:43:13 - epoch 68: Non-finite (NaN/Inf) detected in edge_logits_vl (Phase 2): 259200 of 259200 values -- sanitizing to 0.0 (neutral logit). Results derived from this run are faithful only up to this event.
16-Aug-26 04:43:14 - epoch 68: Non-finite (NaN/Inf) detected in edge_logits_vl (Phase 1): 259200 of 259200 values -- sanitizing to 0.0 (neutral logit). Results derived from this run are faithful only up to this event.
16-Aug-26 04:43:16 - epoch 68: Non-finite (NaN/Inf) detected in edge_logits_vl (Phase 2): 259200 of 259200 values -- sanitizing to 0.0 (neutral logit). Results derived from this run are faithful only up to this event.
16-Aug-26 04:43:17 - epoch 68: Non-finite (NaN/Inf) detected in edge_logits_vl (Phase 1): 259200 of 259200 values -- sanitizing to 0.0 (neutral logit). Results derived from this run are faithful only up to this event.
16-Aug-26 04:43:19 - epoch 68: Non-finite (NaN/Inf) detected in edge_logits_vl (Phase 2): 259200 of 259200 values -- sanitizing to 0.0 (neutral logit). Results derived from this run are faithful only up to this event.
16-Aug-26 04:43:20 - epoch 68: Non-finite (NaN/Inf) detected in edge_logits_vl (Phase 1): 259200 of 259200 values -- sanitizing to 0.0 (neutral logit). Results derived from this run are faithful only up to this event.
16-Aug-26 04:43:22 - epoch 68: Non-finite (NaN/Inf) detected in edge_logits_vl (Phase 2): 259200 of 259200 values -- sanitizing to 0.0 (neutral logit). Results derived from this run are faithful only up to this event.
16-Aug-26 04:43:23 - epoch 68: Non-finite (NaN/Inf) detected in edge_logits_vl (Phase 1): 259200 of 259200 values -- sanitizing to 0.0 (neutral logit). Results derived from this run are faithful only up to this event.
16-Aug-26 04:43:25 - epoch 68: Non-finite (NaN/Inf) detected in edge_logits_vl (Phase 2): 259200 of 259200 values -- sanitizing to 0.0 (neutral logit). Results derived from this run are faithful only up to this event.
16-Aug-26 04:43:26 - epoch 68: Non-finite (NaN/Inf) detected in edge_logits_vl (Phase 1): 259200 of 259200 values -- sanitizing to 0.0 (neutral logit). Results derived from this run are faithful only up to this event.
16-Aug-26 04:43:28 - epoch 68: Non-finite (NaN/Inf) detected in edge_logits_vl (Phase 2): 259200 of 259200 values -- sanitizing to 0.0 (neutral logit). Results derived from this run are faithful only up to this event.
16-Aug-26 04:43:29 - epoch 68: Non-finite (NaN/Inf) detected in edge_logits_vl (Phase 1): 259200 of 259200 values -- sanitizing to 0.0 (neutral logit). Results derived from this run are faithful only up to this event.
16-Aug-26 04:43:31 - epoch 68: Non-finite (NaN/Inf) detected in edge_logits_vl (Phase 2): 259200 of 259200 values -- sanitizing to 0.0 (neutral logit). Results derived from this run are faithful only up to this event.
16-Aug-26 04:43:32 - epoch 68: Non-finite (NaN/Inf) detected in edge_logits_vl (Phase 1): 259200 of 259200 values -- sanitizing to 0.0 (neutral logit). Results derived from this run are faithful only up to this event.
16-Aug-26 04:43:34 - epoch 68: Non-finite (NaN/Inf) detected in edge_logits_vl (Phase 2): 259200 of 259200 values -- sanitizing to 0.0 (neutral logit). Results derived from this run are faithful only up to this event.
16-Aug-26 04:43:35 - epoch 68: Non-finite (NaN/Inf) detected in edge_logits_vl (Phase 1): 259200 of 259200 values -- sanitizing to 0.0 (neutral logit). Results derived from this run are faithful only up to this event.
16-Aug-26 04:43:37 - epoch 68: Non-finite (NaN/Inf) detected in edge_logits_vl (Phase 2): 259200 of 259200 values -- sanitizing to 0.0 (neutral logit). Results derived from this run are faithful only up to this event.
16-Aug-26 04:43:38 - epoch 68: Non-finite (NaN/Inf) detected in edge_logits_vl (Phase 1): 259200 of 259200 values -- sanitizing to 0.0 (neutral logit). Results derived from this run are faithful only up to this event.
16-Aug-26 04:43:40 - epoch 68: Non-finite (NaN/Inf) detected in edge_logits_vl (Phase 2): 259200 of 259200 values -- sanitizing to 0.0 (neutral logit). Results derived from this run are faithful only up to this event.
16-Aug-26 04:43:41 - epoch 68: Non-finite (NaN/Inf) detected in edge_logits_vl (Phase 1): 259200 of 259200 values -- sanitizing to 0.0 (neutral logit). Results derived from this run are faithful only up to this event.
16-Aug-26 04:43:43 - epoch 68: Non-finite (NaN/Inf) detected in edge_logits_vl (Phase 2): 259200 of 259200 values -- sanitizing to 0.0 (neutral logit). Results derived from this run are faithful only up to this event.
16-Aug-26 04:43:45 - epoch 68: Non-finite (NaN/Inf) detected in edge_logits_vl (Phase 1): 259200 of 259200 values -- sanitizing to 0.0 (neutral logit). Results derived from this run are faithful only up to this event.
16-Aug-26 04:43:46 - epoch 68: Non-finite (NaN/Inf) detected in edge_logits_vl (Phase 2): 259200 of 259200 values -- sanitizing to 0.0 (neutral logit). Results derived from this run are faithful only up to this event.
16-Aug-26 04:43:47 - epoch 68: Non-finite (NaN/Inf) detected in edge_logits_vl (Phase 1): 259200 of 259200 values -- sanitizing to 0.0 (neutral logit). Results derived from this run are faithful only up to this event.
16-Aug-26 04:43:49 - epoch 68: Non-finite (NaN/Inf) detected in edge_logits_vl (Phase 2): 259200 of 259200 values -- sanitizing to 0.0 (neutral logit). Results derived from this run are faithful only up to this event.
16-Aug-26 04:43:50 - epoch 68: Non-finite (NaN/Inf) detected in edge_logits_vl (Phase 1): 259200 of 259200 values -- sanitizing to 0.0 (neutral logit). Results derived from this run are faithful only up to this event.
16-Aug-26 04:43:52 - epoch 68: Non-finite (NaN/Inf) detected in edge_logits_vl (Phase 2): 259200 of 259200 values -- sanitizing to 0.0 (neutral logit). Results derived from this run are faithful only up to this event.
16-Aug-26 04:43:54 - epoch 68: Non-finite (NaN/Inf) detected in edge_logits_vl (Phase 1): 259200 of 259200 values -- sanitizing to 0.0 (neutral logit). Results derived from this run are faithful only up to this event.
16-Aug-26 04:43:55 - epoch 68: Non-finite (NaN/Inf) detected in edge_logits_vl (Phase 2): 259200 of 259200 values -- sanitizing to 0.0 (neutral logit). Results derived from this run are faithful only up to this event.
16-Aug-26 04:43:57 - epoch 68: Non-finite (NaN/Inf) detected in edge_logits_vl (Phase 1): 259200 of 259200 values -- sanitizing to 0.0 (neutral logit). Results derived from this run are faithful only up to this event.
16-Aug-26 04:43:58 - epoch 68: Non-finite (NaN/Inf) detected in edge_logits_vl (Phase 2): 259200 of 259200 values -- sanitizing to 0.0 (neutral logit). Results derived from this run are faithful only up to this event.
16-Aug-26 04:44:00 - epoch 68: Non-finite (NaN/Inf) detected in edge_logits_vl (Phase 1): 259200 of 259200 values -- sanitizing to 0.0 (neutral logit). Results derived from this run are faithful only up to this event.
16-Aug-26 04:44:01 - epoch 68: Non-finite (NaN/Inf) detected in edge_logits_vl (Phase 2): 259200 of 259200 values -- sanitizing to 0.0 (neutral logit). Results derived from this run are faithful only up to this event.
16-Aug-26 04:44:03 - epoch 68: Non-finite (NaN/Inf) detected in edge_logits_vl (Phase 1): 259200 of 259200 values -- sanitizing to 0.0 (neutral logit). Results derived from this run are faithful only up to this event.
16-Aug-26 04:44:04 - epoch 68: Non-finite (NaN/Inf) detected in edge_logits_vl (Phase 2): 259200 of 259200 values -- sanitizing to 0.0 (neutral logit). Results derived from this run are faithful only up to this event.
16-Aug-26 04:44:06 - epoch 68: Non-finite (NaN/Inf) detected in edge_logits_vl (Phase 1): 259200 of 259200 values -- sanitizing to 0.0 (neutral logit). Results derived from this run are faithful only up to this event.
16-Aug-26 04:44:07 - epoch 68: Non-finite (NaN/Inf) detected in edge_logits_vl (Phase 2): 259200 of 259200 values -- sanitizing to 0.0 (neutral logit). Results derived from this run are faithful only up to this event.
16-Aug-26 04:44:09 - epoch 68: Non-finite (NaN/Inf) detected in edge_logits_vl (Phase 1): 259200 of 259200 values -- sanitizing to 0.0 (neutral logit). Results derived from this run are faithful only up to this event.
16-Aug-26 04:44:10 - epoch 68: Non-finite (NaN/Inf) detected in edge_logits_vl (Phase 2): 259200 of 259200 values -- sanitizing to 0.0 (neutral logit). Results derived from this run are faithful only up to this event.
16-Aug-26 04:44:12 - epoch 68: Non-finite (NaN/Inf) detected in edge_logits_vl (Phase 1): 259200 of 259200 values -- sanitizing to 0.0 (neutral logit). Results derived from this run are faithful only up to this event.
16-Aug-26 04:44:13 - epoch 68: Non-finite (NaN/Inf) detected in edge_logits_vl (Phase 2): 259200 of 259200 values -- sanitizing to 0.0 (neutral logit). Results derived from this run are faithful only up to this event.
16-Aug-26 04:44:15 - epoch 68: Non-finite (NaN/Inf) detected in edge_logits_vl (Phase 1): 259200 of 259200 values -- sanitizing to 0.0 (neutral logit). Results derived from this run are faithful only up to this event.
16-Aug-26 04:44:16 - epoch 68: Non-finite (NaN/Inf) detected in edge_logits_vl (Phase 2): 259200 of 259200 values -- sanitizing to 0.0 (neutral logit). Results derived from this run are faithful only up to this event.
16-Aug-26 04:44:18 - epoch 68: Non-finite (NaN/Inf) detected in edge_logits_vl (Phase 1): 259200 of 259200 values -- sanitizing to 0.0 (neutral logit). Results derived from this run are faithful only up to this event.
16-Aug-26 04:44:19 - epoch 68: Non-finite (NaN/Inf) detected in edge_logits_vl (Phase 2): 259200 of 259200 values -- sanitizing to 0.0 (neutral logit). Results derived from this run are faithful only up to this event.
16-Aug-26 04:44:21 - epoch 68: Non-finite (NaN/Inf) detected in edge_logits_vl (Phase 1): 259200 of 259200 values -- sanitizing to 0.0 (neutral logit). Results derived from this run are faithful only up to this event.
16-Aug-26 04:44:22 - epoch 68: Non-finite (NaN/Inf) detected in edge_logits_vl (Phase 2): 259200 of 259200 values -- sanitizing to 0.0 (neutral logit). Results derived from this run are faithful only up to this event.
16-Aug-26 04:44:24 - epoch 68: Non-finite (NaN/Inf) detected in edge_logits_vl (Phase 1): 259200 of 259200 values -- sanitizing to 0.0 (neutral logit). Results derived from this run are faithful only up to this event.
16-Aug-26 04:44:25 - epoch 68: Non-finite (NaN/Inf) detected in edge_logits_vl (Phase 2): 259200 of 259200 values -- sanitizing to 0.0 (neutral logit). Results derived from this run are faithful only up to this event.
16-Aug-26 04:44:27 - epoch 68: Non-finite (NaN/Inf) detected in edge_logits_vl (Phase 1): 259200 of 259200 values -- sanitizing to 0.0 (neutral logit). Results derived from this run are faithful only up to this event.
16-Aug-26 04:44:28 - epoch 68: Non-finite (NaN/Inf) detected in edge_logits_vl (Phase 2): 259200 of 259200 values -- sanitizing to 0.0 (neutral logit). Results derived from this run are faithful only up to this event.
16-Aug-26 04:44:30 - epoch 68: Non-finite (NaN/Inf) detected in edge_logits_vl (Phase 1): 226800 of 226800 values -- sanitizing to 0.0 (neutral logit). Results derived from this run are faithful only up to this event.
16-Aug-26 04:44:31 - epoch 68: Non-finite (NaN/Inf) detected in edge_logits_vl (Phase 2): 226800 of 226800 values -- sanitizing to 0.0 (neutral logit). Results derived from this run are faithful only up to this event.
16-Aug-26 04:44:32 - Epoch 68, Model Loss 2.1488465060748814, View Loss nan, Reg 0.5000157099388634
16-Aug-26 04:44:33 - epoch 69: Non-finite (NaN/Inf) detected in edge_logits_vl (Phase 1): 259200 of 259200 values -- sanitizing to 0.0 (neutral logit). Results derived from this run are faithful only up to this event.
16-Aug-26 04:44:34 - epoch 69: Non-finite (NaN/Inf) detected in edge_logits_vl (Phase 2): 259200 of 259200 values -- sanitizing to 0.0 (neutral logit). Results derived from this run are faithful only up to this event.
16-Aug-26 04:44:35 - epoch 69: Non-finite (NaN/Inf) detected in edge_logits_vl (Phase 1): 259200 of 259200 values -- sanitizing to 0.0 (neutral logit). Results derived from this run are faithful only up to this event.
16-Aug-26 04:44:37 - epoch 69: Non-finite (NaN/Inf) detected in edge_logits_vl (Phase 2): 259200 of 259200 values -- sanitizing to 0.0 (neutral logit). Results derived from this run are faithful only up to this event.
16-Aug-26 04:44:38 - epoch 69: Non-finite (NaN/Inf) detected in edge_logits_vl (Phase 1): 259200 of 259200 values -- sanitizing to 0.0 (neutral logit). Results derived from this run are faithful only up to this event.
16-Aug-26 04:44:40 - epoch 69: Non-finite (NaN/Inf) detected in edge_logits_vl (Phase 2): 259200 of 259200 values -- sanitizing to 0.0 (neutral logit). Results derived from this run are faithful only up to this event.
16-Aug-26 04:44:41 - epoch 69: Non-finite (NaN/Inf) detected in edge_logits_vl (Phase 1): 259200 of 259200 values -- sanitizing to 0.0 (neutral logit). Results derived from this run are faithful only up to this event.
16-Aug-26 04:44:43 - epoch 69: Non-finite (NaN/Inf) detected in edge_logits_vl (Phase 2): 259200 of 259200 values -- sanitizing to 0.0 (neutral logit). Results derived from this run are faithful only up to this event.
16-Aug-26 04:44:44 - epoch 69: Non-finite (NaN/Inf) detected in edge_logits_vl (Phase 1): 259200 of 259200 values -- sanitizing to 0.0 (neutral logit). Results derived from this run are faithful only up to this event.
16-Aug-26 04:44:46 - epoch 69: Non-finite (NaN/Inf) detected in edge_logits_vl (Phase 2): 259200 of 259200 values -- sanitizing to 0.0 (neutral logit). Results derived from this run are faithful only up to this event.
16-Aug-26 04:44:47 - epoch 69: Non-finite (NaN/Inf) detected in edge_logits_vl (Phase 1): 259200 of 259200 values -- sanitizing to 0.0 (neutral logit). Results derived from this run are faithful only up to this event.
16-Aug-26 04:44:49 - epoch 69: Non-finite (NaN/Inf) detected in edge_logits_vl (Phase 2): 259200 of 259200 values -- sanitizing to 0.0 (neutral logit). Results derived from this run are faithful only up to this event.
16-Aug-26 04:44:50 - epoch 69: Non-finite (NaN/Inf) detected in edge_logits_vl (Phase 1): 259200 of 259200 values -- sanitizing to 0.0 (neutral logit). Results derived from this run are faithful only up to this event.
16-Aug-26 04:44:52 - epoch 69: Non-finite (NaN/Inf) detected in edge_logits_vl (Phase 2): 259200 of 259200 values -- sanitizing to 0.0 (neutral logit). Results derived from this run are faithful only up to this event.
16-Aug-26 04:44:53 - epoch 69: Non-finite (NaN/Inf) detected in edge_logits_vl (Phase 1): 259200 of 259200 values -- sanitizing to 0.0 (neutral logit). Results derived from this run are faithful only up to this event.
16-Aug-26 04:44:55 - epoch 69: Non-finite (NaN/Inf) detected in edge_logits_vl (Phase 2): 259200 of 259200 values -- sanitizing to 0.0 (neutral logit). Results derived from this run are faithful only up to this event.
16-Aug-26 04:44:56 - epoch 69: Non-finite (NaN/Inf) detected in edge_logits_vl (Phase 1): 259200 of 259200 values -- sanitizing to 0.0 (neutral logit). Results derived from this run are faithful only up to this event.
16-Aug-26 04:44:57 - epoch 69: Non-finite (NaN/Inf) detected in edge_logits_vl (Phase 2): 259200 of 259200 values -- sanitizing to 0.0 (neutral logit). Results derived from this run are faithful only up to this event.
16-Aug-26 04:44:59 - epoch 69: Non-finite (NaN/Inf) detected in edge_logits_vl (Phase 1): 259200 of 259200 values -- sanitizing to 0.0 (neutral logit). Results derived from this run are faithful only up to this event.
16-Aug-26 04:45:01 - epoch 69: Non-finite (NaN/Inf) detected in edge_logits_vl (Phase 2): 259200 of 259200 values -- sanitizing to 0.0 (neutral logit). Results derived from this run are faithful only up to this event.
16-Aug-26 04:45:02 - epoch 69: Non-finite (NaN/Inf) detected in edge_logits_vl (Phase 1): 259200 of 259200 values -- sanitizing to 0.0 (neutral logit). Results derived from this run are faithful only up to this event.
16-Aug-26 04:45:04 - epoch 69: Non-finite (NaN/Inf) detected in edge_logits_vl (Phase 2): 259200 of 259200 values -- sanitizing to 0.0 (neutral logit). Results derived from this run are faithful only up to this event.
16-Aug-26 04:45:07 - epoch 69: Non-finite (NaN/Inf) detected in edge_logits_vl (Phase 1): 259200 of 259200 values -- sanitizing to 0.0 (neutral logit). Results derived from this run are faithful only up to this event.
16-Aug-26 04:45:10 - epoch 69: Non-finite (NaN/Inf) detected in edge_logits_vl (Phase 2): 259200 of 259200 values -- sanitizing to 0.0 (neutral logit). Results derived from this run are faithful only up to this event.
16-Aug-26 04:45:14 - epoch 69: Non-finite (NaN/Inf) detected in edge_logits_vl (Phase 1): 259200 of 259200 values -- sanitizing to 0.0 (neutral logit). Results derived from this run are faithful only up to this event.
16-Aug-26 04:45:16 - epoch 69: Non-finite (NaN/Inf) detected in edge_logits_vl (Phase 2): 259200 of 259200 values -- sanitizing to 0.0 (neutral logit). Results derived from this run are faithful only up to this event.
16-Aug-26 04:45:17 - epoch 69: Non-finite (NaN/Inf) detected in edge_logits_vl (Phase 1): 259200 of 259200 values -- sanitizing to 0.0 (neutral logit). Results derived from this run are faithful only up to this event.
16-Aug-26 04:45:19 - epoch 69: Non-finite (NaN/Inf) detected in edge_logits_vl (Phase 2): 259200 of 259200 values -- sanitizing to 0.0 (neutral logit). Results derived from this run are faithful only up to this event.
16-Aug-26 04:45:20 - epoch 69: Non-finite (NaN/Inf) detected in edge_logits_vl (Phase 1): 259200 of 259200 values -- sanitizing to 0.0 (neutral logit). Results derived from this run are faithful only up to this event.
16-Aug-26 04:45:22 - epoch 69: Non-finite (NaN/Inf) detected in edge_logits_vl (Phase 2): 259200 of 259200 values -- sanitizing to 0.0 (neutral logit). Results derived from this run are faithful only up to this event.
16-Aug-26 04:45:23 - epoch 69: Non-finite (NaN/Inf) detected in edge_logits_vl (Phase 1): 259200 of 259200 values -- sanitizing to 0.0 (neutral logit). Results derived from this run are faithful only up to this event.
16-Aug-26 04:45:25 - epoch 69: Non-finite (NaN/Inf) detected in edge_logits_vl (Phase 2): 259200 of 259200 values -- sanitizing to 0.0 (neutral logit). Results derived from this run are faithful only up to this event.
16-Aug-26 04:45:26 - epoch 69: Non-finite (NaN/Inf) detected in edge_logits_vl (Phase 1): 259200 of 259200 values -- sanitizing to 0.0 (neutral logit). Results derived from this run are faithful only up to this event.
16-Aug-26 04:45:28 - epoch 69: Non-finite (NaN/Inf) detected in edge_logits_vl (Phase 2): 259200 of 259200 values -- sanitizing to 0.0 (neutral logit). Results derived from this run are faithful only up to this event.
16-Aug-26 04:45:29 - epoch 69: Non-finite (NaN/Inf) detected in edge_logits_vl (Phase 1): 259200 of 259200 values -- sanitizing to 0.0 (neutral logit). Results derived from this run are faithful only up to this event.
16-Aug-26 04:45:31 - epoch 69: Non-finite (NaN/Inf) detected in edge_logits_vl (Phase 2): 259200 of 259200 values -- sanitizing to 0.0 (neutral logit). Results derived from this run are faithful only up to this event.
16-Aug-26 04:45:32 - epoch 69: Non-finite (NaN/Inf) detected in edge_logits_vl (Phase 1): 259200 of 259200 values -- sanitizing to 0.0 (neutral logit). Results derived from this run are faithful only up to this event.
16-Aug-26 04:45:34 - epoch 69: Non-finite (NaN/Inf) detected in edge_logits_vl (Phase 2): 259200 of 259200 values -- sanitizing to 0.0 (neutral logit). Results derived from this run are faithful only up to this event.
16-Aug-26 04:45:35 - epoch 69: Non-finite (NaN/Inf) detected in edge_logits_vl (Phase 1): 259200 of 259200 values -- sanitizing to 0.0 (neutral logit). Results derived from this run are faithful only up to this event.
16-Aug-26 04:45:37 - epoch 69: Non-finite (NaN/Inf) detected in edge_logits_vl (Phase 2): 259200 of 259200 values -- sanitizing to 0.0 (neutral logit). Results derived from this run are faithful only up to this event.
16-Aug-26 04:45:38 - epoch 69: Non-finite (NaN/Inf) detected in edge_logits_vl (Phase 1): 259200 of 259200 values -- sanitizing to 0.0 (neutral logit). Results derived from this run are faithful only up to this event.
16-Aug-26 04:45:40 - epoch 69: Non-finite (NaN/Inf) detected in edge_logits_vl (Phase 2): 259200 of 259200 values -- sanitizing to 0.0 (neutral logit). Results derived from this run are faithful only up to this event.
16-Aug-26 04:45:41 - epoch 69: Non-finite (NaN/Inf) detected in edge_logits_vl (Phase 1): 259200 of 259200 values -- sanitizing to 0.0 (neutral logit). Results derived from this run are faithful only up to this event.
16-Aug-26 04:45:43 - epoch 69: Non-finite (NaN/Inf) detected in edge_logits_vl (Phase 2): 259200 of 259200 values -- sanitizing to 0.0 (neutral logit). Results derived from this run are faithful only up to this event.
16-Aug-26 04:45:44 - epoch 69: Non-finite (NaN/Inf) detected in edge_logits_vl (Phase 1): 259200 of 259200 values -- sanitizing to 0.0 (neutral logit). Results derived from this run are faithful only up to this event.
16-Aug-26 04:45:46 - epoch 69: Non-finite (NaN/Inf) detected in edge_logits_vl (Phase 2): 259200 of 259200 values -- sanitizing to 0.0 (neutral logit). Results derived from this run are faithful only up to this event.
16-Aug-26 04:45:47 - epoch 69: Non-finite (NaN/Inf) detected in edge_logits_vl (Phase 1): 259200 of 259200 values -- sanitizing to 0.0 (neutral logit). Results derived from this run are faithful only up to this event.
16-Aug-26 04:45:49 - epoch 69: Non-finite (NaN/Inf) detected in edge_logits_vl (Phase 2): 259200 of 259200 values -- sanitizing to 0.0 (neutral logit). Results derived from this run are faithful only up to this event.
16-Aug-26 04:45:50 - epoch 69: Non-finite (NaN/Inf) detected in edge_logits_vl (Phase 1): 259200 of 259200 values -- sanitizing to 0.0 (neutral logit). Results derived from this run are faithful only up to this event.
16-Aug-26 04:45:52 - epoch 69: Non-finite (NaN/Inf) detected in edge_logits_vl (Phase 2): 259200 of 259200 values -- sanitizing to 0.0 (neutral logit). Results derived from this run are faithful only up to this event.
16-Aug-26 04:45:53 - epoch 69: Non-finite (NaN/Inf) detected in edge_logits_vl (Phase 1): 259200 of 259200 values -- sanitizing to 0.0 (neutral logit). Results derived from this run are faithful only up to this event.
16-Aug-26 04:45:55 - epoch 69: Non-finite (NaN/Inf) detected in edge_logits_vl (Phase 2): 259200 of 259200 values -- sanitizing to 0.0 (neutral logit). Results derived from this run are faithful only up to this event.
16-Aug-26 04:45:56 - epoch 69: Non-finite (NaN/Inf) detected in edge_logits_vl (Phase 1): 259200 of 259200 values -- sanitizing to 0.0 (neutral logit). Results derived from this run are faithful only up to this event.
16-Aug-26 04:45:58 - epoch 69: Non-finite (NaN/Inf) detected in edge_logits_vl (Phase 2): 259200 of 259200 values -- sanitizing to 0.0 (neutral logit). Results derived from this run are faithful only up to this event.
16-Aug-26 04:45:59 - epoch 69: Non-finite (NaN/Inf) detected in edge_logits_vl (Phase 1): 259200 of 259200 values -- sanitizing to 0.0 (neutral logit). Results derived from this run are faithful only up to this event.
16-Aug-26 04:46:01 - epoch 69: Non-finite (NaN/Inf) detected in edge_logits_vl (Phase 2): 259200 of 259200 values -- sanitizing to 0.0 (neutral logit). Results derived from this run are faithful only up to this event.
16-Aug-26 04:46:02 - epoch 69: Non-finite (NaN/Inf) detected in edge_logits_vl (Phase 1): 259200 of 259200 values -- sanitizing to 0.0 (neutral logit). Results derived from this run are faithful only up to this event.
16-Aug-26 04:46:04 - epoch 69: Non-finite (NaN/Inf) detected in edge_logits_vl (Phase 2): 259200 of 259200 values -- sanitizing to 0.0 (neutral logit). Results derived from this run are faithful only up to this event.
16-Aug-26 04:46:05 - epoch 69: Non-finite (NaN/Inf) detected in edge_logits_vl (Phase 1): 226800 of 226800 values -- sanitizing to 0.0 (neutral logit). Results derived from this run are faithful only up to this event.
16-Aug-26 04:46:07 - epoch 69: Non-finite (NaN/Inf) detected in edge_logits_vl (Phase 2): 226800 of 226800 values -- sanitizing to 0.0 (neutral logit). Results derived from this run are faithful only up to this event.
16-Aug-26 04:46:08 - Epoch 69, Model Loss 2.1045735091843865, View Loss nan, Reg 0.500054363925088
16-Aug-26 04:46:08 - epoch 70: Non-finite (NaN/Inf) detected in edge_logits_vl (Phase 1): 259200 of 259200 values -- sanitizing to 0.0 (neutral logit). Results derived from this run are faithful only up to this event.
16-Aug-26 04:46:10 - epoch 70: Non-finite (NaN/Inf) detected in edge_logits_vl (Phase 2): 259200 of 259200 values -- sanitizing to 0.0 (neutral logit). Results derived from this run are faithful only up to this event.
16-Aug-26 04:46:11 - epoch 70: Non-finite (NaN/Inf) detected in edge_logits_vl (Phase 1): 259200 of 259200 values -- sanitizing to 0.0 (neutral logit). Results derived from this run are faithful only up to this event.
16-Aug-26 04:46:12 - epoch 70: Non-finite (NaN/Inf) detected in edge_logits_vl (Phase 2): 259200 of 259200 values -- sanitizing to 0.0 (neutral logit). Results derived from this run are faithful only up to this event.
16-Aug-26 04:46:14 - epoch 70: Non-finite (NaN/Inf) detected in edge_logits_vl (Phase 1): 259200 of 259200 values -- sanitizing to 0.0 (neutral logit). Results derived from this run are faithful only up to this event.
16-Aug-26 04:46:15 - epoch 70: Non-finite (NaN/Inf) detected in edge_logits_vl (Phase 2): 259200 of 259200 values -- sanitizing to 0.0 (neutral logit). Results derived from this run are faithful only up to this event.
16-Aug-26 04:46:17 - epoch 70: Non-finite (NaN/Inf) detected in edge_logits_vl (Phase 1): 259200 of 259200 values -- sanitizing to 0.0 (neutral logit). Results derived from this run are faithful only up to this event.
16-Aug-26 04:46:18 - epoch 70: Non-finite (NaN/Inf) detected in edge_logits_vl (Phase 2): 259200 of 259200 values -- sanitizing to 0.0 (neutral logit). Results derived from this run are faithful only up to this event.
16-Aug-26 04:46:20 - epoch 70: Non-finite (NaN/Inf) detected in edge_logits_vl (Phase 1): 259200 of 259200 values -- sanitizing to 0.0 (neutral logit). Results derived from this run are faithful only up to this event.
16-Aug-26 04:46:21 - epoch 70: Non-finite (NaN/Inf) detected in edge_logits_vl (Phase 2): 259200 of 259200 values -- sanitizing to 0.0 (neutral logit). Results derived from this run are faithful only up to this event.
16-Aug-26 04:46:23 - epoch 70: Non-finite (NaN/Inf) detected in edge_logits_vl (Phase 1): 259200 of 259200 values -- sanitizing to 0.0 (neutral logit). Results derived from this run are faithful only up to this event.
16-Aug-26 04:46:24 - epoch 70: Non-finite (NaN/Inf) detected in edge_logits_vl (Phase 2): 259200 of 259200 values -- sanitizing to 0.0 (neutral logit). Results derived from this run are faithful only up to this event.
16-Aug-26 04:46:26 - epoch 70: Non-finite (NaN/Inf) detected in edge_logits_vl (Phase 1): 259200 of 259200 values -- sanitizing to 0.0 (neutral logit). Results derived from this run are faithful only up to this event.
16-Aug-26 04:46:27 - epoch 70: Non-finite (NaN/Inf) detected in edge_logits_vl (Phase 2): 259200 of 259200 values -- sanitizing to 0.0 (neutral logit). Results derived from this run are faithful only up to this event.
16-Aug-26 04:46:29 - epoch 70: Non-finite (NaN/Inf) detected in edge_logits_vl (Phase 1): 259200 of 259200 values -- sanitizing to 0.0 (neutral logit). Results derived from this run are faithful only up to this event.
16-Aug-26 04:46:30 - epoch 70: Non-finite (NaN/Inf) detected in edge_logits_vl (Phase 2): 259200 of 259200 values -- sanitizing to 0.0 (neutral logit). Results derived from this run are faithful only up to this event.
16-Aug-26 04:46:32 - epoch 70: Non-finite (NaN/Inf) detected in edge_logits_vl (Phase 1): 259200 of 259200 values -- sanitizing to 0.0 (neutral logit). Results derived from this run are faithful only up to this event.
16-Aug-26 04:46:33 - epoch 70: Non-finite (NaN/Inf) detected in edge_logits_vl (Phase 2): 259200 of 259200 values -- sanitizing to 0.0 (neutral logit). Results derived from this run are faithful only up to this event.
16-Aug-26 04:46:35 - epoch 70: Non-finite (NaN/Inf) detected in edge_logits_vl (Phase 1): 259200 of 259200 values -- sanitizing to 0.0 (neutral logit). Results derived from this run are faithful only up to this event.
16-Aug-26 04:46:36 - epoch 70: Non-finite (NaN/Inf) detected in edge_logits_vl (Phase 2): 259200 of 259200 values -- sanitizing to 0.0 (neutral logit). Results derived from this run are faithful only up to this event.
16-Aug-26 04:46:38 - epoch 70: Non-finite (NaN/Inf) detected in edge_logits_vl (Phase 1): 259200 of 259200 values -- sanitizing to 0.0 (neutral logit). Results derived from this run are faithful only up to this event.
16-Aug-26 04:46:39 - epoch 70: Non-finite (NaN/Inf) detected in edge_logits_vl (Phase 2): 259200 of 259200 values -- sanitizing to 0.0 (neutral logit). Results derived from this run are faithful only up to this event.
16-Aug-26 04:46:41 - epoch 70: Non-finite (NaN/Inf) detected in edge_logits_vl (Phase 1): 259200 of 259200 values -- sanitizing to 0.0 (neutral logit). Results derived from this run are faithful only up to this event.
16-Aug-26 04:46:42 - epoch 70: Non-finite (NaN/Inf) detected in edge_logits_vl (Phase 2): 259200 of 259200 values -- sanitizing to 0.0 (neutral logit). Results derived from this run are faithful only up to this event.
16-Aug-26 04:46:44 - epoch 70: Non-finite (NaN/Inf) detected in edge_logits_vl (Phase 1): 259200 of 259200 values -- sanitizing to 0.0 (neutral logit). Results derived from this run are faithful only up to this event.
16-Aug-26 04:46:45 - epoch 70: Non-finite (NaN/Inf) detected in edge_logits_vl (Phase 2): 259200 of 259200 values -- sanitizing to 0.0 (neutral logit). Results derived from this run are faithful only up to this event.
16-Aug-26 04:46:47 - epoch 70: Non-finite (NaN/Inf) detected in edge_logits_vl (Phase 1): 259200 of 259200 values -- sanitizing to 0.0 (neutral logit). Results derived from this run are faithful only up to this event.
16-Aug-26 04:46:48 - epoch 70: Non-finite (NaN/Inf) detected in edge_logits_vl (Phase 2): 259200 of 259200 values -- sanitizing to 0.0 (neutral logit). Results derived from this run are faithful only up to this event.
16-Aug-26 04:46:50 - epoch 70: Non-finite (NaN/Inf) detected in edge_logits_vl (Phase 1): 259200 of 259200 values -- sanitizing to 0.0 (neutral logit). Results derived from this run are faithful only up to this event.
16-Aug-26 04:46:51 - epoch 70: Non-finite (NaN/Inf) detected in edge_logits_vl (Phase 2): 259200 of 259200 values -- sanitizing to 0.0 (neutral logit). Results derived from this run are faithful only up to this event.
16-Aug-26 04:46:53 - epoch 70: Non-finite (NaN/Inf) detected in edge_logits_vl (Phase 1): 259200 of 259200 values -- sanitizing to 0.0 (neutral logit). Results derived from this run are faithful only up to this event.
16-Aug-26 04:46:54 - epoch 70: Non-finite (NaN/Inf) detected in edge_logits_vl (Phase 2): 259200 of 259200 values -- sanitizing to 0.0 (neutral logit). Results derived from this run are faithful only up to this event.
16-Aug-26 04:46:56 - epoch 70: Non-finite (NaN/Inf) detected in edge_logits_vl (Phase 1): 259200 of 259200 values -- sanitizing to 0.0 (neutral logit). Results derived from this run are faithful only up to this event.
16-Aug-26 04:46:57 - epoch 70: Non-finite (NaN/Inf) detected in edge_logits_vl (Phase 2): 259200 of 259200 values -- sanitizing to 0.0 (neutral logit). Results derived from this run are faithful only up to this event.
16-Aug-26 04:46:59 - epoch 70: Non-finite (NaN/Inf) detected in edge_logits_vl (Phase 1): 259200 of 259200 values -- sanitizing to 0.0 (neutral logit). Results derived from this run are faithful only up to this event.
16-Aug-26 04:47:00 - epoch 70: Non-finite (NaN/Inf) detected in edge_logits_vl (Phase 2): 259200 of 259200 values -- sanitizing to 0.0 (neutral logit). Results derived from this run are faithful only up to this event.
16-Aug-26 04:47:02 - epoch 70: Non-finite (NaN/Inf) detected in edge_logits_vl (Phase 1): 259200 of 259200 values -- sanitizing to 0.0 (neutral logit). Results derived from this run are faithful only up to this event.
16-Aug-26 04:47:03 - epoch 70: Non-finite (NaN/Inf) detected in edge_logits_vl (Phase 2): 259200 of 259200 values -- sanitizing to 0.0 (neutral logit). Results derived from this run are faithful only up to this event.
16-Aug-26 04:47:05 - epoch 70: Non-finite (NaN/Inf) detected in edge_logits_vl (Phase 1): 259200 of 259200 values -- sanitizing to 0.0 (neutral logit). Results derived from this run are faithful only up to this event.
16-Aug-26 04:47:06 - epoch 70: Non-finite (NaN/Inf) detected in edge_logits_vl (Phase 2): 259200 of 259200 values -- sanitizing to 0.0 (neutral logit). Results derived from this run are faithful only up to this event.
16-Aug-26 04:47:08 - epoch 70: Non-finite (NaN/Inf) detected in edge_logits_vl (Phase 1): 259200 of 259200 values -- sanitizing to 0.0 (neutral logit). Results derived from this run are faithful only up to this event.
16-Aug-26 04:47:09 - epoch 70: Non-finite (NaN/Inf) detected in edge_logits_vl (Phase 2): 259200 of 259200 values -- sanitizing to 0.0 (neutral logit). Results derived from this run are faithful only up to this event.
16-Aug-26 04:47:11 - epoch 70: Non-finite (NaN/Inf) detected in edge_logits_vl (Phase 1): 259200 of 259200 values -- sanitizing to 0.0 (neutral logit). Results derived from this run are faithful only up to this event.
16-Aug-26 04:47:12 - epoch 70: Non-finite (NaN/Inf) detected in edge_logits_vl (Phase 2): 259200 of 259200 values -- sanitizing to 0.0 (neutral logit). Results derived from this run are faithful only up to this event.
16-Aug-26 04:47:14 - epoch 70: Non-finite (NaN/Inf) detected in edge_logits_vl (Phase 1): 259200 of 259200 values -- sanitizing to 0.0 (neutral logit). Results derived from this run are faithful only up to this event.
16-Aug-26 04:47:15 - epoch 70: Non-finite (NaN/Inf) detected in edge_logits_vl (Phase 2): 259200 of 259200 values -- sanitizing to 0.0 (neutral logit). Results derived from this run are faithful only up to this event.
16-Aug-26 04:47:17 - epoch 70: Non-finite (NaN/Inf) detected in edge_logits_vl (Phase 1): 259200 of 259200 values -- sanitizing to 0.0 (neutral logit). Results derived from this run are faithful only up to this event.
16-Aug-26 04:47:18 - epoch 70: Non-finite (NaN/Inf) detected in edge_logits_vl (Phase 2): 259200 of 259200 values -- sanitizing to 0.0 (neutral logit). Results derived from this run are faithful only up to this event.
16-Aug-26 04:47:20 - epoch 70: Non-finite (NaN/Inf) detected in edge_logits_vl (Phase 1): 259200 of 259200 values -- sanitizing to 0.0 (neutral logit). Results derived from this run are faithful only up to this event.
16-Aug-26 04:47:21 - epoch 70: Non-finite (NaN/Inf) detected in edge_logits_vl (Phase 2): 259200 of 259200 values -- sanitizing to 0.0 (neutral logit). Results derived from this run are faithful only up to this event.
16-Aug-26 04:47:23 - epoch 70: Non-finite (NaN/Inf) detected in edge_logits_vl (Phase 1): 259200 of 259200 values -- sanitizing to 0.0 (neutral logit). Results derived from this run are faithful only up to this event.
16-Aug-26 04:47:24 - epoch 70: Non-finite (NaN/Inf) detected in edge_logits_vl (Phase 2): 259200 of 259200 values -- sanitizing to 0.0 (neutral logit). Results derived from this run are faithful only up to this event.
16-Aug-26 04:47:26 - epoch 70: Non-finite (NaN/Inf) detected in edge_logits_vl (Phase 1): 259200 of 259200 values -- sanitizing to 0.0 (neutral logit). Results derived from this run are faithful only up to this event.
16-Aug-26 04:47:28 - epoch 70: Non-finite (NaN/Inf) detected in edge_logits_vl (Phase 2): 259200 of 259200 values -- sanitizing to 0.0 (neutral logit). Results derived from this run are faithful only up to this event.
16-Aug-26 04:47:29 - epoch 70: Non-finite (NaN/Inf) detected in edge_logits_vl (Phase 1): 259200 of 259200 values -- sanitizing to 0.0 (neutral logit). Results derived from this run are faithful only up to this event.
16-Aug-26 04:47:31 - epoch 70: Non-finite (NaN/Inf) detected in edge_logits_vl (Phase 2): 259200 of 259200 values -- sanitizing to 0.0 (neutral logit). Results derived from this run are faithful only up to this event.
16-Aug-26 04:47:32 - epoch 70: Non-finite (NaN/Inf) detected in edge_logits_vl (Phase 1): 259200 of 259200 values -- sanitizing to 0.0 (neutral logit). Results derived from this run are faithful only up to this event.
16-Aug-26 04:47:34 - epoch 70: Non-finite (NaN/Inf) detected in edge_logits_vl (Phase 2): 259200 of 259200 values -- sanitizing to 0.0 (neutral logit). Results derived from this run are faithful only up to this event.
16-Aug-26 04:47:35 - epoch 70: Non-finite (NaN/Inf) detected in edge_logits_vl (Phase 1): 226800 of 226800 values -- sanitizing to 0.0 (neutral logit). Results derived from this run are faithful only up to this event.
16-Aug-26 04:47:36 - epoch 70: Non-finite (NaN/Inf) detected in edge_logits_vl (Phase 2): 226800 of 226800 values -- sanitizing to 0.0 (neutral logit). Results derived from this run are faithful only up to this event.
16-Aug-26 04:47:37 - Epoch 70, Model Loss 2.1078133159102754, View Loss nan, Reg 0.5001283815465711
/users/3171356m/miniconda3/envs/grastiacl/lib/python3.12/site-packages/torch_geometric/data/in_memory_dataset.py:300: UserWarning: It is not recommended to directly access the internal storage format `data` of an 'InMemoryDataset'. The data of the dataset is already cached, so any modifications to `data` will not be reflected when accessing its elements. Clearing the cache now by removing all elements in `dataset._data_list`. If you are absolutely certain what you are doing, access the internal storage via `InMemoryDataset._data` instead to suppress this warning. Alternatively, you can access stacked individual attributes of every graph via `dataset.{attr_name}`.
  warnings.warn(msg)
16-Aug-26 04:48:18 - Metric: accuracy Train_mean: 0.5580239187873731 Val_mean: 0.5241830065359477 Test_mean: 0.5178010471204189
16-Aug-26 04:48:18 - Metric: accuracy Train_std: 0.010064168785449546 Val_std: 0.02527984262197872 Test_std: 0.02702301131008153
16-Aug-26 04:48:18 - Metric: f1 Train_mean: 0.4950177490767804 Val_mean: 0.47223594516966727 Test_mean: 0.46516144078972815
16-Aug-26 04:48:18 - Metric: f1 Train_std: 0.03588349595945134 Val_std: 0.056150549780092734 Test_std: 0.01784792574530948
16-Aug-26 04:48:18 - Metric: sen Train_mean: 0.4591065276319363 Val_mean: 0.4520547883280166 Test_mean: 0.4417582369037557
16-Aug-26 04:48:18 - Metric: sen Train_std: 0.057032251173702905 Val_std: 0.0774911530411127 Test_std: 0.040763157774012355
16-Aug-26 04:48:18 - Metric: spe Train_mean: 0.6477316958002725 Val_mean: 0.5899999926250001 Test_mean: 0.5869702911701952
16-Aug-26 04:48:18 - Metric: spe Train_std: 0.0488907450525058 Val_std: 0.04703721871760172 Test_std: 0.08050019022159152
16-Aug-26 04:48:18 - Metric: precision Train_mean: 0.5422749418391338 Val_mean: 0.4991780360514504 Test_mean: 0.4971081908171401
16-Aug-26 04:48:18 - Metric: precision Train_std: 0.012420244272441792 Val_std: 0.02887621169676152 Test_std: 0.0355859554140531
16-Aug-26 04:48:19 - epoch 71: Non-finite (NaN/Inf) detected in edge_logits_vl (Phase 1): 259200 of 259200 values -- sanitizing to 0.0 (neutral logit). Results derived from this run are faithful only up to this event.
16-Aug-26 04:48:20 - epoch 71: Non-finite (NaN/Inf) detected in edge_logits_vl (Phase 2): 259200 of 259200 values -- sanitizing to 0.0 (neutral logit). Results derived from this run are faithful only up to this event.
16-Aug-26 04:48:21 - epoch 71: Non-finite (NaN/Inf) detected in edge_logits_vl (Phase 1): 259200 of 259200 values -- sanitizing to 0.0 (neutral logit). Results derived from this run are faithful only up to this event.
16-Aug-26 04:48:23 - epoch 71: Non-finite (NaN/Inf) detected in edge_logits_vl (Phase 2): 259200 of 259200 values -- sanitizing to 0.0 (neutral logit). Results derived from this run are faithful only up to this event.
16-Aug-26 04:48:24 - epoch 71: Non-finite (NaN/Inf) detected in edge_logits_vl (Phase 1): 259200 of 259200 values -- sanitizing to 0.0 (neutral logit). Results derived from this run are faithful only up to this event.
16-Aug-26 04:48:26 - epoch 71: Non-finite (NaN/Inf) detected in edge_logits_vl (Phase 2): 259200 of 259200 values -- sanitizing to 0.0 (neutral logit). Results derived from this run are faithful only up to this event.
16-Aug-26 04:48:27 - epoch 71: Non-finite (NaN/Inf) detected in edge_logits_vl (Phase 1): 259200 of 259200 values -- sanitizing to 0.0 (neutral logit). Results derived from this run are faithful only up to this event.
16-Aug-26 04:48:29 - epoch 71: Non-finite (NaN/Inf) detected in edge_logits_vl (Phase 2): 259200 of 259200 values -- sanitizing to 0.0 (neutral logit). Results derived from this run are faithful only up to this event.
16-Aug-26 04:48:30 - epoch 71: Non-finite (NaN/Inf) detected in edge_logits_vl (Phase 1): 259200 of 259200 values -- sanitizing to 0.0 (neutral logit). Results derived from this run are faithful only up to this event.
16-Aug-26 04:48:32 - epoch 71: Non-finite (NaN/Inf) detected in edge_logits_vl (Phase 2): 259200 of 259200 values -- sanitizing to 0.0 (neutral logit). Results derived from this run are faithful only up to this event.
16-Aug-26 04:48:33 - epoch 71: Non-finite (NaN/Inf) detected in edge_logits_vl (Phase 1): 259200 of 259200 values -- sanitizing to 0.0 (neutral logit). Results derived from this run are faithful only up to this event.
16-Aug-26 04:48:35 - epoch 71: Non-finite (NaN/Inf) detected in edge_logits_vl (Phase 2): 259200 of 259200 values -- sanitizing to 0.0 (neutral logit). Results derived from this run are faithful only up to this event.
16-Aug-26 04:48:36 - epoch 71: Non-finite (NaN/Inf) detected in edge_logits_vl (Phase 1): 259200 of 259200 values -- sanitizing to 0.0 (neutral logit). Results derived from this run are faithful only up to this event.
16-Aug-26 04:48:38 - epoch 71: Non-finite (NaN/Inf) detected in edge_logits_vl (Phase 2): 259200 of 259200 values -- sanitizing to 0.0 (neutral logit). Results derived from this run are faithful only up to this event.
16-Aug-26 04:48:39 - epoch 71: Non-finite (NaN/Inf) detected in edge_logits_vl (Phase 1): 259200 of 259200 values -- sanitizing to 0.0 (neutral logit). Results derived from this run are faithful only up to this event.
16-Aug-26 04:48:41 - epoch 71: Non-finite (NaN/Inf) detected in edge_logits_vl (Phase 2): 259200 of 259200 values -- sanitizing to 0.0 (neutral logit). Results derived from this run are faithful only up to this event.
16-Aug-26 04:48:42 - epoch 71: Non-finite (NaN/Inf) detected in edge_logits_vl (Phase 1): 259200 of 259200 values -- sanitizing to 0.0 (neutral logit). Results derived from this run are faithful only up to this event.
16-Aug-26 04:48:44 - epoch 71: Non-finite (NaN/Inf) detected in edge_logits_vl (Phase 2): 259200 of 259200 values -- sanitizing to 0.0 (neutral logit). Results derived from this run are faithful only up to this event.
16-Aug-26 04:48:45 - epoch 71: Non-finite (NaN/Inf) detected in edge_logits_vl (Phase 1): 259200 of 259200 values -- sanitizing to 0.0 (neutral logit). Results derived from this run are faithful only up to this event.
16-Aug-26 04:48:47 - epoch 71: Non-finite (NaN/Inf) detected in edge_logits_vl (Phase 2): 259200 of 259200 values -- sanitizing to 0.0 (neutral logit). Results derived from this run are faithful only up to this event.
16-Aug-26 04:48:48 - epoch 71: Non-finite (NaN/Inf) detected in edge_logits_vl (Phase 1): 259200 of 259200 values -- sanitizing to 0.0 (neutral logit). Results derived from this run are faithful only up to this event.
16-Aug-26 04:48:50 - epoch 71: Non-finite (NaN/Inf) detected in edge_logits_vl (Phase 2): 259200 of 259200 values -- sanitizing to 0.0 (neutral logit). Results derived from this run are faithful only up to this event.
16-Aug-26 04:48:51 - epoch 71: Non-finite (NaN/Inf) detected in edge_logits_vl (Phase 1): 259200 of 259200 values -- sanitizing to 0.0 (neutral logit). Results derived from this run are faithful only up to this event.
16-Aug-26 04:48:53 - epoch 71: Non-finite (NaN/Inf) detected in edge_logits_vl (Phase 2): 259200 of 259200 values -- sanitizing to 0.0 (neutral logit). Results derived from this run are faithful only up to this event.
16-Aug-26 04:48:54 - epoch 71: Non-finite (NaN/Inf) detected in edge_logits_vl (Phase 1): 259200 of 259200 values -- sanitizing to 0.0 (neutral logit). Results derived from this run are faithful only up to this event.
16-Aug-26 04:48:56 - epoch 71: Non-finite (NaN/Inf) detected in edge_logits_vl (Phase 2): 259200 of 259200 values -- sanitizing to 0.0 (neutral logit). Results derived from this run are faithful only up to this event.
16-Aug-26 04:48:57 - epoch 71: Non-finite (NaN/Inf) detected in edge_logits_vl (Phase 1): 259200 of 259200 values -- sanitizing to 0.0 (neutral logit). Results derived from this run are faithful only up to this event.
16-Aug-26 04:48:59 - epoch 71: Non-finite (NaN/Inf) detected in edge_logits_vl (Phase 2): 259200 of 259200 values -- sanitizing to 0.0 (neutral logit). Results derived from this run are faithful only up to this event.
16-Aug-26 04:49:00 - epoch 71: Non-finite (NaN/Inf) detected in edge_logits_vl (Phase 1): 259200 of 259200 values -- sanitizing to 0.0 (neutral logit). Results derived from this run are faithful only up to this event.
16-Aug-26 04:49:02 - epoch 71: Non-finite (NaN/Inf) detected in edge_logits_vl (Phase 2): 259200 of 259200 values -- sanitizing to 0.0 (neutral logit). Results derived from this run are faithful only up to this event.
16-Aug-26 04:49:03 - epoch 71: Non-finite (NaN/Inf) detected in edge_logits_vl (Phase 1): 259200 of 259200 values -- sanitizing to 0.0 (neutral logit). Results derived from this run are faithful only up to this event.
16-Aug-26 04:49:05 - epoch 71: Non-finite (NaN/Inf) detected in edge_logits_vl (Phase 2): 259200 of 259200 values -- sanitizing to 0.0 (neutral logit). Results derived from this run are faithful only up to this event.
16-Aug-26 04:49:06 - epoch 71: Non-finite (NaN/Inf) detected in edge_logits_vl (Phase 1): 259200 of 259200 values -- sanitizing to 0.0 (neutral logit). Results derived from this run are faithful only up to this event.
16-Aug-26 04:49:08 - epoch 71: Non-finite (NaN/Inf) detected in edge_logits_vl (Phase 2): 259200 of 259200 values -- sanitizing to 0.0 (neutral logit). Results derived from this run are faithful only up to this event.
16-Aug-26 04:49:09 - epoch 71: Non-finite (NaN/Inf) detected in edge_logits_vl (Phase 1): 259200 of 259200 values -- sanitizing to 0.0 (neutral logit). Results derived from this run are faithful only up to this event.
16-Aug-26 04:49:11 - epoch 71: Non-finite (NaN/Inf) detected in edge_logits_vl (Phase 2): 259200 of 259200 values -- sanitizing to 0.0 (neutral logit). Results derived from this run are faithful only up to this event.
16-Aug-26 04:49:12 - epoch 71: Non-finite (NaN/Inf) detected in edge_logits_vl (Phase 1): 259200 of 259200 values -- sanitizing to 0.0 (neutral logit). Results derived from this run are faithful only up to this event.
16-Aug-26 04:49:14 - epoch 71: Non-finite (NaN/Inf) detected in edge_logits_vl (Phase 2): 259200 of 259200 values -- sanitizing to 0.0 (neutral logit). Results derived from this run are faithful only up to this event.
16-Aug-26 04:49:15 - epoch 71: Non-finite (NaN/Inf) detected in edge_logits_vl (Phase 1): 259200 of 259200 values -- sanitizing to 0.0 (neutral logit). Results derived from this run are faithful only up to this event.
16-Aug-26 04:49:17 - epoch 71: Non-finite (NaN/Inf) detected in edge_logits_vl (Phase 2): 259200 of 259200 values -- sanitizing to 0.0 (neutral logit). Results derived from this run are faithful only up to this event.
16-Aug-26 04:49:18 - epoch 71: Non-finite (NaN/Inf) detected in edge_logits_vl (Phase 1): 259200 of 259200 values -- sanitizing to 0.0 (neutral logit). Results derived from this run are faithful only up to this event.
16-Aug-26 04:49:20 - epoch 71: Non-finite (NaN/Inf) detected in edge_logits_vl (Phase 2): 259200 of 259200 values -- sanitizing to 0.0 (neutral logit). Results derived from this run are faithful only up to this event.
16-Aug-26 04:49:21 - epoch 71: Non-finite (NaN/Inf) detected in edge_logits_vl (Phase 1): 259200 of 259200 values -- sanitizing to 0.0 (neutral logit). Results derived from this run are faithful only up to this event.
16-Aug-26 04:49:23 - epoch 71: Non-finite (NaN/Inf) detected in edge_logits_vl (Phase 2): 259200 of 259200 values -- sanitizing to 0.0 (neutral logit). Results derived from this run are faithful only up to this event.
16-Aug-26 04:49:24 - epoch 71: Non-finite (NaN/Inf) detected in edge_logits_vl (Phase 1): 259200 of 259200 values -- sanitizing to 0.0 (neutral logit). Results derived from this run are faithful only up to this event.
16-Aug-26 04:49:26 - epoch 71: Non-finite (NaN/Inf) detected in edge_logits_vl (Phase 2): 259200 of 259200 values -- sanitizing to 0.0 (neutral logit). Results derived from this run are faithful only up to this event.
16-Aug-26 04:49:27 - epoch 71: Non-finite (NaN/Inf) detected in edge_logits_vl (Phase 1): 259200 of 259200 values -- sanitizing to 0.0 (neutral logit). Results derived from this run are faithful only up to this event.
16-Aug-26 04:49:29 - epoch 71: Non-finite (NaN/Inf) detected in edge_logits_vl (Phase 2): 259200 of 259200 values -- sanitizing to 0.0 (neutral logit). Results derived from this run are faithful only up to this event.
16-Aug-26 04:49:30 - epoch 71: Non-finite (NaN/Inf) detected in edge_logits_vl (Phase 1): 259200 of 259200 values -- sanitizing to 0.0 (neutral logit). Results derived from this run are faithful only up to this event.
16-Aug-26 04:49:32 - epoch 71: Non-finite (NaN/Inf) detected in edge_logits_vl (Phase 2): 259200 of 259200 values -- sanitizing to 0.0 (neutral logit). Results derived from this run are faithful only up to this event.
16-Aug-26 04:49:33 - epoch 71: Non-finite (NaN/Inf) detected in edge_logits_vl (Phase 1): 259200 of 259200 values -- sanitizing to 0.0 (neutral logit). Results derived from this run are faithful only up to this event.
16-Aug-26 04:49:35 - epoch 71: Non-finite (NaN/Inf) detected in edge_logits_vl (Phase 2): 259200 of 259200 values -- sanitizing to 0.0 (neutral logit). Results derived from this run are faithful only up to this event.
16-Aug-26 04:49:37 - epoch 71: Non-finite (NaN/Inf) detected in edge_logits_vl (Phase 1): 259200 of 259200 values -- sanitizing to 0.0 (neutral logit). Results derived from this run are faithful only up to this event.
16-Aug-26 04:49:38 - epoch 71: Non-finite (NaN/Inf) detected in edge_logits_vl (Phase 2): 259200 of 259200 values -- sanitizing to 0.0 (neutral logit). Results derived from this run are faithful only up to this event.
16-Aug-26 04:49:40 - epoch 71: Non-finite (NaN/Inf) detected in edge_logits_vl (Phase 1): 259200 of 259200 values -- sanitizing to 0.0 (neutral logit). Results derived from this run are faithful only up to this event.
16-Aug-26 04:49:41 - epoch 71: Non-finite (NaN/Inf) detected in edge_logits_vl (Phase 2): 259200 of 259200 values -- sanitizing to 0.0 (neutral logit). Results derived from this run are faithful only up to this event.
16-Aug-26 04:49:43 - epoch 71: Non-finite (NaN/Inf) detected in edge_logits_vl (Phase 1): 259200 of 259200 values -- sanitizing to 0.0 (neutral logit). Results derived from this run are faithful only up to this event.
16-Aug-26 04:49:44 - epoch 71: Non-finite (NaN/Inf) detected in edge_logits_vl (Phase 2): 259200 of 259200 values -- sanitizing to 0.0 (neutral logit). Results derived from this run are faithful only up to this event.
16-Aug-26 04:49:46 - epoch 71: Non-finite (NaN/Inf) detected in edge_logits_vl (Phase 1): 226800 of 226800 values -- sanitizing to 0.0 (neutral logit). Results derived from this run are faithful only up to this event.
16-Aug-26 04:49:47 - epoch 71: Non-finite (NaN/Inf) detected in edge_logits_vl (Phase 2): 226800 of 226800 values -- sanitizing to 0.0 (neutral logit). Results derived from this run are faithful only up to this event.
16-Aug-26 04:49:48 - Epoch 71, Model Loss 2.1123114619793752, View Loss nan, Reg 0.499961429310643
16-Aug-26 04:49:48 - epoch 72: Non-finite (NaN/Inf) detected in edge_logits_vl (Phase 1): 259200 of 259200 values -- sanitizing to 0.0 (neutral logit). Results derived from this run are faithful only up to this event.
16-Aug-26 04:49:50 - epoch 72: Non-finite (NaN/Inf) detected in edge_logits_vl (Phase 2): 259200 of 259200 values -- sanitizing to 0.0 (neutral logit). Results derived from this run are faithful only up to this event.
16-Aug-26 04:49:51 - epoch 72: Non-finite (NaN/Inf) detected in edge_logits_vl (Phase 1): 259200 of 259200 values -- sanitizing to 0.0 (neutral logit). Results derived from this run are faithful only up to this event.
16-Aug-26 04:49:53 - epoch 72: Non-finite (NaN/Inf) detected in edge_logits_vl (Phase 2): 259200 of 259200 values -- sanitizing to 0.0 (neutral logit). Results derived from this run are faithful only up to this event.
16-Aug-26 04:49:54 - epoch 72: Non-finite (NaN/Inf) detected in edge_logits_vl (Phase 1): 259200 of 259200 values -- sanitizing to 0.0 (neutral logit). Results derived from this run are faithful only up to this event.
16-Aug-26 04:49:55 - epoch 72: Non-finite (NaN/Inf) detected in edge_logits_vl (Phase 2): 259200 of 259200 values -- sanitizing to 0.0 (neutral logit). Results derived from this run are faithful only up to this event.
16-Aug-26 04:49:57 - epoch 72: Non-finite (NaN/Inf) detected in edge_logits_vl (Phase 1): 259200 of 259200 values -- sanitizing to 0.0 (neutral logit). Results derived from this run are faithful only up to this event.
16-Aug-26 04:49:58 - epoch 72: Non-finite (NaN/Inf) detected in edge_logits_vl (Phase 2): 259200 of 259200 values -- sanitizing to 0.0 (neutral logit). Results derived from this run are faithful only up to this event.
16-Aug-26 04:50:00 - epoch 72: Non-finite (NaN/Inf) detected in edge_logits_vl (Phase 1): 259200 of 259200 values -- sanitizing to 0.0 (neutral logit). Results derived from this run are faithful only up to this event.
16-Aug-26 04:50:01 - epoch 72: Non-finite (NaN/Inf) detected in edge_logits_vl (Phase 2): 259200 of 259200 values -- sanitizing to 0.0 (neutral logit). Results derived from this run are faithful only up to this event.
16-Aug-26 04:50:03 - epoch 72: Non-finite (NaN/Inf) detected in edge_logits_vl (Phase 1): 259200 of 259200 values -- sanitizing to 0.0 (neutral logit). Results derived from this run are faithful only up to this event.
16-Aug-26 04:50:04 - epoch 72: Non-finite (NaN/Inf) detected in edge_logits_vl (Phase 2): 259200 of 259200 values -- sanitizing to 0.0 (neutral logit). Results derived from this run are faithful only up to this event.
16-Aug-26 04:50:06 - epoch 72: Non-finite (NaN/Inf) detected in edge_logits_vl (Phase 1): 259200 of 259200 values -- sanitizing to 0.0 (neutral logit). Results derived from this run are faithful only up to this event.
16-Aug-26 04:50:07 - epoch 72: Non-finite (NaN/Inf) detected in edge_logits_vl (Phase 2): 259200 of 259200 values -- sanitizing to 0.0 (neutral logit). Results derived from this run are faithful only up to this event.
16-Aug-26 04:50:09 - epoch 72: Non-finite (NaN/Inf) detected in edge_logits_vl (Phase 1): 259200 of 259200 values -- sanitizing to 0.0 (neutral logit). Results derived from this run are faithful only up to this event.
16-Aug-26 04:50:10 - epoch 72: Non-finite (NaN/Inf) detected in edge_logits_vl (Phase 2): 259200 of 259200 values -- sanitizing to 0.0 (neutral logit). Results derived from this run are faithful only up to this event.
16-Aug-26 04:50:12 - epoch 72: Non-finite (NaN/Inf) detected in edge_logits_vl (Phase 1): 259200 of 259200 values -- sanitizing to 0.0 (neutral logit). Results derived from this run are faithful only up to this event.
16-Aug-26 04:50:13 - epoch 72: Non-finite (NaN/Inf) detected in edge_logits_vl (Phase 2): 259200 of 259200 values -- sanitizing to 0.0 (neutral logit). Results derived from this run are faithful only up to this event.
16-Aug-26 04:50:15 - epoch 72: Non-finite (NaN/Inf) detected in edge_logits_vl (Phase 1): 259200 of 259200 values -- sanitizing to 0.0 (neutral logit). Results derived from this run are faithful only up to this event.
16-Aug-26 04:50:16 - epoch 72: Non-finite (NaN/Inf) detected in edge_logits_vl (Phase 2): 259200 of 259200 values -- sanitizing to 0.0 (neutral logit). Results derived from this run are faithful only up to this event.
16-Aug-26 04:50:18 - epoch 72: Non-finite (NaN/Inf) detected in edge_logits_vl (Phase 1): 259200 of 259200 values -- sanitizing to 0.0 (neutral logit). Results derived from this run are faithful only up to this event.
16-Aug-26 04:50:19 - epoch 72: Non-finite (NaN/Inf) detected in edge_logits_vl (Phase 2): 259200 of 259200 values -- sanitizing to 0.0 (neutral logit). Results derived from this run are faithful only up to this event.
16-Aug-26 04:50:21 - epoch 72: Non-finite (NaN/Inf) detected in edge_logits_vl (Phase 1): 259200 of 259200 values -- sanitizing to 0.0 (neutral logit). Results derived from this run are faithful only up to this event.
16-Aug-26 04:50:22 - epoch 72: Non-finite (NaN/Inf) detected in edge_logits_vl (Phase 2): 259200 of 259200 values -- sanitizing to 0.0 (neutral logit). Results derived from this run are faithful only up to this event.
16-Aug-26 04:50:24 - epoch 72: Non-finite (NaN/Inf) detected in edge_logits_vl (Phase 1): 259200 of 259200 values -- sanitizing to 0.0 (neutral logit). Results derived from this run are faithful only up to this event.
16-Aug-26 04:50:25 - epoch 72: Non-finite (NaN/Inf) detected in edge_logits_vl (Phase 2): 259200 of 259200 values -- sanitizing to 0.0 (neutral logit). Results derived from this run are faithful only up to this event.
16-Aug-26 04:50:27 - epoch 72: Non-finite (NaN/Inf) detected in edge_logits_vl (Phase 1): 259200 of 259200 values -- sanitizing to 0.0 (neutral logit). Results derived from this run are faithful only up to this event.
16-Aug-26 04:50:28 - epoch 72: Non-finite (NaN/Inf) detected in edge_logits_vl (Phase 2): 259200 of 259200 values -- sanitizing to 0.0 (neutral logit). Results derived from this run are faithful only up to this event.
16-Aug-26 04:50:30 - epoch 72: Non-finite (NaN/Inf) detected in edge_logits_vl (Phase 1): 259200 of 259200 values -- sanitizing to 0.0 (neutral logit). Results derived from this run are faithful only up to this event.
16-Aug-26 04:50:31 - epoch 72: Non-finite (NaN/Inf) detected in edge_logits_vl (Phase 2): 259200 of 259200 values -- sanitizing to 0.0 (neutral logit). Results derived from this run are faithful only up to this event.
16-Aug-26 04:50:33 - epoch 72: Non-finite (NaN/Inf) detected in edge_logits_vl (Phase 1): 259200 of 259200 values -- sanitizing to 0.0 (neutral logit). Results derived from this run are faithful only up to this event.
16-Aug-26 04:50:34 - epoch 72: Non-finite (NaN/Inf) detected in edge_logits_vl (Phase 2): 259200 of 259200 values -- sanitizing to 0.0 (neutral logit). Results derived from this run are faithful only up to this event.
16-Aug-26 04:50:36 - epoch 72: Non-finite (NaN/Inf) detected in edge_logits_vl (Phase 1): 259200 of 259200 values -- sanitizing to 0.0 (neutral logit). Results derived from this run are faithful only up to this event.
16-Aug-26 04:50:37 - epoch 72: Non-finite (NaN/Inf) detected in edge_logits_vl (Phase 2): 259200 of 259200 values -- sanitizing to 0.0 (neutral logit). Results derived from this run are faithful only up to this event.
16-Aug-26 04:50:39 - epoch 72: Non-finite (NaN/Inf) detected in edge_logits_vl (Phase 1): 259200 of 259200 values -- sanitizing to 0.0 (neutral logit). Results derived from this run are faithful only up to this event.
16-Aug-26 04:50:41 - epoch 72: Non-finite (NaN/Inf) detected in edge_logits_vl (Phase 2): 259200 of 259200 values -- sanitizing to 0.0 (neutral logit). Results derived from this run are faithful only up to this event.
16-Aug-26 04:50:42 - epoch 72: Non-finite (NaN/Inf) detected in edge_logits_vl (Phase 1): 259200 of 259200 values -- sanitizing to 0.0 (neutral logit). Results derived from this run are faithful only up to this event.
16-Aug-26 04:50:44 - epoch 72: Non-finite (NaN/Inf) detected in edge_logits_vl (Phase 2): 259200 of 259200 values -- sanitizing to 0.0 (neutral logit). Results derived from this run are faithful only up to this event.
16-Aug-26 04:50:45 - epoch 72: Non-finite (NaN/Inf) detected in edge_logits_vl (Phase 1): 259200 of 259200 values -- sanitizing to 0.0 (neutral logit). Results derived from this run are faithful only up to this event.
16-Aug-26 04:50:46 - epoch 72: Non-finite (NaN/Inf) detected in edge_logits_vl (Phase 2): 259200 of 259200 values -- sanitizing to 0.0 (neutral logit). Results derived from this run are faithful only up to this event.
16-Aug-26 04:50:48 - epoch 72: Non-finite (NaN/Inf) detected in edge_logits_vl (Phase 1): 259200 of 259200 values -- sanitizing to 0.0 (neutral logit). Results derived from this run are faithful only up to this event.
16-Aug-26 04:50:50 - epoch 72: Non-finite (NaN/Inf) detected in edge_logits_vl (Phase 2): 259200 of 259200 values -- sanitizing to 0.0 (neutral logit). Results derived from this run are faithful only up to this event.
16-Aug-26 04:50:51 - epoch 72: Non-finite (NaN/Inf) detected in edge_logits_vl (Phase 1): 259200 of 259200 values -- sanitizing to 0.0 (neutral logit). Results derived from this run are faithful only up to this event.
16-Aug-26 04:50:53 - epoch 72: Non-finite (NaN/Inf) detected in edge_logits_vl (Phase 2): 259200 of 259200 values -- sanitizing to 0.0 (neutral logit). Results derived from this run are faithful only up to this event.
16-Aug-26 04:50:54 - epoch 72: Non-finite (NaN/Inf) detected in edge_logits_vl (Phase 1): 259200 of 259200 values -- sanitizing to 0.0 (neutral logit). Results derived from this run are faithful only up to this event.
16-Aug-26 04:50:56 - epoch 72: Non-finite (NaN/Inf) detected in edge_logits_vl (Phase 2): 259200 of 259200 values -- sanitizing to 0.0 (neutral logit). Results derived from this run are faithful only up to this event.
16-Aug-26 04:50:57 - epoch 72: Non-finite (NaN/Inf) detected in edge_logits_vl (Phase 1): 259200 of 259200 values -- sanitizing to 0.0 (neutral logit). Results derived from this run are faithful only up to this event.
16-Aug-26 04:50:59 - epoch 72: Non-finite (NaN/Inf) detected in edge_logits_vl (Phase 2): 259200 of 259200 values -- sanitizing to 0.0 (neutral logit). Results derived from this run are faithful only up to this event.
16-Aug-26 04:51:00 - epoch 72: Non-finite (NaN/Inf) detected in edge_logits_vl (Phase 1): 259200 of 259200 values -- sanitizing to 0.0 (neutral logit). Results derived from this run are faithful only up to this event.
16-Aug-26 04:51:02 - epoch 72: Non-finite (NaN/Inf) detected in edge_logits_vl (Phase 2): 259200 of 259200 values -- sanitizing to 0.0 (neutral logit). Results derived from this run are faithful only up to this event.
16-Aug-26 04:51:03 - epoch 72: Non-finite (NaN/Inf) detected in edge_logits_vl (Phase 1): 259200 of 259200 values -- sanitizing to 0.0 (neutral logit). Results derived from this run are faithful only up to this event.
16-Aug-26 04:51:05 - epoch 72: Non-finite (NaN/Inf) detected in edge_logits_vl (Phase 2): 259200 of 259200 values -- sanitizing to 0.0 (neutral logit). Results derived from this run are faithful only up to this event.
16-Aug-26 04:51:06 - epoch 72: Non-finite (NaN/Inf) detected in edge_logits_vl (Phase 1): 259200 of 259200 values -- sanitizing to 0.0 (neutral logit). Results derived from this run are faithful only up to this event.
16-Aug-26 04:51:08 - epoch 72: Non-finite (NaN/Inf) detected in edge_logits_vl (Phase 2): 259200 of 259200 values -- sanitizing to 0.0 (neutral logit). Results derived from this run are faithful only up to this event.
16-Aug-26 04:51:09 - epoch 72: Non-finite (NaN/Inf) detected in edge_logits_vl (Phase 1): 259200 of 259200 values -- sanitizing to 0.0 (neutral logit). Results derived from this run are faithful only up to this event.
16-Aug-26 04:51:11 - epoch 72: Non-finite (NaN/Inf) detected in edge_logits_vl (Phase 2): 259200 of 259200 values -- sanitizing to 0.0 (neutral logit). Results derived from this run are faithful only up to this event.
16-Aug-26 04:51:12 - epoch 72: Non-finite (NaN/Inf) detected in edge_logits_vl (Phase 1): 259200 of 259200 values -- sanitizing to 0.0 (neutral logit). Results derived from this run are faithful only up to this event.
16-Aug-26 04:51:14 - epoch 72: Non-finite (NaN/Inf) detected in edge_logits_vl (Phase 2): 259200 of 259200 values -- sanitizing to 0.0 (neutral logit). Results derived from this run are faithful only up to this event.
16-Aug-26 04:51:15 - epoch 72: Non-finite (NaN/Inf) detected in edge_logits_vl (Phase 1): 226800 of 226800 values -- sanitizing to 0.0 (neutral logit). Results derived from this run are faithful only up to this event.
16-Aug-26 04:51:17 - epoch 72: Non-finite (NaN/Inf) detected in edge_logits_vl (Phase 2): 226800 of 226800 values -- sanitizing to 0.0 (neutral logit). Results derived from this run are faithful only up to this event.
16-Aug-26 04:51:17 - Epoch 72, Model Loss 2.129494837637227, View Loss nan, Reg 0.500022847782119
16-Aug-26 04:51:18 - epoch 73: Non-finite (NaN/Inf) detected in edge_logits_vl (Phase 1): 259200 of 259200 values -- sanitizing to 0.0 (neutral logit). Results derived from this run are faithful only up to this event.
16-Aug-26 04:51:19 - epoch 73: Non-finite (NaN/Inf) detected in edge_logits_vl (Phase 2): 259200 of 259200 values -- sanitizing to 0.0 (neutral logit). Results derived from this run are faithful only up to this event.
16-Aug-26 04:51:21 - epoch 73: Non-finite (NaN/Inf) detected in edge_logits_vl (Phase 1): 259200 of 259200 values -- sanitizing to 0.0 (neutral logit). Results derived from this run are faithful only up to this event.
16-Aug-26 04:51:22 - epoch 73: Non-finite (NaN/Inf) detected in edge_logits_vl (Phase 2): 259200 of 259200 values -- sanitizing to 0.0 (neutral logit). Results derived from this run are faithful only up to this event.
16-Aug-26 04:51:24 - epoch 73: Non-finite (NaN/Inf) detected in edge_logits_vl (Phase 1): 259200 of 259200 values -- sanitizing to 0.0 (neutral logit). Results derived from this run are faithful only up to this event.
16-Aug-26 04:51:25 - epoch 73: Non-finite (NaN/Inf) detected in edge_logits_vl (Phase 2): 259200 of 259200 values -- sanitizing to 0.0 (neutral logit). Results derived from this run are faithful only up to this event.
16-Aug-26 04:51:26 - epoch 73: Non-finite (NaN/Inf) detected in edge_logits_vl (Phase 1): 259200 of 259200 values -- sanitizing to 0.0 (neutral logit). Results derived from this run are faithful only up to this event.
16-Aug-26 04:51:28 - epoch 73: Non-finite (NaN/Inf) detected in edge_logits_vl (Phase 2): 259200 of 259200 values -- sanitizing to 0.0 (neutral logit). Results derived from this run are faithful only up to this event.
16-Aug-26 04:51:29 - epoch 73: Non-finite (NaN/Inf) detected in edge_logits_vl (Phase 1): 259200 of 259200 values -- sanitizing to 0.0 (neutral logit). Results derived from this run are faithful only up to this event.
16-Aug-26 04:51:31 - epoch 73: Non-finite (NaN/Inf) detected in edge_logits_vl (Phase 2): 259200 of 259200 values -- sanitizing to 0.0 (neutral logit). Results derived from this run are faithful only up to this event.
16-Aug-26 04:51:32 - epoch 73: Non-finite (NaN/Inf) detected in edge_logits_vl (Phase 1): 259200 of 259200 values -- sanitizing to 0.0 (neutral logit). Results derived from this run are faithful only up to this event.
16-Aug-26 04:51:34 - epoch 73: Non-finite (NaN/Inf) detected in edge_logits_vl (Phase 2): 259200 of 259200 values -- sanitizing to 0.0 (neutral logit). Results derived from this run are faithful only up to this event.
16-Aug-26 04:51:35 - epoch 73: Non-finite (NaN/Inf) detected in edge_logits_vl (Phase 1): 259200 of 259200 values -- sanitizing to 0.0 (neutral logit). Results derived from this run are faithful only up to this event.
16-Aug-26 04:51:37 - epoch 73: Non-finite (NaN/Inf) detected in edge_logits_vl (Phase 2): 259200 of 259200 values -- sanitizing to 0.0 (neutral logit). Results derived from this run are faithful only up to this event.
16-Aug-26 04:51:38 - epoch 73: Non-finite (NaN/Inf) detected in edge_logits_vl (Phase 1): 259200 of 259200 values -- sanitizing to 0.0 (neutral logit). Results derived from this run are faithful only up to this event.
16-Aug-26 04:51:40 - epoch 73: Non-finite (NaN/Inf) detected in edge_logits_vl (Phase 2): 259200 of 259200 values -- sanitizing to 0.0 (neutral logit). Results derived from this run are faithful only up to this event.
16-Aug-26 04:51:41 - epoch 73: Non-finite (NaN/Inf) detected in edge_logits_vl (Phase 1): 259200 of 259200 values -- sanitizing to 0.0 (neutral logit). Results derived from this run are faithful only up to this event.
16-Aug-26 04:51:43 - epoch 73: Non-finite (NaN/Inf) detected in edge_logits_vl (Phase 2): 259200 of 259200 values -- sanitizing to 0.0 (neutral logit). Results derived from this run are faithful only up to this event.
16-Aug-26 04:51:44 - epoch 73: Non-finite (NaN/Inf) detected in edge_logits_vl (Phase 1): 259200 of 259200 values -- sanitizing to 0.0 (neutral logit). Results derived from this run are faithful only up to this event.
16-Aug-26 04:51:46 - epoch 73: Non-finite (NaN/Inf) detected in edge_logits_vl (Phase 2): 259200 of 259200 values -- sanitizing to 0.0 (neutral logit). Results derived from this run are faithful only up to this event.
16-Aug-26 04:51:47 - epoch 73: Non-finite (NaN/Inf) detected in edge_logits_vl (Phase 1): 259200 of 259200 values -- sanitizing to 0.0 (neutral logit). Results derived from this run are faithful only up to this event.
16-Aug-26 04:51:49 - epoch 73: Non-finite (NaN/Inf) detected in edge_logits_vl (Phase 2): 259200 of 259200 values -- sanitizing to 0.0 (neutral logit). Results derived from this run are faithful only up to this event.
16-Aug-26 04:51:50 - epoch 73: Non-finite (NaN/Inf) detected in edge_logits_vl (Phase 1): 259200 of 259200 values -- sanitizing to 0.0 (neutral logit). Results derived from this run are faithful only up to this event.
16-Aug-26 04:51:52 - epoch 73: Non-finite (NaN/Inf) detected in edge_logits_vl (Phase 2): 259200 of 259200 values -- sanitizing to 0.0 (neutral logit). Results derived from this run are faithful only up to this event.
16-Aug-26 04:51:53 - epoch 73: Non-finite (NaN/Inf) detected in edge_logits_vl (Phase 1): 259200 of 259200 values -- sanitizing to 0.0 (neutral logit). Results derived from this run are faithful only up to this event.
16-Aug-26 04:51:55 - epoch 73: Non-finite (NaN/Inf) detected in edge_logits_vl (Phase 2): 259200 of 259200 values -- sanitizing to 0.0 (neutral logit). Results derived from this run are faithful only up to this event.
16-Aug-26 04:51:56 - epoch 73: Non-finite (NaN/Inf) detected in edge_logits_vl (Phase 1): 259200 of 259200 values -- sanitizing to 0.0 (neutral logit). Results derived from this run are faithful only up to this event.
16-Aug-26 04:51:58 - epoch 73: Non-finite (NaN/Inf) detected in edge_logits_vl (Phase 2): 259200 of 259200 values -- sanitizing to 0.0 (neutral logit). Results derived from this run are faithful only up to this event.
16-Aug-26 04:51:59 - epoch 73: Non-finite (NaN/Inf) detected in edge_logits_vl (Phase 1): 259200 of 259200 values -- sanitizing to 0.0 (neutral logit). Results derived from this run are faithful only up to this event.
16-Aug-26 04:52:01 - epoch 73: Non-finite (NaN/Inf) detected in edge_logits_vl (Phase 2): 259200 of 259200 values -- sanitizing to 0.0 (neutral logit). Results derived from this run are faithful only up to this event.
16-Aug-26 04:52:03 - epoch 73: Non-finite (NaN/Inf) detected in edge_logits_vl (Phase 1): 259200 of 259200 values -- sanitizing to 0.0 (neutral logit). Results derived from this run are faithful only up to this event.
16-Aug-26 04:52:04 - epoch 73: Non-finite (NaN/Inf) detected in edge_logits_vl (Phase 2): 259200 of 259200 values -- sanitizing to 0.0 (neutral logit). Results derived from this run are faithful only up to this event.
16-Aug-26 04:52:05 - epoch 73: Non-finite (NaN/Inf) detected in edge_logits_vl (Phase 1): 259200 of 259200 values -- sanitizing to 0.0 (neutral logit). Results derived from this run are faithful only up to this event.
16-Aug-26 04:52:07 - epoch 73: Non-finite (NaN/Inf) detected in edge_logits_vl (Phase 2): 259200 of 259200 values -- sanitizing to 0.0 (neutral logit). Results derived from this run are faithful only up to this event.
16-Aug-26 04:52:09 - epoch 73: Non-finite (NaN/Inf) detected in edge_logits_vl (Phase 1): 259200 of 259200 values -- sanitizing to 0.0 (neutral logit). Results derived from this run are faithful only up to this event.
16-Aug-26 04:52:10 - epoch 73: Non-finite (NaN/Inf) detected in edge_logits_vl (Phase 2): 259200 of 259200 values -- sanitizing to 0.0 (neutral logit). Results derived from this run are faithful only up to this event.
16-Aug-26 04:52:12 - epoch 73: Non-finite (NaN/Inf) detected in edge_logits_vl (Phase 1): 259200 of 259200 values -- sanitizing to 0.0 (neutral logit). Results derived from this run are faithful only up to this event.
16-Aug-26 04:52:13 - epoch 73: Non-finite (NaN/Inf) detected in edge_logits_vl (Phase 2): 259200 of 259200 values -- sanitizing to 0.0 (neutral logit). Results derived from this run are faithful only up to this event.
16-Aug-26 04:52:15 - epoch 73: Non-finite (NaN/Inf) detected in edge_logits_vl (Phase 1): 259200 of 259200 values -- sanitizing to 0.0 (neutral logit). Results derived from this run are faithful only up to this event.
16-Aug-26 04:52:16 - epoch 73: Non-finite (NaN/Inf) detected in edge_logits_vl (Phase 2): 259200 of 259200 values -- sanitizing to 0.0 (neutral logit). Results derived from this run are faithful only up to this event.
16-Aug-26 04:52:18 - epoch 73: Non-finite (NaN/Inf) detected in edge_logits_vl (Phase 1): 259200 of 259200 values -- sanitizing to 0.0 (neutral logit). Results derived from this run are faithful only up to this event.
16-Aug-26 04:52:19 - epoch 73: Non-finite (NaN/Inf) detected in edge_logits_vl (Phase 2): 259200 of 259200 values -- sanitizing to 0.0 (neutral logit). Results derived from this run are faithful only up to this event.
16-Aug-26 04:52:21 - epoch 73: Non-finite (NaN/Inf) detected in edge_logits_vl (Phase 1): 259200 of 259200 values -- sanitizing to 0.0 (neutral logit). Results derived from this run are faithful only up to this event.
16-Aug-26 04:52:22 - epoch 73: Non-finite (NaN/Inf) detected in edge_logits_vl (Phase 2): 259200 of 259200 values -- sanitizing to 0.0 (neutral logit). Results derived from this run are faithful only up to this event.
16-Aug-26 04:52:24 - epoch 73: Non-finite (NaN/Inf) detected in edge_logits_vl (Phase 1): 259200 of 259200 values -- sanitizing to 0.0 (neutral logit). Results derived from this run are faithful only up to this event.
16-Aug-26 04:52:25 - epoch 73: Non-finite (NaN/Inf) detected in edge_logits_vl (Phase 2): 259200 of 259200 values -- sanitizing to 0.0 (neutral logit). Results derived from this run are faithful only up to this event.
16-Aug-26 04:52:27 - epoch 73: Non-finite (NaN/Inf) detected in edge_logits_vl (Phase 1): 259200 of 259200 values -- sanitizing to 0.0 (neutral logit). Results derived from this run are faithful only up to this event.
16-Aug-26 04:52:28 - epoch 73: Non-finite (NaN/Inf) detected in edge_logits_vl (Phase 2): 259200 of 259200 values -- sanitizing to 0.0 (neutral logit). Results derived from this run are faithful only up to this event.
16-Aug-26 04:52:30 - epoch 73: Non-finite (NaN/Inf) detected in edge_logits_vl (Phase 1): 259200 of 259200 values -- sanitizing to 0.0 (neutral logit). Results derived from this run are faithful only up to this event.
16-Aug-26 04:52:31 - epoch 73: Non-finite (NaN/Inf) detected in edge_logits_vl (Phase 2): 259200 of 259200 values -- sanitizing to 0.0 (neutral logit). Results derived from this run are faithful only up to this event.
16-Aug-26 04:52:33 - epoch 73: Non-finite (NaN/Inf) detected in edge_logits_vl (Phase 1): 259200 of 259200 values -- sanitizing to 0.0 (neutral logit). Results derived from this run are faithful only up to this event.
16-Aug-26 04:52:34 - epoch 73: Non-finite (NaN/Inf) detected in edge_logits_vl (Phase 2): 259200 of 259200 values -- sanitizing to 0.0 (neutral logit). Results derived from this run are faithful only up to this event.
16-Aug-26 04:52:36 - epoch 73: Non-finite (NaN/Inf) detected in edge_logits_vl (Phase 1): 259200 of 259200 values -- sanitizing to 0.0 (neutral logit). Results derived from this run are faithful only up to this event.
16-Aug-26 04:52:37 - epoch 73: Non-finite (NaN/Inf) detected in edge_logits_vl (Phase 2): 259200 of 259200 values -- sanitizing to 0.0 (neutral logit). Results derived from this run are faithful only up to this event.
16-Aug-26 04:52:39 - epoch 73: Non-finite (NaN/Inf) detected in edge_logits_vl (Phase 1): 259200 of 259200 values -- sanitizing to 0.0 (neutral logit). Results derived from this run are faithful only up to this event.
16-Aug-26 04:52:40 - epoch 73: Non-finite (NaN/Inf) detected in edge_logits_vl (Phase 2): 259200 of 259200 values -- sanitizing to 0.0 (neutral logit). Results derived from this run are faithful only up to this event.
16-Aug-26 04:52:42 - epoch 73: Non-finite (NaN/Inf) detected in edge_logits_vl (Phase 1): 259200 of 259200 values -- sanitizing to 0.0 (neutral logit). Results derived from this run are faithful only up to this event.
16-Aug-26 04:52:43 - epoch 73: Non-finite (NaN/Inf) detected in edge_logits_vl (Phase 2): 259200 of 259200 values -- sanitizing to 0.0 (neutral logit). Results derived from this run are faithful only up to this event.
16-Aug-26 04:52:45 - epoch 73: Non-finite (NaN/Inf) detected in edge_logits_vl (Phase 1): 226800 of 226800 values -- sanitizing to 0.0 (neutral logit). Results derived from this run are faithful only up to this event.
16-Aug-26 04:52:46 - epoch 73: Non-finite (NaN/Inf) detected in edge_logits_vl (Phase 2): 226800 of 226800 values -- sanitizing to 0.0 (neutral logit). Results derived from this run are faithful only up to this event.
16-Aug-26 04:52:47 - Epoch 73, Model Loss 2.103546007407759, View Loss nan, Reg 0.4998645730098421
16-Aug-26 04:52:48 - epoch 74: Non-finite (NaN/Inf) detected in edge_logits_vl (Phase 1): 259200 of 259200 values -- sanitizing to 0.0 (neutral logit). Results derived from this run are faithful only up to this event.
16-Aug-26 04:52:49 - epoch 74: Non-finite (NaN/Inf) detected in edge_logits_vl (Phase 2): 259200 of 259200 values -- sanitizing to 0.0 (neutral logit). Results derived from this run are faithful only up to this event.
16-Aug-26 04:52:50 - epoch 74: Non-finite (NaN/Inf) detected in edge_logits_vl (Phase 1): 259200 of 259200 values -- sanitizing to 0.0 (neutral logit). Results derived from this run are faithful only up to this event.
16-Aug-26 04:52:52 - epoch 74: Non-finite (NaN/Inf) detected in edge_logits_vl (Phase 2): 259200 of 259200 values -- sanitizing to 0.0 (neutral logit). Results derived from this run are faithful only up to this event.
16-Aug-26 04:52:53 - epoch 74: Non-finite (NaN/Inf) detected in edge_logits_vl (Phase 1): 259200 of 259200 values -- sanitizing to 0.0 (neutral logit). Results derived from this run are faithful only up to this event.
16-Aug-26 04:52:55 - epoch 74: Non-finite (NaN/Inf) detected in edge_logits_vl (Phase 2): 259200 of 259200 values -- sanitizing to 0.0 (neutral logit). Results derived from this run are faithful only up to this event.
16-Aug-26 04:52:56 - epoch 74: Non-finite (NaN/Inf) detected in edge_logits_vl (Phase 1): 259200 of 259200 values -- sanitizing to 0.0 (neutral logit). Results derived from this run are faithful only up to this event.
16-Aug-26 04:52:58 - epoch 74: Non-finite (NaN/Inf) detected in edge_logits_vl (Phase 2): 259200 of 259200 values -- sanitizing to 0.0 (neutral logit). Results derived from this run are faithful only up to this event.
16-Aug-26 04:52:59 - epoch 74: Non-finite (NaN/Inf) detected in edge_logits_vl (Phase 1): 259200 of 259200 values -- sanitizing to 0.0 (neutral logit). Results derived from this run are faithful only up to this event.
16-Aug-26 04:53:01 - epoch 74: Non-finite (NaN/Inf) detected in edge_logits_vl (Phase 2): 259200 of 259200 values -- sanitizing to 0.0 (neutral logit). Results derived from this run are faithful only up to this event.
16-Aug-26 04:53:02 - epoch 74: Non-finite (NaN/Inf) detected in edge_logits_vl (Phase 1): 259200 of 259200 values -- sanitizing to 0.0 (neutral logit). Results derived from this run are faithful only up to this event.
16-Aug-26 04:53:03 - epoch 74: Non-finite (NaN/Inf) detected in edge_logits_vl (Phase 2): 259200 of 259200 values -- sanitizing to 0.0 (neutral logit). Results derived from this run are faithful only up to this event.
16-Aug-26 04:53:05 - epoch 74: Non-finite (NaN/Inf) detected in edge_logits_vl (Phase 1): 259200 of 259200 values -- sanitizing to 0.0 (neutral logit). Results derived from this run are faithful only up to this event.
16-Aug-26 04:53:06 - epoch 74: Non-finite (NaN/Inf) detected in edge_logits_vl (Phase 2): 259200 of 259200 values -- sanitizing to 0.0 (neutral logit). Results derived from this run are faithful only up to this event.
16-Aug-26 04:53:08 - epoch 74: Non-finite (NaN/Inf) detected in edge_logits_vl (Phase 1): 259200 of 259200 values -- sanitizing to 0.0 (neutral logit). Results derived from this run are faithful only up to this event.
16-Aug-26 04:53:09 - epoch 74: Non-finite (NaN/Inf) detected in edge_logits_vl (Phase 2): 259200 of 259200 values -- sanitizing to 0.0 (neutral logit). Results derived from this run are faithful only up to this event.
16-Aug-26 04:53:11 - epoch 74: Non-finite (NaN/Inf) detected in edge_logits_vl (Phase 1): 259200 of 259200 values -- sanitizing to 0.0 (neutral logit). Results derived from this run are faithful only up to this event.
16-Aug-26 04:53:12 - epoch 74: Non-finite (NaN/Inf) detected in edge_logits_vl (Phase 2): 259200 of 259200 values -- sanitizing to 0.0 (neutral logit). Results derived from this run are faithful only up to this event.
16-Aug-26 04:53:14 - epoch 74: Non-finite (NaN/Inf) detected in edge_logits_vl (Phase 1): 259200 of 259200 values -- sanitizing to 0.0 (neutral logit). Results derived from this run are faithful only up to this event.
16-Aug-26 04:53:15 - epoch 74: Non-finite (NaN/Inf) detected in edge_logits_vl (Phase 2): 259200 of 259200 values -- sanitizing to 0.0 (neutral logit). Results derived from this run are faithful only up to this event.
16-Aug-26 04:53:17 - epoch 74: Non-finite (NaN/Inf) detected in edge_logits_vl (Phase 1): 259200 of 259200 values -- sanitizing to 0.0 (neutral logit). Results derived from this run are faithful only up to this event.
16-Aug-26 04:53:19 - epoch 74: Non-finite (NaN/Inf) detected in edge_logits_vl (Phase 2): 259200 of 259200 values -- sanitizing to 0.0 (neutral logit). Results derived from this run are faithful only up to this event.
16-Aug-26 04:53:22 - epoch 74: Non-finite (NaN/Inf) detected in edge_logits_vl (Phase 1): 259200 of 259200 values -- sanitizing to 0.0 (neutral logit). Results derived from this run are faithful only up to this event.
16-Aug-26 04:53:25 - epoch 74: Non-finite (NaN/Inf) detected in edge_logits_vl (Phase 2): 259200 of 259200 values -- sanitizing to 0.0 (neutral logit). Results derived from this run are faithful only up to this event.
16-Aug-26 04:53:28 - epoch 74: Non-finite (NaN/Inf) detected in edge_logits_vl (Phase 1): 259200 of 259200 values -- sanitizing to 0.0 (neutral logit). Results derived from this run are faithful only up to this event.
16-Aug-26 04:53:31 - epoch 74: Non-finite (NaN/Inf) detected in edge_logits_vl (Phase 2): 259200 of 259200 values -- sanitizing to 0.0 (neutral logit). Results derived from this run are faithful only up to this event.
16-Aug-26 04:53:32 - epoch 74: Non-finite (NaN/Inf) detected in edge_logits_vl (Phase 1): 259200 of 259200 values -- sanitizing to 0.0 (neutral logit). Results derived from this run are faithful only up to this event.
16-Aug-26 04:53:34 - epoch 74: Non-finite (NaN/Inf) detected in edge_logits_vl (Phase 2): 259200 of 259200 values -- sanitizing to 0.0 (neutral logit). Results derived from this run are faithful only up to this event.
16-Aug-26 04:53:35 - epoch 74: Non-finite (NaN/Inf) detected in edge_logits_vl (Phase 1): 259200 of 259200 values -- sanitizing to 0.0 (neutral logit). Results derived from this run are faithful only up to this event.
16-Aug-26 04:53:37 - epoch 74: Non-finite (NaN/Inf) detected in edge_logits_vl (Phase 2): 259200 of 259200 values -- sanitizing to 0.0 (neutral logit). Results derived from this run are faithful only up to this event.
16-Aug-26 04:53:38 - epoch 74: Non-finite (NaN/Inf) detected in edge_logits_vl (Phase 1): 259200 of 259200 values -- sanitizing to 0.0 (neutral logit). Results derived from this run are faithful only up to this event.
16-Aug-26 04:53:40 - epoch 74: Non-finite (NaN/Inf) detected in edge_logits_vl (Phase 2): 259200 of 259200 values -- sanitizing to 0.0 (neutral logit). Results derived from this run are faithful only up to this event.
16-Aug-26 04:53:41 - epoch 74: Non-finite (NaN/Inf) detected in edge_logits_vl (Phase 1): 259200 of 259200 values -- sanitizing to 0.0 (neutral logit). Results derived from this run are faithful only up to this event.
16-Aug-26 04:53:43 - epoch 74: Non-finite (NaN/Inf) detected in edge_logits_vl (Phase 2): 259200 of 259200 values -- sanitizing to 0.0 (neutral logit). Results derived from this run are faithful only up to this event.
16-Aug-26 04:53:44 - epoch 74: Non-finite (NaN/Inf) detected in edge_logits_vl (Phase 1): 259200 of 259200 values -- sanitizing to 0.0 (neutral logit). Results derived from this run are faithful only up to this event.
16-Aug-26 04:53:46 - epoch 74: Non-finite (NaN/Inf) detected in edge_logits_vl (Phase 2): 259200 of 259200 values -- sanitizing to 0.0 (neutral logit). Results derived from this run are faithful only up to this event.
16-Aug-26 04:53:47 - epoch 74: Non-finite (NaN/Inf) detected in edge_logits_vl (Phase 1): 259200 of 259200 values -- sanitizing to 0.0 (neutral logit). Results derived from this run are faithful only up to this event.
16-Aug-26 04:53:49 - epoch 74: Non-finite (NaN/Inf) detected in edge_logits_vl (Phase 2): 259200 of 259200 values -- sanitizing to 0.0 (neutral logit). Results derived from this run are faithful only up to this event.
16-Aug-26 04:53:50 - epoch 74: Non-finite (NaN/Inf) detected in edge_logits_vl (Phase 1): 259200 of 259200 values -- sanitizing to 0.0 (neutral logit). Results derived from this run are faithful only up to this event.
16-Aug-26 04:53:52 - epoch 74: Non-finite (NaN/Inf) detected in edge_logits_vl (Phase 2): 259200 of 259200 values -- sanitizing to 0.0 (neutral logit). Results derived from this run are faithful only up to this event.
16-Aug-26 04:53:53 - epoch 74: Non-finite (NaN/Inf) detected in edge_logits_vl (Phase 1): 259200 of 259200 values -- sanitizing to 0.0 (neutral logit). Results derived from this run are faithful only up to this event.
16-Aug-26 04:53:55 - epoch 74: Non-finite (NaN/Inf) detected in edge_logits_vl (Phase 2): 259200 of 259200 values -- sanitizing to 0.0 (neutral logit). Results derived from this run are faithful only up to this event.
16-Aug-26 04:53:56 - epoch 74: Non-finite (NaN/Inf) detected in edge_logits_vl (Phase 1): 259200 of 259200 values -- sanitizing to 0.0 (neutral logit). Results derived from this run are faithful only up to this event.
16-Aug-26 04:53:58 - epoch 74: Non-finite (NaN/Inf) detected in edge_logits_vl (Phase 2): 259200 of 259200 values -- sanitizing to 0.0 (neutral logit). Results derived from this run are faithful only up to this event.
16-Aug-26 04:53:59 - epoch 74: Non-finite (NaN/Inf) detected in edge_logits_vl (Phase 1): 259200 of 259200 values -- sanitizing to 0.0 (neutral logit). Results derived from this run are faithful only up to this event.
16-Aug-26 04:54:01 - epoch 74: Non-finite (NaN/Inf) detected in edge_logits_vl (Phase 2): 259200 of 259200 values -- sanitizing to 0.0 (neutral logit). Results derived from this run are faithful only up to this event.
16-Aug-26 04:54:02 - epoch 74: Non-finite (NaN/Inf) detected in edge_logits_vl (Phase 1): 259200 of 259200 values -- sanitizing to 0.0 (neutral logit). Results derived from this run are faithful only up to this event.
16-Aug-26 04:54:04 - epoch 74: Non-finite (NaN/Inf) detected in edge_logits_vl (Phase 2): 259200 of 259200 values -- sanitizing to 0.0 (neutral logit). Results derived from this run are faithful only up to this event.
16-Aug-26 04:54:05 - epoch 74: Non-finite (NaN/Inf) detected in edge_logits_vl (Phase 1): 259200 of 259200 values -- sanitizing to 0.0 (neutral logit). Results derived from this run are faithful only up to this event.
16-Aug-26 04:54:07 - epoch 74: Non-finite (NaN/Inf) detected in edge_logits_vl (Phase 2): 259200 of 259200 values -- sanitizing to 0.0 (neutral logit). Results derived from this run are faithful only up to this event.
16-Aug-26 04:54:08 - epoch 74: Non-finite (NaN/Inf) detected in edge_logits_vl (Phase 1): 259200 of 259200 values -- sanitizing to 0.0 (neutral logit). Results derived from this run are faithful only up to this event.
16-Aug-26 04:54:10 - epoch 74: Non-finite (NaN/Inf) detected in edge_logits_vl (Phase 2): 259200 of 259200 values -- sanitizing to 0.0 (neutral logit). Results derived from this run are faithful only up to this event.
16-Aug-26 04:54:11 - epoch 74: Non-finite (NaN/Inf) detected in edge_logits_vl (Phase 1): 259200 of 259200 values -- sanitizing to 0.0 (neutral logit). Results derived from this run are faithful only up to this event.
16-Aug-26 04:54:13 - epoch 74: Non-finite (NaN/Inf) detected in edge_logits_vl (Phase 2): 259200 of 259200 values -- sanitizing to 0.0 (neutral logit). Results derived from this run are faithful only up to this event.
16-Aug-26 04:54:14 - epoch 74: Non-finite (NaN/Inf) detected in edge_logits_vl (Phase 1): 259200 of 259200 values -- sanitizing to 0.0 (neutral logit). Results derived from this run are faithful only up to this event.
16-Aug-26 04:54:16 - epoch 74: Non-finite (NaN/Inf) detected in edge_logits_vl (Phase 2): 259200 of 259200 values -- sanitizing to 0.0 (neutral logit). Results derived from this run are faithful only up to this event.
16-Aug-26 04:54:17 - epoch 74: Non-finite (NaN/Inf) detected in edge_logits_vl (Phase 1): 259200 of 259200 values -- sanitizing to 0.0 (neutral logit). Results derived from this run are faithful only up to this event.
16-Aug-26 04:54:19 - epoch 74: Non-finite (NaN/Inf) detected in edge_logits_vl (Phase 2): 259200 of 259200 values -- sanitizing to 0.0 (neutral logit). Results derived from this run are faithful only up to this event.
16-Aug-26 04:54:20 - epoch 74: Non-finite (NaN/Inf) detected in edge_logits_vl (Phase 1): 226800 of 226800 values -- sanitizing to 0.0 (neutral logit). Results derived from this run are faithful only up to this event.
16-Aug-26 04:54:22 - epoch 74: Non-finite (NaN/Inf) detected in edge_logits_vl (Phase 2): 226800 of 226800 values -- sanitizing to 0.0 (neutral logit). Results derived from this run are faithful only up to this event.
16-Aug-26 04:54:23 - Epoch 74, Model Loss 2.066188080540262, View Loss nan, Reg 0.5000014384920128
16-Aug-26 04:54:23 - epoch 75: Non-finite (NaN/Inf) detected in edge_logits_vl (Phase 1): 259200 of 259200 values -- sanitizing to 0.0 (neutral logit). Results derived from this run are faithful only up to this event.
16-Aug-26 04:54:25 - epoch 75: Non-finite (NaN/Inf) detected in edge_logits_vl (Phase 2): 259200 of 259200 values -- sanitizing to 0.0 (neutral logit). Results derived from this run are faithful only up to this event.
16-Aug-26 04:54:26 - epoch 75: Non-finite (NaN/Inf) detected in edge_logits_vl (Phase 1): 259200 of 259200 values -- sanitizing to 0.0 (neutral logit). Results derived from this run are faithful only up to this event.
16-Aug-26 04:54:27 - epoch 75: Non-finite (NaN/Inf) detected in edge_logits_vl (Phase 2): 259200 of 259200 values -- sanitizing to 0.0 (neutral logit). Results derived from this run are faithful only up to this event.
16-Aug-26 04:54:29 - epoch 75: Non-finite (NaN/Inf) detected in edge_logits_vl (Phase 1): 259200 of 259200 values -- sanitizing to 0.0 (neutral logit). Results derived from this run are faithful only up to this event.
16-Aug-26 04:54:30 - epoch 75: Non-finite (NaN/Inf) detected in edge_logits_vl (Phase 2): 259200 of 259200 values -- sanitizing to 0.0 (neutral logit). Results derived from this run are faithful only up to this event.
16-Aug-26 04:54:32 - epoch 75: Non-finite (NaN/Inf) detected in edge_logits_vl (Phase 1): 259200 of 259200 values -- sanitizing to 0.0 (neutral logit). Results derived from this run are faithful only up to this event.
16-Aug-26 04:54:33 - epoch 75: Non-finite (NaN/Inf) detected in edge_logits_vl (Phase 2): 259200 of 259200 values -- sanitizing to 0.0 (neutral logit). Results derived from this run are faithful only up to this event.
16-Aug-26 04:54:35 - epoch 75: Non-finite (NaN/Inf) detected in edge_logits_vl (Phase 1): 259200 of 259200 values -- sanitizing to 0.0 (neutral logit). Results derived from this run are faithful only up to this event.
16-Aug-26 04:54:36 - epoch 75: Non-finite (NaN/Inf) detected in edge_logits_vl (Phase 2): 259200 of 259200 values -- sanitizing to 0.0 (neutral logit). Results derived from this run are faithful only up to this event.
16-Aug-26 04:54:38 - epoch 75: Non-finite (NaN/Inf) detected in edge_logits_vl (Phase 1): 259200 of 259200 values -- sanitizing to 0.0 (neutral logit). Results derived from this run are faithful only up to this event.
16-Aug-26 04:54:39 - epoch 75: Non-finite (NaN/Inf) detected in edge_logits_vl (Phase 2): 259200 of 259200 values -- sanitizing to 0.0 (neutral logit). Results derived from this run are faithful only up to this event.
16-Aug-26 04:54:40 - epoch 75: Non-finite (NaN/Inf) detected in edge_logits_vl (Phase 1): 259200 of 259200 values -- sanitizing to 0.0 (neutral logit). Results derived from this run are faithful only up to this event.
16-Aug-26 04:54:42 - epoch 75: Non-finite (NaN/Inf) detected in edge_logits_vl (Phase 2): 259200 of 259200 values -- sanitizing to 0.0 (neutral logit). Results derived from this run are faithful only up to this event.
16-Aug-26 04:54:43 - epoch 75: Non-finite (NaN/Inf) detected in edge_logits_vl (Phase 1): 259200 of 259200 values -- sanitizing to 0.0 (neutral logit). Results derived from this run are faithful only up to this event.
16-Aug-26 04:54:45 - epoch 75: Non-finite (NaN/Inf) detected in edge_logits_vl (Phase 2): 259200 of 259200 values -- sanitizing to 0.0 (neutral logit). Results derived from this run are faithful only up to this event.
16-Aug-26 04:54:47 - epoch 75: Non-finite (NaN/Inf) detected in edge_logits_vl (Phase 1): 259200 of 259200 values -- sanitizing to 0.0 (neutral logit). Results derived from this run are faithful only up to this event.
16-Aug-26 04:54:48 - epoch 75: Non-finite (NaN/Inf) detected in edge_logits_vl (Phase 2): 259200 of 259200 values -- sanitizing to 0.0 (neutral logit). Results derived from this run are faithful only up to this event.
16-Aug-26 04:54:50 - epoch 75: Non-finite (NaN/Inf) detected in edge_logits_vl (Phase 1): 259200 of 259200 values -- sanitizing to 0.0 (neutral logit). Results derived from this run are faithful only up to this event.
16-Aug-26 04:54:51 - epoch 75: Non-finite (NaN/Inf) detected in edge_logits_vl (Phase 2): 259200 of 259200 values -- sanitizing to 0.0 (neutral logit). Results derived from this run are faithful only up to this event.
16-Aug-26 04:54:53 - epoch 75: Non-finite (NaN/Inf) detected in edge_logits_vl (Phase 1): 259200 of 259200 values -- sanitizing to 0.0 (neutral logit). Results derived from this run are faithful only up to this event.
16-Aug-26 04:54:54 - epoch 75: Non-finite (NaN/Inf) detected in edge_logits_vl (Phase 2): 259200 of 259200 values -- sanitizing to 0.0 (neutral logit). Results derived from this run are faithful only up to this event.
16-Aug-26 04:54:56 - epoch 75: Non-finite (NaN/Inf) detected in edge_logits_vl (Phase 1): 259200 of 259200 values -- sanitizing to 0.0 (neutral logit). Results derived from this run are faithful only up to this event.
16-Aug-26 04:54:57 - epoch 75: Non-finite (NaN/Inf) detected in edge_logits_vl (Phase 2): 259200 of 259200 values -- sanitizing to 0.0 (neutral logit). Results derived from this run are faithful only up to this event.
16-Aug-26 04:54:59 - epoch 75: Non-finite (NaN/Inf) detected in edge_logits_vl (Phase 1): 259200 of 259200 values -- sanitizing to 0.0 (neutral logit). Results derived from this run are faithful only up to this event.
16-Aug-26 04:55:00 - epoch 75: Non-finite (NaN/Inf) detected in edge_logits_vl (Phase 2): 259200 of 259200 values -- sanitizing to 0.0 (neutral logit). Results derived from this run are faithful only up to this event.
16-Aug-26 04:55:02 - epoch 75: Non-finite (NaN/Inf) detected in edge_logits_vl (Phase 1): 259200 of 259200 values -- sanitizing to 0.0 (neutral logit). Results derived from this run are faithful only up to this event.
16-Aug-26 04:55:03 - epoch 75: Non-finite (NaN/Inf) detected in edge_logits_vl (Phase 2): 259200 of 259200 values -- sanitizing to 0.0 (neutral logit). Results derived from this run are faithful only up to this event.
16-Aug-26 04:55:05 - epoch 75: Non-finite (NaN/Inf) detected in edge_logits_vl (Phase 1): 259200 of 259200 values -- sanitizing to 0.0 (neutral logit). Results derived from this run are faithful only up to this event.
16-Aug-26 04:55:06 - epoch 75: Non-finite (NaN/Inf) detected in edge_logits_vl (Phase 2): 259200 of 259200 values -- sanitizing to 0.0 (neutral logit). Results derived from this run are faithful only up to this event.
16-Aug-26 04:55:08 - epoch 75: Non-finite (NaN/Inf) detected in edge_logits_vl (Phase 1): 259200 of 259200 values -- sanitizing to 0.0 (neutral logit). Results derived from this run are faithful only up to this event.
16-Aug-26 04:55:09 - epoch 75: Non-finite (NaN/Inf) detected in edge_logits_vl (Phase 2): 259200 of 259200 values -- sanitizing to 0.0 (neutral logit). Results derived from this run are faithful only up to this event.
16-Aug-26 04:55:11 - epoch 75: Non-finite (NaN/Inf) detected in edge_logits_vl (Phase 1): 259200 of 259200 values -- sanitizing to 0.0 (neutral logit). Results derived from this run are faithful only up to this event.
16-Aug-26 04:55:12 - epoch 75: Non-finite (NaN/Inf) detected in edge_logits_vl (Phase 2): 259200 of 259200 values -- sanitizing to 0.0 (neutral logit). Results derived from this run are faithful only up to this event.
16-Aug-26 04:55:14 - epoch 75: Non-finite (NaN/Inf) detected in edge_logits_vl (Phase 1): 259200 of 259200 values -- sanitizing to 0.0 (neutral logit). Results derived from this run are faithful only up to this event.
16-Aug-26 04:55:15 - epoch 75: Non-finite (NaN/Inf) detected in edge_logits_vl (Phase 2): 259200 of 259200 values -- sanitizing to 0.0 (neutral logit). Results derived from this run are faithful only up to this event.
16-Aug-26 04:55:17 - epoch 75: Non-finite (NaN/Inf) detected in edge_logits_vl (Phase 1): 259200 of 259200 values -- sanitizing to 0.0 (neutral logit). Results derived from this run are faithful only up to this event.
16-Aug-26 04:55:18 - epoch 75: Non-finite (NaN/Inf) detected in edge_logits_vl (Phase 2): 259200 of 259200 values -- sanitizing to 0.0 (neutral logit). Results derived from this run are faithful only up to this event.
16-Aug-26 04:55:20 - epoch 75: Non-finite (NaN/Inf) detected in edge_logits_vl (Phase 1): 259200 of 259200 values -- sanitizing to 0.0 (neutral logit). Results derived from this run are faithful only up to this event.
16-Aug-26 04:55:21 - epoch 75: Non-finite (NaN/Inf) detected in edge_logits_vl (Phase 2): 259200 of 259200 values -- sanitizing to 0.0 (neutral logit). Results derived from this run are faithful only up to this event.
16-Aug-26 04:55:23 - epoch 75: Non-finite (NaN/Inf) detected in edge_logits_vl (Phase 1): 259200 of 259200 values -- sanitizing to 0.0 (neutral logit). Results derived from this run are faithful only up to this event.
16-Aug-26 04:55:24 - epoch 75: Non-finite (NaN/Inf) detected in edge_logits_vl (Phase 2): 259200 of 259200 values -- sanitizing to 0.0 (neutral logit). Results derived from this run are faithful only up to this event.
16-Aug-26 04:55:26 - epoch 75: Non-finite (NaN/Inf) detected in edge_logits_vl (Phase 1): 259200 of 259200 values -- sanitizing to 0.0 (neutral logit). Results derived from this run are faithful only up to this event.
16-Aug-26 04:55:27 - epoch 75: Non-finite (NaN/Inf) detected in edge_logits_vl (Phase 2): 259200 of 259200 values -- sanitizing to 0.0 (neutral logit). Results derived from this run are faithful only up to this event.
16-Aug-26 04:55:29 - epoch 75: Non-finite (NaN/Inf) detected in edge_logits_vl (Phase 1): 259200 of 259200 values -- sanitizing to 0.0 (neutral logit). Results derived from this run are faithful only up to this event.
16-Aug-26 04:55:30 - epoch 75: Non-finite (NaN/Inf) detected in edge_logits_vl (Phase 2): 259200 of 259200 values -- sanitizing to 0.0 (neutral logit). Results derived from this run are faithful only up to this event.
16-Aug-26 04:55:32 - epoch 75: Non-finite (NaN/Inf) detected in edge_logits_vl (Phase 1): 259200 of 259200 values -- sanitizing to 0.0 (neutral logit). Results derived from this run are faithful only up to this event.
16-Aug-26 04:55:33 - epoch 75: Non-finite (NaN/Inf) detected in edge_logits_vl (Phase 2): 259200 of 259200 values -- sanitizing to 0.0 (neutral logit). Results derived from this run are faithful only up to this event.
16-Aug-26 04:55:35 - epoch 75: Non-finite (NaN/Inf) detected in edge_logits_vl (Phase 1): 259200 of 259200 values -- sanitizing to 0.0 (neutral logit). Results derived from this run are faithful only up to this event.
16-Aug-26 04:55:37 - epoch 75: Non-finite (NaN/Inf) detected in edge_logits_vl (Phase 2): 259200 of 259200 values -- sanitizing to 0.0 (neutral logit). Results derived from this run are faithful only up to this event.
16-Aug-26 04:55:38 - epoch 75: Non-finite (NaN/Inf) detected in edge_logits_vl (Phase 1): 259200 of 259200 values -- sanitizing to 0.0 (neutral logit). Results derived from this run are faithful only up to this event.
16-Aug-26 04:55:40 - epoch 75: Non-finite (NaN/Inf) detected in edge_logits_vl (Phase 2): 259200 of 259200 values -- sanitizing to 0.0 (neutral logit). Results derived from this run are faithful only up to this event.
16-Aug-26 04:55:41 - epoch 75: Non-finite (NaN/Inf) detected in edge_logits_vl (Phase 1): 259200 of 259200 values -- sanitizing to 0.0 (neutral logit). Results derived from this run are faithful only up to this event.
16-Aug-26 04:55:43 - epoch 75: Non-finite (NaN/Inf) detected in edge_logits_vl (Phase 2): 259200 of 259200 values -- sanitizing to 0.0 (neutral logit). Results derived from this run are faithful only up to this event.
16-Aug-26 04:55:44 - epoch 75: Non-finite (NaN/Inf) detected in edge_logits_vl (Phase 1): 259200 of 259200 values -- sanitizing to 0.0 (neutral logit). Results derived from this run are faithful only up to this event.
16-Aug-26 04:55:46 - epoch 75: Non-finite (NaN/Inf) detected in edge_logits_vl (Phase 2): 259200 of 259200 values -- sanitizing to 0.0 (neutral logit). Results derived from this run are faithful only up to this event.
16-Aug-26 04:55:47 - epoch 75: Non-finite (NaN/Inf) detected in edge_logits_vl (Phase 1): 259200 of 259200 values -- sanitizing to 0.0 (neutral logit). Results derived from this run are faithful only up to this event.
16-Aug-26 04:55:49 - epoch 75: Non-finite (NaN/Inf) detected in edge_logits_vl (Phase 2): 259200 of 259200 values -- sanitizing to 0.0 (neutral logit). Results derived from this run are faithful only up to this event.
16-Aug-26 04:55:50 - epoch 75: Non-finite (NaN/Inf) detected in edge_logits_vl (Phase 1): 226800 of 226800 values -- sanitizing to 0.0 (neutral logit). Results derived from this run are faithful only up to this event.
16-Aug-26 04:55:51 - epoch 75: Non-finite (NaN/Inf) detected in edge_logits_vl (Phase 2): 226800 of 226800 values -- sanitizing to 0.0 (neutral logit). Results derived from this run are faithful only up to this event.
16-Aug-26 04:55:52 - Epoch 75, Model Loss 2.070238266031114, View Loss nan, Reg 0.4999532834256543
/users/3171356m/miniconda3/envs/grastiacl/lib/python3.12/site-packages/torch_geometric/data/in_memory_dataset.py:300: UserWarning: It is not recommended to directly access the internal storage format `data` of an 'InMemoryDataset'. The data of the dataset is already cached, so any modifications to `data` will not be reflected when accessing its elements. Clearing the cache now by removing all elements in `dataset._data_list`. If you are absolutely certain what you are doing, access the internal storage via `InMemoryDataset._data` instead to suppress this warning. Alternatively, you can access stacked individual attributes of every graph via `dataset.{attr_name}`.
  warnings.warn(msg)
16-Aug-26 04:56:33 - Metric: accuracy Train_mean: 0.5835253468545083 Val_mean: 0.5215686274509803 Test_mean: 0.5293193717277487
16-Aug-26 04:56:33 - Metric: accuracy Train_std: 0.02041668370869864 Val_std: 0.027852648042696097 Test_std: 0.034744837744580204
16-Aug-26 04:56:33 - Metric: f1 Train_mean: 0.5242448091507574 Val_mean: 0.4850879354708499 Test_mean: 0.47615313937200054
16-Aug-26 04:56:33 - Metric: f1 Train_std: 0.044344714604807205 Val_std: 0.04781384720393921 Test_std: 0.04367080346424447
16-Aug-26 04:56:33 - Metric: sen Train_mean: 0.486597936472172 Val_mean: 0.47671232223681753 Test_mean: 0.45274724777200825
16-Aug-26 04:56:33 - Metric: sen Train_std: 0.06349860851004517 Val_std: 0.07006417357470678 Test_std: 0.062318447133897614
16-Aug-26 04:56:33 - Metric: spe Train_mean: 0.671450543078273 Val_mean: 0.5624999929687501 Test_mean: 0.5989504890703912
16-Aug-26 04:56:33 - Metric: spe Train_std: 0.03969336075549223 Val_std: 0.05809474946692689 Test_std: 0.08409123850119597
16-Aug-26 04:56:33 - Metric: precision Train_mean: 0.5726935706506395 Val_mean: 0.4979217023772944 Test_mean: 0.5092597798938177
16-Aug-26 04:56:33 - Metric: precision Train_std: 0.020823174464724807 Val_std: 0.030148013624937926 Test_std: 0.04063018814259325
16-Aug-26 04:56:34 - epoch 76: Non-finite (NaN/Inf) detected in edge_logits_vl (Phase 1): 259200 of 259200 values -- sanitizing to 0.0 (neutral logit). Results derived from this run are faithful only up to this event.
16-Aug-26 04:56:35 - epoch 76: Non-finite (NaN/Inf) detected in edge_logits_vl (Phase 2): 259200 of 259200 values -- sanitizing to 0.0 (neutral logit). Results derived from this run are faithful only up to this event.
16-Aug-26 04:56:36 - epoch 76: Non-finite (NaN/Inf) detected in edge_logits_vl (Phase 1): 259200 of 259200 values -- sanitizing to 0.0 (neutral logit). Results derived from this run are faithful only up to this event.
16-Aug-26 04:56:38 - epoch 76: Non-finite (NaN/Inf) detected in edge_logits_vl (Phase 2): 259200 of 259200 values -- sanitizing to 0.0 (neutral logit). Results derived from this run are faithful only up to this event.
16-Aug-26 04:56:39 - epoch 76: Non-finite (NaN/Inf) detected in edge_logits_vl (Phase 1): 259200 of 259200 values -- sanitizing to 0.0 (neutral logit). Results derived from this run are faithful only up to this event.
16-Aug-26 04:56:41 - epoch 76: Non-finite (NaN/Inf) detected in edge_logits_vl (Phase 2): 259200 of 259200 values -- sanitizing to 0.0 (neutral logit). Results derived from this run are faithful only up to this event.
16-Aug-26 04:56:42 - epoch 76: Non-finite (NaN/Inf) detected in edge_logits_vl (Phase 1): 259200 of 259200 values -- sanitizing to 0.0 (neutral logit). Results derived from this run are faithful only up to this event.
16-Aug-26 04:56:44 - epoch 76: Non-finite (NaN/Inf) detected in edge_logits_vl (Phase 2): 259200 of 259200 values -- sanitizing to 0.0 (neutral logit). Results derived from this run are faithful only up to this event.
16-Aug-26 04:56:45 - epoch 76: Non-finite (NaN/Inf) detected in edge_logits_vl (Phase 1): 259200 of 259200 values -- sanitizing to 0.0 (neutral logit). Results derived from this run are faithful only up to this event.
16-Aug-26 04:56:47 - epoch 76: Non-finite (NaN/Inf) detected in edge_logits_vl (Phase 2): 259200 of 259200 values -- sanitizing to 0.0 (neutral logit). Results derived from this run are faithful only up to this event.
16-Aug-26 04:56:48 - epoch 76: Non-finite (NaN/Inf) detected in edge_logits_vl (Phase 1): 259200 of 259200 values -- sanitizing to 0.0 (neutral logit). Results derived from this run are faithful only up to this event.
16-Aug-26 04:56:50 - epoch 76: Non-finite (NaN/Inf) detected in edge_logits_vl (Phase 2): 259200 of 259200 values -- sanitizing to 0.0 (neutral logit). Results derived from this run are faithful only up to this event.
16-Aug-26 04:56:51 - epoch 76: Non-finite (NaN/Inf) detected in edge_logits_vl (Phase 1): 259200 of 259200 values -- sanitizing to 0.0 (neutral logit). Results derived from this run are faithful only up to this event.
16-Aug-26 04:56:52 - epoch 76: Non-finite (NaN/Inf) detected in edge_logits_vl (Phase 2): 259200 of 259200 values -- sanitizing to 0.0 (neutral logit). Results derived from this run are faithful only up to this event.
16-Aug-26 04:56:54 - epoch 76: Non-finite (NaN/Inf) detected in edge_logits_vl (Phase 1): 259200 of 259200 values -- sanitizing to 0.0 (neutral logit). Results derived from this run are faithful only up to this event.
16-Aug-26 04:56:56 - epoch 76: Non-finite (NaN/Inf) detected in edge_logits_vl (Phase 2): 259200 of 259200 values -- sanitizing to 0.0 (neutral logit). Results derived from this run are faithful only up to this event.
16-Aug-26 04:56:57 - epoch 76: Non-finite (NaN/Inf) detected in edge_logits_vl (Phase 1): 259200 of 259200 values -- sanitizing to 0.0 (neutral logit). Results derived from this run are faithful only up to this event.
16-Aug-26 04:56:58 - epoch 76: Non-finite (NaN/Inf) detected in edge_logits_vl (Phase 2): 259200 of 259200 values -- sanitizing to 0.0 (neutral logit). Results derived from this run are faithful only up to this event.
16-Aug-26 04:57:00 - epoch 76: Non-finite (NaN/Inf) detected in edge_logits_vl (Phase 1): 259200 of 259200 values -- sanitizing to 0.0 (neutral logit). Results derived from this run are faithful only up to this event.
16-Aug-26 04:57:02 - epoch 76: Non-finite (NaN/Inf) detected in edge_logits_vl (Phase 2): 259200 of 259200 values -- sanitizing to 0.0 (neutral logit). Results derived from this run are faithful only up to this event.
16-Aug-26 04:57:03 - epoch 76: Non-finite (NaN/Inf) detected in edge_logits_vl (Phase 1): 259200 of 259200 values -- sanitizing to 0.0 (neutral logit). Results derived from this run are faithful only up to this event.
16-Aug-26 04:57:05 - epoch 76: Non-finite (NaN/Inf) detected in edge_logits_vl (Phase 2): 259200 of 259200 values -- sanitizing to 0.0 (neutral logit). Results derived from this run are faithful only up to this event.
16-Aug-26 04:57:06 - epoch 76: Non-finite (NaN/Inf) detected in edge_logits_vl (Phase 1): 259200 of 259200 values -- sanitizing to 0.0 (neutral logit). Results derived from this run are faithful only up to this event.
16-Aug-26 04:57:08 - epoch 76: Non-finite (NaN/Inf) detected in edge_logits_vl (Phase 2): 259200 of 259200 values -- sanitizing to 0.0 (neutral logit). Results derived from this run are faithful only up to this event.
16-Aug-26 04:57:09 - epoch 76: Non-finite (NaN/Inf) detected in edge_logits_vl (Phase 1): 259200 of 259200 values -- sanitizing to 0.0 (neutral logit). Results derived from this run are faithful only up to this event.
16-Aug-26 04:57:11 - epoch 76: Non-finite (NaN/Inf) detected in edge_logits_vl (Phase 2): 259200 of 259200 values -- sanitizing to 0.0 (neutral logit). Results derived from this run are faithful only up to this event.
16-Aug-26 04:57:12 - epoch 76: Non-finite (NaN/Inf) detected in edge_logits_vl (Phase 1): 259200 of 259200 values -- sanitizing to 0.0 (neutral logit). Results derived from this run are faithful only up to this event.
16-Aug-26 04:57:14 - epoch 76: Non-finite (NaN/Inf) detected in edge_logits_vl (Phase 2): 259200 of 259200 values -- sanitizing to 0.0 (neutral logit). Results derived from this run are faithful only up to this event.
16-Aug-26 04:57:15 - epoch 76: Non-finite (NaN/Inf) detected in edge_logits_vl (Phase 1): 259200 of 259200 values -- sanitizing to 0.0 (neutral logit). Results derived from this run are faithful only up to this event.
16-Aug-26 04:57:17 - epoch 76: Non-finite (NaN/Inf) detected in edge_logits_vl (Phase 2): 259200 of 259200 values -- sanitizing to 0.0 (neutral logit). Results derived from this run are faithful only up to this event.
16-Aug-26 04:57:18 - epoch 76: Non-finite (NaN/Inf) detected in edge_logits_vl (Phase 1): 259200 of 259200 values -- sanitizing to 0.0 (neutral logit). Results derived from this run are faithful only up to this event.
16-Aug-26 04:57:20 - epoch 76: Non-finite (NaN/Inf) detected in edge_logits_vl (Phase 2): 259200 of 259200 values -- sanitizing to 0.0 (neutral logit). Results derived from this run are faithful only up to this event.
16-Aug-26 04:57:21 - epoch 76: Non-finite (NaN/Inf) detected in edge_logits_vl (Phase 1): 259200 of 259200 values -- sanitizing to 0.0 (neutral logit). Results derived from this run are faithful only up to this event.
16-Aug-26 04:57:23 - epoch 76: Non-finite (NaN/Inf) detected in edge_logits_vl (Phase 2): 259200 of 259200 values -- sanitizing to 0.0 (neutral logit). Results derived from this run are faithful only up to this event.
16-Aug-26 04:57:24 - epoch 76: Non-finite (NaN/Inf) detected in edge_logits_vl (Phase 1): 259200 of 259200 values -- sanitizing to 0.0 (neutral logit). Results derived from this run are faithful only up to this event.
16-Aug-26 04:57:26 - epoch 76: Non-finite (NaN/Inf) detected in edge_logits_vl (Phase 2): 259200 of 259200 values -- sanitizing to 0.0 (neutral logit). Results derived from this run are faithful only up to this event.
16-Aug-26 04:57:27 - epoch 76: Non-finite (NaN/Inf) detected in edge_logits_vl (Phase 1): 259200 of 259200 values -- sanitizing to 0.0 (neutral logit). Results derived from this run are faithful only up to this event.
16-Aug-26 04:57:29 - epoch 76: Non-finite (NaN/Inf) detected in edge_logits_vl (Phase 2): 259200 of 259200 values -- sanitizing to 0.0 (neutral logit). Results derived from this run are faithful only up to this event.
16-Aug-26 04:57:30 - epoch 76: Non-finite (NaN/Inf) detected in edge_logits_vl (Phase 1): 259200 of 259200 values -- sanitizing to 0.0 (neutral logit). Results derived from this run are faithful only up to this event.
16-Aug-26 04:57:32 - epoch 76: Non-finite (NaN/Inf) detected in edge_logits_vl (Phase 2): 259200 of 259200 values -- sanitizing to 0.0 (neutral logit). Results derived from this run are faithful only up to this event.
16-Aug-26 04:57:33 - epoch 76: Non-finite (NaN/Inf) detected in edge_logits_vl (Phase 1): 259200 of 259200 values -- sanitizing to 0.0 (neutral logit). Results derived from this run are faithful only up to this event.
16-Aug-26 04:57:35 - epoch 76: Non-finite (NaN/Inf) detected in edge_logits_vl (Phase 2): 259200 of 259200 values -- sanitizing to 0.0 (neutral logit). Results derived from this run are faithful only up to this event.
16-Aug-26 04:57:36 - epoch 76: Non-finite (NaN/Inf) detected in edge_logits_vl (Phase 1): 259200 of 259200 values -- sanitizing to 0.0 (neutral logit). Results derived from this run are faithful only up to this event.
16-Aug-26 04:57:38 - epoch 76: Non-finite (NaN/Inf) detected in edge_logits_vl (Phase 2): 259200 of 259200 values -- sanitizing to 0.0 (neutral logit). Results derived from this run are faithful only up to this event.
16-Aug-26 04:57:39 - epoch 76: Non-finite (NaN/Inf) detected in edge_logits_vl (Phase 1): 259200 of 259200 values -- sanitizing to 0.0 (neutral logit). Results derived from this run are faithful only up to this event.
16-Aug-26 04:57:41 - epoch 76: Non-finite (NaN/Inf) detected in edge_logits_vl (Phase 2): 259200 of 259200 values -- sanitizing to 0.0 (neutral logit). Results derived from this run are faithful only up to this event.
16-Aug-26 04:57:42 - epoch 76: Non-finite (NaN/Inf) detected in edge_logits_vl (Phase 1): 259200 of 259200 values -- sanitizing to 0.0 (neutral logit). Results derived from this run are faithful only up to this event.
16-Aug-26 04:57:44 - epoch 76: Non-finite (NaN/Inf) detected in edge_logits_vl (Phase 2): 259200 of 259200 values -- sanitizing to 0.0 (neutral logit). Results derived from this run are faithful only up to this event.
16-Aug-26 04:57:45 - epoch 76: Non-finite (NaN/Inf) detected in edge_logits_vl (Phase 1): 259200 of 259200 values -- sanitizing to 0.0 (neutral logit). Results derived from this run are faithful only up to this event.
16-Aug-26 04:57:47 - epoch 76: Non-finite (NaN/Inf) detected in edge_logits_vl (Phase 2): 259200 of 259200 values -- sanitizing to 0.0 (neutral logit). Results derived from this run are faithful only up to this event.
16-Aug-26 04:57:48 - epoch 76: Non-finite (NaN/Inf) detected in edge_logits_vl (Phase 1): 259200 of 259200 values -- sanitizing to 0.0 (neutral logit). Results derived from this run are faithful only up to this event.
16-Aug-26 04:57:50 - epoch 76: Non-finite (NaN/Inf) detected in edge_logits_vl (Phase 2): 259200 of 259200 values -- sanitizing to 0.0 (neutral logit). Results derived from this run are faithful only up to this event.
16-Aug-26 04:57:51 - epoch 76: Non-finite (NaN/Inf) detected in edge_logits_vl (Phase 1): 259200 of 259200 values -- sanitizing to 0.0 (neutral logit). Results derived from this run are faithful only up to this event.
16-Aug-26 04:57:53 - epoch 76: Non-finite (NaN/Inf) detected in edge_logits_vl (Phase 2): 259200 of 259200 values -- sanitizing to 0.0 (neutral logit). Results derived from this run are faithful only up to this event.
16-Aug-26 04:57:54 - epoch 76: Non-finite (NaN/Inf) detected in edge_logits_vl (Phase 1): 259200 of 259200 values -- sanitizing to 0.0 (neutral logit). Results derived from this run are faithful only up to this event.
16-Aug-26 04:57:56 - epoch 76: Non-finite (NaN/Inf) detected in edge_logits_vl (Phase 2): 259200 of 259200 values -- sanitizing to 0.0 (neutral logit). Results derived from this run are faithful only up to this event.
16-Aug-26 04:57:57 - epoch 76: Non-finite (NaN/Inf) detected in edge_logits_vl (Phase 1): 259200 of 259200 values -- sanitizing to 0.0 (neutral logit). Results derived from this run are faithful only up to this event.
16-Aug-26 04:57:59 - epoch 76: Non-finite (NaN/Inf) detected in edge_logits_vl (Phase 2): 259200 of 259200 values -- sanitizing to 0.0 (neutral logit). Results derived from this run are faithful only up to this event.
16-Aug-26 04:58:00 - epoch 76: Non-finite (NaN/Inf) detected in edge_logits_vl (Phase 1): 226800 of 226800 values -- sanitizing to 0.0 (neutral logit). Results derived from this run are faithful only up to this event.
16-Aug-26 04:58:02 - epoch 76: Non-finite (NaN/Inf) detected in edge_logits_vl (Phase 2): 226800 of 226800 values -- sanitizing to 0.0 (neutral logit). Results derived from this run are faithful only up to this event.
16-Aug-26 04:58:03 - Epoch 76, Model Loss 2.0414573243472365, View Loss nan, Reg 0.5000420549424622
16-Aug-26 04:58:03 - epoch 77: Non-finite (NaN/Inf) detected in edge_logits_vl (Phase 1): 259200 of 259200 values -- sanitizing to 0.0 (neutral logit). Results derived from this run are faithful only up to this event.
16-Aug-26 04:58:05 - epoch 77: Non-finite (NaN/Inf) detected in edge_logits_vl (Phase 2): 259200 of 259200 values -- sanitizing to 0.0 (neutral logit). Results derived from this run are faithful only up to this event.
16-Aug-26 04:58:06 - epoch 77: Non-finite (NaN/Inf) detected in edge_logits_vl (Phase 1): 259200 of 259200 values -- sanitizing to 0.0 (neutral logit). Results derived from this run are faithful only up to this event.
16-Aug-26 04:58:07 - epoch 77: Non-finite (NaN/Inf) detected in edge_logits_vl (Phase 2): 259200 of 259200 values -- sanitizing to 0.0 (neutral logit). Results derived from this run are faithful only up to this event.
16-Aug-26 04:58:09 - epoch 77: Non-finite (NaN/Inf) detected in edge_logits_vl (Phase 1): 259200 of 259200 values -- sanitizing to 0.0 (neutral logit). Results derived from this run are faithful only up to this event.
16-Aug-26 04:58:10 - epoch 77: Non-finite (NaN/Inf) detected in edge_logits_vl (Phase 2): 259200 of 259200 values -- sanitizing to 0.0 (neutral logit). Results derived from this run are faithful only up to this event.
16-Aug-26 04:58:12 - epoch 77: Non-finite (NaN/Inf) detected in edge_logits_vl (Phase 1): 259200 of 259200 values -- sanitizing to 0.0 (neutral logit). Results derived from this run are faithful only up to this event.
16-Aug-26 04:58:13 - epoch 77: Non-finite (NaN/Inf) detected in edge_logits_vl (Phase 2): 259200 of 259200 values -- sanitizing to 0.0 (neutral logit). Results derived from this run are faithful only up to this event.
16-Aug-26 04:58:15 - epoch 77: Non-finite (NaN/Inf) detected in edge_logits_vl (Phase 1): 259200 of 259200 values -- sanitizing to 0.0 (neutral logit). Results derived from this run are faithful only up to this event.
16-Aug-26 04:58:16 - epoch 77: Non-finite (NaN/Inf) detected in edge_logits_vl (Phase 2): 259200 of 259200 values -- sanitizing to 0.0 (neutral logit). Results derived from this run are faithful only up to this event.
16-Aug-26 04:58:18 - epoch 77: Non-finite (NaN/Inf) detected in edge_logits_vl (Phase 1): 259200 of 259200 values -- sanitizing to 0.0 (neutral logit). Results derived from this run are faithful only up to this event.
16-Aug-26 04:58:19 - epoch 77: Non-finite (NaN/Inf) detected in edge_logits_vl (Phase 2): 259200 of 259200 values -- sanitizing to 0.0 (neutral logit). Results derived from this run are faithful only up to this event.
16-Aug-26 04:58:21 - epoch 77: Non-finite (NaN/Inf) detected in edge_logits_vl (Phase 1): 259200 of 259200 values -- sanitizing to 0.0 (neutral logit). Results derived from this run are faithful only up to this event.
16-Aug-26 04:58:22 - epoch 77: Non-finite (NaN/Inf) detected in edge_logits_vl (Phase 2): 259200 of 259200 values -- sanitizing to 0.0 (neutral logit). Results derived from this run are faithful only up to this event.
16-Aug-26 04:58:24 - epoch 77: Non-finite (NaN/Inf) detected in edge_logits_vl (Phase 1): 259200 of 259200 values -- sanitizing to 0.0 (neutral logit). Results derived from this run are faithful only up to this event.
16-Aug-26 04:58:25 - epoch 77: Non-finite (NaN/Inf) detected in edge_logits_vl (Phase 2): 259200 of 259200 values -- sanitizing to 0.0 (neutral logit). Results derived from this run are faithful only up to this event.
16-Aug-26 04:58:27 - epoch 77: Non-finite (NaN/Inf) detected in edge_logits_vl (Phase 1): 259200 of 259200 values -- sanitizing to 0.0 (neutral logit). Results derived from this run are faithful only up to this event.
16-Aug-26 04:58:28 - epoch 77: Non-finite (NaN/Inf) detected in edge_logits_vl (Phase 2): 259200 of 259200 values -- sanitizing to 0.0 (neutral logit). Results derived from this run are faithful only up to this event.
16-Aug-26 04:58:30 - epoch 77: Non-finite (NaN/Inf) detected in edge_logits_vl (Phase 1): 259200 of 259200 values -- sanitizing to 0.0 (neutral logit). Results derived from this run are faithful only up to this event.
16-Aug-26 04:58:31 - epoch 77: Non-finite (NaN/Inf) detected in edge_logits_vl (Phase 2): 259200 of 259200 values -- sanitizing to 0.0 (neutral logit). Results derived from this run are faithful only up to this event.
16-Aug-26 04:58:33 - epoch 77: Non-finite (NaN/Inf) detected in edge_logits_vl (Phase 1): 259200 of 259200 values -- sanitizing to 0.0 (neutral logit). Results derived from this run are faithful only up to this event.
16-Aug-26 04:58:34 - epoch 77: Non-finite (NaN/Inf) detected in edge_logits_vl (Phase 2): 259200 of 259200 values -- sanitizing to 0.0 (neutral logit). Results derived from this run are faithful only up to this event.
16-Aug-26 04:58:36 - epoch 77: Non-finite (NaN/Inf) detected in edge_logits_vl (Phase 1): 259200 of 259200 values -- sanitizing to 0.0 (neutral logit). Results derived from this run are faithful only up to this event.
16-Aug-26 04:58:37 - epoch 77: Non-finite (NaN/Inf) detected in edge_logits_vl (Phase 2): 259200 of 259200 values -- sanitizing to 0.0 (neutral logit). Results derived from this run are faithful only up to this event.
16-Aug-26 04:58:39 - epoch 77: Non-finite (NaN/Inf) detected in edge_logits_vl (Phase 1): 259200 of 259200 values -- sanitizing to 0.0 (neutral logit). Results derived from this run are faithful only up to this event.
16-Aug-26 04:58:40 - epoch 77: Non-finite (NaN/Inf) detected in edge_logits_vl (Phase 2): 259200 of 259200 values -- sanitizing to 0.0 (neutral logit). Results derived from this run are faithful only up to this event.
16-Aug-26 04:58:42 - epoch 77: Non-finite (NaN/Inf) detected in edge_logits_vl (Phase 1): 259200 of 259200 values -- sanitizing to 0.0 (neutral logit). Results derived from this run are faithful only up to this event.
16-Aug-26 04:58:43 - epoch 77: Non-finite (NaN/Inf) detected in edge_logits_vl (Phase 2): 259200 of 259200 values -- sanitizing to 0.0 (neutral logit). Results derived from this run are faithful only up to this event.
16-Aug-26 04:58:45 - epoch 77: Non-finite (NaN/Inf) detected in edge_logits_vl (Phase 1): 259200 of 259200 values -- sanitizing to 0.0 (neutral logit). Results derived from this run are faithful only up to this event.
16-Aug-26 04:58:46 - epoch 77: Non-finite (NaN/Inf) detected in edge_logits_vl (Phase 2): 259200 of 259200 values -- sanitizing to 0.0 (neutral logit). Results derived from this run are faithful only up to this event.
16-Aug-26 04:58:48 - epoch 77: Non-finite (NaN/Inf) detected in edge_logits_vl (Phase 1): 259200 of 259200 values -- sanitizing to 0.0 (neutral logit). Results derived from this run are faithful only up to this event.
16-Aug-26 04:58:49 - epoch 77: Non-finite (NaN/Inf) detected in edge_logits_vl (Phase 2): 259200 of 259200 values -- sanitizing to 0.0 (neutral logit). Results derived from this run are faithful only up to this event.
16-Aug-26 04:58:51 - epoch 77: Non-finite (NaN/Inf) detected in edge_logits_vl (Phase 1): 259200 of 259200 values -- sanitizing to 0.0 (neutral logit). Results derived from this run are faithful only up to this event.
16-Aug-26 04:58:52 - epoch 77: Non-finite (NaN/Inf) detected in edge_logits_vl (Phase 2): 259200 of 259200 values -- sanitizing to 0.0 (neutral logit). Results derived from this run are faithful only up to this event.
16-Aug-26 04:58:54 - epoch 77: Non-finite (NaN/Inf) detected in edge_logits_vl (Phase 1): 259200 of 259200 values -- sanitizing to 0.0 (neutral logit). Results derived from this run are faithful only up to this event.
16-Aug-26 04:58:55 - epoch 77: Non-finite (NaN/Inf) detected in edge_logits_vl (Phase 2): 259200 of 259200 values -- sanitizing to 0.0 (neutral logit). Results derived from this run are faithful only up to this event.
16-Aug-26 04:58:57 - epoch 77: Non-finite (NaN/Inf) detected in edge_logits_vl (Phase 1): 259200 of 259200 values -- sanitizing to 0.0 (neutral logit). Results derived from this run are faithful only up to this event.
16-Aug-26 04:58:58 - epoch 77: Non-finite (NaN/Inf) detected in edge_logits_vl (Phase 2): 259200 of 259200 values -- sanitizing to 0.0 (neutral logit). Results derived from this run are faithful only up to this event.
16-Aug-26 04:59:00 - epoch 77: Non-finite (NaN/Inf) detected in edge_logits_vl (Phase 1): 259200 of 259200 values -- sanitizing to 0.0 (neutral logit). Results derived from this run are faithful only up to this event.
16-Aug-26 04:59:01 - epoch 77: Non-finite (NaN/Inf) detected in edge_logits_vl (Phase 2): 259200 of 259200 values -- sanitizing to 0.0 (neutral logit). Results derived from this run are faithful only up to this event.
16-Aug-26 04:59:03 - epoch 77: Non-finite (NaN/Inf) detected in edge_logits_vl (Phase 1): 259200 of 259200 values -- sanitizing to 0.0 (neutral logit). Results derived from this run are faithful only up to this event.
16-Aug-26 04:59:04 - epoch 77: Non-finite (NaN/Inf) detected in edge_logits_vl (Phase 2): 259200 of 259200 values -- sanitizing to 0.0 (neutral logit). Results derived from this run are faithful only up to this event.
16-Aug-26 04:59:06 - epoch 77: Non-finite (NaN/Inf) detected in edge_logits_vl (Phase 1): 259200 of 259200 values -- sanitizing to 0.0 (neutral logit). Results derived from this run are faithful only up to this event.
16-Aug-26 04:59:07 - epoch 77: Non-finite (NaN/Inf) detected in edge_logits_vl (Phase 2): 259200 of 259200 values -- sanitizing to 0.0 (neutral logit). Results derived from this run are faithful only up to this event.
16-Aug-26 04:59:09 - epoch 77: Non-finite (NaN/Inf) detected in edge_logits_vl (Phase 1): 259200 of 259200 values -- sanitizing to 0.0 (neutral logit). Results derived from this run are faithful only up to this event.
16-Aug-26 04:59:10 - epoch 77: Non-finite (NaN/Inf) detected in edge_logits_vl (Phase 2): 259200 of 259200 values -- sanitizing to 0.0 (neutral logit). Results derived from this run are faithful only up to this event.
16-Aug-26 04:59:12 - epoch 77: Non-finite (NaN/Inf) detected in edge_logits_vl (Phase 1): 259200 of 259200 values -- sanitizing to 0.0 (neutral logit). Results derived from this run are faithful only up to this event.
16-Aug-26 04:59:13 - epoch 77: Non-finite (NaN/Inf) detected in edge_logits_vl (Phase 2): 259200 of 259200 values -- sanitizing to 0.0 (neutral logit). Results derived from this run are faithful only up to this event.
16-Aug-26 04:59:15 - epoch 77: Non-finite (NaN/Inf) detected in edge_logits_vl (Phase 1): 259200 of 259200 values -- sanitizing to 0.0 (neutral logit). Results derived from this run are faithful only up to this event.
16-Aug-26 04:59:16 - epoch 77: Non-finite (NaN/Inf) detected in edge_logits_vl (Phase 2): 259200 of 259200 values -- sanitizing to 0.0 (neutral logit). Results derived from this run are faithful only up to this event.
16-Aug-26 04:59:18 - epoch 77: Non-finite (NaN/Inf) detected in edge_logits_vl (Phase 1): 259200 of 259200 values -- sanitizing to 0.0 (neutral logit). Results derived from this run are faithful only up to this event.
16-Aug-26 04:59:19 - epoch 77: Non-finite (NaN/Inf) detected in edge_logits_vl (Phase 2): 259200 of 259200 values -- sanitizing to 0.0 (neutral logit). Results derived from this run are faithful only up to this event.
16-Aug-26 04:59:21 - epoch 77: Non-finite (NaN/Inf) detected in edge_logits_vl (Phase 1): 259200 of 259200 values -- sanitizing to 0.0 (neutral logit). Results derived from this run are faithful only up to this event.
16-Aug-26 04:59:23 - epoch 77: Non-finite (NaN/Inf) detected in edge_logits_vl (Phase 2): 259200 of 259200 values -- sanitizing to 0.0 (neutral logit). Results derived from this run are faithful only up to this event.
16-Aug-26 04:59:24 - epoch 77: Non-finite (NaN/Inf) detected in edge_logits_vl (Phase 1): 259200 of 259200 values -- sanitizing to 0.0 (neutral logit). Results derived from this run are faithful only up to this event.
16-Aug-26 04:59:26 - epoch 77: Non-finite (NaN/Inf) detected in edge_logits_vl (Phase 2): 259200 of 259200 values -- sanitizing to 0.0 (neutral logit). Results derived from this run are faithful only up to this event.
16-Aug-26 04:59:27 - epoch 77: Non-finite (NaN/Inf) detected in edge_logits_vl (Phase 1): 259200 of 259200 values -- sanitizing to 0.0 (neutral logit). Results derived from this run are faithful only up to this event.
16-Aug-26 04:59:28 - epoch 77: Non-finite (NaN/Inf) detected in edge_logits_vl (Phase 2): 259200 of 259200 values -- sanitizing to 0.0 (neutral logit). Results derived from this run are faithful only up to this event.
16-Aug-26 04:59:30 - epoch 77: Non-finite (NaN/Inf) detected in edge_logits_vl (Phase 1): 226800 of 226800 values -- sanitizing to 0.0 (neutral logit). Results derived from this run are faithful only up to this event.
16-Aug-26 04:59:31 - epoch 77: Non-finite (NaN/Inf) detected in edge_logits_vl (Phase 2): 226800 of 226800 values -- sanitizing to 0.0 (neutral logit). Results derived from this run are faithful only up to this event.
16-Aug-26 04:59:32 - Epoch 77, Model Loss 2.0470147531900444, View Loss nan, Reg 0.5000070345950426
16-Aug-26 04:59:33 - epoch 78: Non-finite (NaN/Inf) detected in edge_logits_vl (Phase 1): 259200 of 259200 values -- sanitizing to 0.0 (neutral logit). Results derived from this run are faithful only up to this event.
16-Aug-26 04:59:34 - epoch 78: Non-finite (NaN/Inf) detected in edge_logits_vl (Phase 2): 259200 of 259200 values -- sanitizing to 0.0 (neutral logit). Results derived from this run are faithful only up to this event.
16-Aug-26 04:59:35 - epoch 78: Non-finite (NaN/Inf) detected in edge_logits_vl (Phase 1): 259200 of 259200 values -- sanitizing to 0.0 (neutral logit). Results derived from this run are faithful only up to this event.
16-Aug-26 04:59:37 - epoch 78: Non-finite (NaN/Inf) detected in edge_logits_vl (Phase 2): 259200 of 259200 values -- sanitizing to 0.0 (neutral logit). Results derived from this run are faithful only up to this event.
16-Aug-26 04:59:38 - epoch 78: Non-finite (NaN/Inf) detected in edge_logits_vl (Phase 1): 259200 of 259200 values -- sanitizing to 0.0 (neutral logit). Results derived from this run are faithful only up to this event.
16-Aug-26 04:59:40 - epoch 78: Non-finite (NaN/Inf) detected in edge_logits_vl (Phase 2): 259200 of 259200 values -- sanitizing to 0.0 (neutral logit). Results derived from this run are faithful only up to this event.
16-Aug-26 04:59:41 - epoch 78: Non-finite (NaN/Inf) detected in edge_logits_vl (Phase 1): 259200 of 259200 values -- sanitizing to 0.0 (neutral logit). Results derived from this run are faithful only up to this event.
16-Aug-26 04:59:43 - epoch 78: Non-finite (NaN/Inf) detected in edge_logits_vl (Phase 2): 259200 of 259200 values -- sanitizing to 0.0 (neutral logit). Results derived from this run are faithful only up to this event.
16-Aug-26 04:59:44 - epoch 78: Non-finite (NaN/Inf) detected in edge_logits_vl (Phase 1): 259200 of 259200 values -- sanitizing to 0.0 (neutral logit). Results derived from this run are faithful only up to this event.
16-Aug-26 04:59:46 - epoch 78: Non-finite (NaN/Inf) detected in edge_logits_vl (Phase 2): 259200 of 259200 values -- sanitizing to 0.0 (neutral logit). Results derived from this run are faithful only up to this event.
16-Aug-26 04:59:47 - epoch 78: Non-finite (NaN/Inf) detected in edge_logits_vl (Phase 1): 259200 of 259200 values -- sanitizing to 0.0 (neutral logit). Results derived from this run are faithful only up to this event.
16-Aug-26 04:59:49 - epoch 78: Non-finite (NaN/Inf) detected in edge_logits_vl (Phase 2): 259200 of 259200 values -- sanitizing to 0.0 (neutral logit). Results derived from this run are faithful only up to this event.
16-Aug-26 04:59:50 - epoch 78: Non-finite (NaN/Inf) detected in edge_logits_vl (Phase 1): 259200 of 259200 values -- sanitizing to 0.0 (neutral logit). Results derived from this run are faithful only up to this event.
16-Aug-26 04:59:52 - epoch 78: Non-finite (NaN/Inf) detected in edge_logits_vl (Phase 2): 259200 of 259200 values -- sanitizing to 0.0 (neutral logit). Results derived from this run are faithful only up to this event.
16-Aug-26 04:59:53 - epoch 78: Non-finite (NaN/Inf) detected in edge_logits_vl (Phase 1): 259200 of 259200 values -- sanitizing to 0.0 (neutral logit). Results derived from this run are faithful only up to this event.
16-Aug-26 04:59:55 - epoch 78: Non-finite (NaN/Inf) detected in edge_logits_vl (Phase 2): 259200 of 259200 values -- sanitizing to 0.0 (neutral logit). Results derived from this run are faithful only up to this event.
16-Aug-26 04:59:56 - epoch 78: Non-finite (NaN/Inf) detected in edge_logits_vl (Phase 1): 259200 of 259200 values -- sanitizing to 0.0 (neutral logit). Results derived from this run are faithful only up to this event.
16-Aug-26 04:59:58 - epoch 78: Non-finite (NaN/Inf) detected in edge_logits_vl (Phase 2): 259200 of 259200 values -- sanitizing to 0.0 (neutral logit). Results derived from this run are faithful only up to this event.
16-Aug-26 04:59:59 - epoch 78: Non-finite (NaN/Inf) detected in edge_logits_vl (Phase 1): 259200 of 259200 values -- sanitizing to 0.0 (neutral logit). Results derived from this run are faithful only up to this event.
16-Aug-26 05:00:01 - epoch 78: Non-finite (NaN/Inf) detected in edge_logits_vl (Phase 2): 259200 of 259200 values -- sanitizing to 0.0 (neutral logit). Results derived from this run are faithful only up to this event.
16-Aug-26 05:00:02 - epoch 78: Non-finite (NaN/Inf) detected in edge_logits_vl (Phase 1): 259200 of 259200 values -- sanitizing to 0.0 (neutral logit). Results derived from this run are faithful only up to this event.
16-Aug-26 05:00:04 - epoch 78: Non-finite (NaN/Inf) detected in edge_logits_vl (Phase 2): 259200 of 259200 values -- sanitizing to 0.0 (neutral logit). Results derived from this run are faithful only up to this event.
16-Aug-26 05:00:05 - epoch 78: Non-finite (NaN/Inf) detected in edge_logits_vl (Phase 1): 259200 of 259200 values -- sanitizing to 0.0 (neutral logit). Results derived from this run are faithful only up to this event.
16-Aug-26 05:00:07 - epoch 78: Non-finite (NaN/Inf) detected in edge_logits_vl (Phase 2): 259200 of 259200 values -- sanitizing to 0.0 (neutral logit). Results derived from this run are faithful only up to this event.
16-Aug-26 05:00:08 - epoch 78: Non-finite (NaN/Inf) detected in edge_logits_vl (Phase 1): 259200 of 259200 values -- sanitizing to 0.0 (neutral logit). Results derived from this run are faithful only up to this event.
16-Aug-26 05:00:10 - epoch 78: Non-finite (NaN/Inf) detected in edge_logits_vl (Phase 2): 259200 of 259200 values -- sanitizing to 0.0 (neutral logit). Results derived from this run are faithful only up to this event.
16-Aug-26 05:00:11 - epoch 78: Non-finite (NaN/Inf) detected in edge_logits_vl (Phase 1): 259200 of 259200 values -- sanitizing to 0.0 (neutral logit). Results derived from this run are faithful only up to this event.
16-Aug-26 05:00:13 - epoch 78: Non-finite (NaN/Inf) detected in edge_logits_vl (Phase 2): 259200 of 259200 values -- sanitizing to 0.0 (neutral logit). Results derived from this run are faithful only up to this event.
16-Aug-26 05:00:14 - epoch 78: Non-finite (NaN/Inf) detected in edge_logits_vl (Phase 1): 259200 of 259200 values -- sanitizing to 0.0 (neutral logit). Results derived from this run are faithful only up to this event.
16-Aug-26 05:00:16 - epoch 78: Non-finite (NaN/Inf) detected in edge_logits_vl (Phase 2): 259200 of 259200 values -- sanitizing to 0.0 (neutral logit). Results derived from this run are faithful only up to this event.
16-Aug-26 05:00:17 - epoch 78: Non-finite (NaN/Inf) detected in edge_logits_vl (Phase 1): 259200 of 259200 values -- sanitizing to 0.0 (neutral logit). Results derived from this run are faithful only up to this event.
16-Aug-26 05:00:19 - epoch 78: Non-finite (NaN/Inf) detected in edge_logits_vl (Phase 2): 259200 of 259200 values -- sanitizing to 0.0 (neutral logit). Results derived from this run are faithful only up to this event.
16-Aug-26 05:00:20 - epoch 78: Non-finite (NaN/Inf) detected in edge_logits_vl (Phase 1): 259200 of 259200 values -- sanitizing to 0.0 (neutral logit). Results derived from this run are faithful only up to this event.
16-Aug-26 05:00:22 - epoch 78: Non-finite (NaN/Inf) detected in edge_logits_vl (Phase 2): 259200 of 259200 values -- sanitizing to 0.0 (neutral logit). Results derived from this run are faithful only up to this event.
16-Aug-26 05:00:23 - epoch 78: Non-finite (NaN/Inf) detected in edge_logits_vl (Phase 1): 259200 of 259200 values -- sanitizing to 0.0 (neutral logit). Results derived from this run are faithful only up to this event.
16-Aug-26 05:00:25 - epoch 78: Non-finite (NaN/Inf) detected in edge_logits_vl (Phase 2): 259200 of 259200 values -- sanitizing to 0.0 (neutral logit). Results derived from this run are faithful only up to this event.
16-Aug-26 05:00:26 - epoch 78: Non-finite (NaN/Inf) detected in edge_logits_vl (Phase 1): 259200 of 259200 values -- sanitizing to 0.0 (neutral logit). Results derived from this run are faithful only up to this event.
16-Aug-26 05:00:28 - epoch 78: Non-finite (NaN/Inf) detected in edge_logits_vl (Phase 2): 259200 of 259200 values -- sanitizing to 0.0 (neutral logit). Results derived from this run are faithful only up to this event.
16-Aug-26 05:00:29 - epoch 78: Non-finite (NaN/Inf) detected in edge_logits_vl (Phase 1): 259200 of 259200 values -- sanitizing to 0.0 (neutral logit). Results derived from this run are faithful only up to this event.
16-Aug-26 05:00:31 - epoch 78: Non-finite (NaN/Inf) detected in edge_logits_vl (Phase 2): 259200 of 259200 values -- sanitizing to 0.0 (neutral logit). Results derived from this run are faithful only up to this event.
16-Aug-26 05:00:32 - epoch 78: Non-finite (NaN/Inf) detected in edge_logits_vl (Phase 1): 259200 of 259200 values -- sanitizing to 0.0 (neutral logit). Results derived from this run are faithful only up to this event.
16-Aug-26 05:00:34 - epoch 78: Non-finite (NaN/Inf) detected in edge_logits_vl (Phase 2): 259200 of 259200 values -- sanitizing to 0.0 (neutral logit). Results derived from this run are faithful only up to this event.
16-Aug-26 05:00:35 - epoch 78: Non-finite (NaN/Inf) detected in edge_logits_vl (Phase 1): 259200 of 259200 values -- sanitizing to 0.0 (neutral logit). Results derived from this run are faithful only up to this event.
16-Aug-26 05:00:37 - epoch 78: Non-finite (NaN/Inf) detected in edge_logits_vl (Phase 2): 259200 of 259200 values -- sanitizing to 0.0 (neutral logit). Results derived from this run are faithful only up to this event.
16-Aug-26 05:00:38 - epoch 78: Non-finite (NaN/Inf) detected in edge_logits_vl (Phase 1): 259200 of 259200 values -- sanitizing to 0.0 (neutral logit). Results derived from this run are faithful only up to this event.
16-Aug-26 05:00:40 - epoch 78: Non-finite (NaN/Inf) detected in edge_logits_vl (Phase 2): 259200 of 259200 values -- sanitizing to 0.0 (neutral logit). Results derived from this run are faithful only up to this event.
16-Aug-26 05:00:41 - epoch 78: Non-finite (NaN/Inf) detected in edge_logits_vl (Phase 1): 259200 of 259200 values -- sanitizing to 0.0 (neutral logit). Results derived from this run are faithful only up to this event.
16-Aug-26 05:00:43 - epoch 78: Non-finite (NaN/Inf) detected in edge_logits_vl (Phase 2): 259200 of 259200 values -- sanitizing to 0.0 (neutral logit). Results derived from this run are faithful only up to this event.
16-Aug-26 05:00:45 - epoch 78: Non-finite (NaN/Inf) detected in edge_logits_vl (Phase 1): 259200 of 259200 values -- sanitizing to 0.0 (neutral logit). Results derived from this run are faithful only up to this event.
16-Aug-26 05:00:46 - epoch 78: Non-finite (NaN/Inf) detected in edge_logits_vl (Phase 2): 259200 of 259200 values -- sanitizing to 0.0 (neutral logit). Results derived from this run are faithful only up to this event.
16-Aug-26 05:00:48 - epoch 78: Non-finite (NaN/Inf) detected in edge_logits_vl (Phase 1): 259200 of 259200 values -- sanitizing to 0.0 (neutral logit). Results derived from this run are faithful only up to this event.
16-Aug-26 05:00:49 - epoch 78: Non-finite (NaN/Inf) detected in edge_logits_vl (Phase 2): 259200 of 259200 values -- sanitizing to 0.0 (neutral logit). Results derived from this run are faithful only up to this event.
16-Aug-26 05:00:50 - epoch 78: Non-finite (NaN/Inf) detected in edge_logits_vl (Phase 1): 259200 of 259200 values -- sanitizing to 0.0 (neutral logit). Results derived from this run are faithful only up to this event.
16-Aug-26 05:00:52 - epoch 78: Non-finite (NaN/Inf) detected in edge_logits_vl (Phase 2): 259200 of 259200 values -- sanitizing to 0.0 (neutral logit). Results derived from this run are faithful only up to this event.
16-Aug-26 05:00:54 - epoch 78: Non-finite (NaN/Inf) detected in edge_logits_vl (Phase 1): 259200 of 259200 values -- sanitizing to 0.0 (neutral logit). Results derived from this run are faithful only up to this event.
16-Aug-26 05:00:55 - epoch 78: Non-finite (NaN/Inf) detected in edge_logits_vl (Phase 2): 259200 of 259200 values -- sanitizing to 0.0 (neutral logit). Results derived from this run are faithful only up to this event.
16-Aug-26 05:00:57 - epoch 78: Non-finite (NaN/Inf) detected in edge_logits_vl (Phase 1): 259200 of 259200 values -- sanitizing to 0.0 (neutral logit). Results derived from this run are faithful only up to this event.
16-Aug-26 05:00:58 - epoch 78: Non-finite (NaN/Inf) detected in edge_logits_vl (Phase 2): 259200 of 259200 values -- sanitizing to 0.0 (neutral logit). Results derived from this run are faithful only up to this event.
16-Aug-26 05:00:59 - epoch 78: Non-finite (NaN/Inf) detected in edge_logits_vl (Phase 1): 226800 of 226800 values -- sanitizing to 0.0 (neutral logit). Results derived from this run are faithful only up to this event.
16-Aug-26 05:01:01 - epoch 78: Non-finite (NaN/Inf) detected in edge_logits_vl (Phase 2): 226800 of 226800 values -- sanitizing to 0.0 (neutral logit). Results derived from this run are faithful only up to this event.
16-Aug-26 05:01:02 - Epoch 78, Model Loss 2.028271125450294, View Loss nan, Reg 0.49995130574852853
16-Aug-26 05:01:02 - epoch 79: Non-finite (NaN/Inf) detected in edge_logits_vl (Phase 1): 259200 of 259200 values -- sanitizing to 0.0 (neutral logit). Results derived from this run are faithful only up to this event.
16-Aug-26 05:01:04 - epoch 79: Non-finite (NaN/Inf) detected in edge_logits_vl (Phase 2): 259200 of 259200 values -- sanitizing to 0.0 (neutral logit). Results derived from this run are faithful only up to this event.
16-Aug-26 05:01:05 - epoch 79: Non-finite (NaN/Inf) detected in edge_logits_vl (Phase 1): 259200 of 259200 values -- sanitizing to 0.0 (neutral logit). Results derived from this run are faithful only up to this event.
16-Aug-26 05:01:06 - epoch 79: Non-finite (NaN/Inf) detected in edge_logits_vl (Phase 2): 259200 of 259200 values -- sanitizing to 0.0 (neutral logit). Results derived from this run are faithful only up to this event.
16-Aug-26 05:01:08 - epoch 79: Non-finite (NaN/Inf) detected in edge_logits_vl (Phase 1): 259200 of 259200 values -- sanitizing to 0.0 (neutral logit). Results derived from this run are faithful only up to this event.
16-Aug-26 05:01:09 - epoch 79: Non-finite (NaN/Inf) detected in edge_logits_vl (Phase 2): 259200 of 259200 values -- sanitizing to 0.0 (neutral logit). Results derived from this run are faithful only up to this event.
16-Aug-26 05:01:11 - epoch 79: Non-finite (NaN/Inf) detected in edge_logits_vl (Phase 1): 259200 of 259200 values -- sanitizing to 0.0 (neutral logit). Results derived from this run are faithful only up to this event.
16-Aug-26 05:01:12 - epoch 79: Non-finite (NaN/Inf) detected in edge_logits_vl (Phase 2): 259200 of 259200 values -- sanitizing to 0.0 (neutral logit). Results derived from this run are faithful only up to this event.
16-Aug-26 05:01:14 - epoch 79: Non-finite (NaN/Inf) detected in edge_logits_vl (Phase 1): 259200 of 259200 values -- sanitizing to 0.0 (neutral logit). Results derived from this run are faithful only up to this event.
16-Aug-26 05:01:15 - epoch 79: Non-finite (NaN/Inf) detected in edge_logits_vl (Phase 2): 259200 of 259200 values -- sanitizing to 0.0 (neutral logit). Results derived from this run are faithful only up to this event.
16-Aug-26 05:01:17 - epoch 79: Non-finite (NaN/Inf) detected in edge_logits_vl (Phase 1): 259200 of 259200 values -- sanitizing to 0.0 (neutral logit). Results derived from this run are faithful only up to this event.
16-Aug-26 05:01:18 - epoch 79: Non-finite (NaN/Inf) detected in edge_logits_vl (Phase 2): 259200 of 259200 values -- sanitizing to 0.0 (neutral logit). Results derived from this run are faithful only up to this event.
16-Aug-26 05:01:20 - epoch 79: Non-finite (NaN/Inf) detected in edge_logits_vl (Phase 1): 259200 of 259200 values -- sanitizing to 0.0 (neutral logit). Results derived from this run are faithful only up to this event.
16-Aug-26 05:01:21 - epoch 79: Non-finite (NaN/Inf) detected in edge_logits_vl (Phase 2): 259200 of 259200 values -- sanitizing to 0.0 (neutral logit). Results derived from this run are faithful only up to this event.
16-Aug-26 05:01:23 - epoch 79: Non-finite (NaN/Inf) detected in edge_logits_vl (Phase 1): 259200 of 259200 values -- sanitizing to 0.0 (neutral logit). Results derived from this run are faithful only up to this event.
16-Aug-26 05:01:24 - epoch 79: Non-finite (NaN/Inf) detected in edge_logits_vl (Phase 2): 259200 of 259200 values -- sanitizing to 0.0 (neutral logit). Results derived from this run are faithful only up to this event.
16-Aug-26 05:01:26 - epoch 79: Non-finite (NaN/Inf) detected in edge_logits_vl (Phase 1): 259200 of 259200 values -- sanitizing to 0.0 (neutral logit). Results derived from this run are faithful only up to this event.
16-Aug-26 05:01:27 - epoch 79: Non-finite (NaN/Inf) detected in edge_logits_vl (Phase 2): 259200 of 259200 values -- sanitizing to 0.0 (neutral logit). Results derived from this run are faithful only up to this event.
16-Aug-26 05:01:29 - epoch 79: Non-finite (NaN/Inf) detected in edge_logits_vl (Phase 1): 259200 of 259200 values -- sanitizing to 0.0 (neutral logit). Results derived from this run are faithful only up to this event.
16-Aug-26 05:01:30 - epoch 79: Non-finite (NaN/Inf) detected in edge_logits_vl (Phase 2): 259200 of 259200 values -- sanitizing to 0.0 (neutral logit). Results derived from this run are faithful only up to this event.
16-Aug-26 05:01:32 - epoch 79: Non-finite (NaN/Inf) detected in edge_logits_vl (Phase 1): 259200 of 259200 values -- sanitizing to 0.0 (neutral logit). Results derived from this run are faithful only up to this event.
16-Aug-26 05:01:33 - epoch 79: Non-finite (NaN/Inf) detected in edge_logits_vl (Phase 2): 259200 of 259200 values -- sanitizing to 0.0 (neutral logit). Results derived from this run are faithful only up to this event.
16-Aug-26 05:01:37 - epoch 79: Non-finite (NaN/Inf) detected in edge_logits_vl (Phase 1): 259200 of 259200 values -- sanitizing to 0.0 (neutral logit). Results derived from this run are faithful only up to this event.
16-Aug-26 05:01:40 - epoch 79: Non-finite (NaN/Inf) detected in edge_logits_vl (Phase 2): 259200 of 259200 values -- sanitizing to 0.0 (neutral logit). Results derived from this run are faithful only up to this event.
16-Aug-26 05:01:43 - epoch 79: Non-finite (NaN/Inf) detected in edge_logits_vl (Phase 1): 259200 of 259200 values -- sanitizing to 0.0 (neutral logit). Results derived from this run are faithful only up to this event.
16-Aug-26 05:01:45 - epoch 79: Non-finite (NaN/Inf) detected in edge_logits_vl (Phase 2): 259200 of 259200 values -- sanitizing to 0.0 (neutral logit). Results derived from this run are faithful only up to this event.
16-Aug-26 05:01:47 - epoch 79: Non-finite (NaN/Inf) detected in edge_logits_vl (Phase 1): 259200 of 259200 values -- sanitizing to 0.0 (neutral logit). Results derived from this run are faithful only up to this event.
16-Aug-26 05:01:48 - epoch 79: Non-finite (NaN/Inf) detected in edge_logits_vl (Phase 2): 259200 of 259200 values -- sanitizing to 0.0 (neutral logit). Results derived from this run are faithful only up to this event.
16-Aug-26 05:01:50 - epoch 79: Non-finite (NaN/Inf) detected in edge_logits_vl (Phase 1): 259200 of 259200 values -- sanitizing to 0.0 (neutral logit). Results derived from this run are faithful only up to this event.
16-Aug-26 05:01:51 - epoch 79: Non-finite (NaN/Inf) detected in edge_logits_vl (Phase 2): 259200 of 259200 values -- sanitizing to 0.0 (neutral logit). Results derived from this run are faithful only up to this event.
16-Aug-26 05:01:53 - epoch 79: Non-finite (NaN/Inf) detected in edge_logits_vl (Phase 1): 259200 of 259200 values -- sanitizing to 0.0 (neutral logit). Results derived from this run are faithful only up to this event.
16-Aug-26 05:01:54 - epoch 79: Non-finite (NaN/Inf) detected in edge_logits_vl (Phase 2): 259200 of 259200 values -- sanitizing to 0.0 (neutral logit). Results derived from this run are faithful only up to this event.
16-Aug-26 05:01:56 - epoch 79: Non-finite (NaN/Inf) detected in edge_logits_vl (Phase 1): 259200 of 259200 values -- sanitizing to 0.0 (neutral logit). Results derived from this run are faithful only up to this event.
16-Aug-26 05:01:57 - epoch 79: Non-finite (NaN/Inf) detected in edge_logits_vl (Phase 2): 259200 of 259200 values -- sanitizing to 0.0 (neutral logit). Results derived from this run are faithful only up to this event.
16-Aug-26 05:01:59 - epoch 79: Non-finite (NaN/Inf) detected in edge_logits_vl (Phase 1): 259200 of 259200 values -- sanitizing to 0.0 (neutral logit). Results derived from this run are faithful only up to this event.
16-Aug-26 05:02:00 - epoch 79: Non-finite (NaN/Inf) detected in edge_logits_vl (Phase 2): 259200 of 259200 values -- sanitizing to 0.0 (neutral logit). Results derived from this run are faithful only up to this event.
16-Aug-26 05:02:02 - epoch 79: Non-finite (NaN/Inf) detected in edge_logits_vl (Phase 1): 259200 of 259200 values -- sanitizing to 0.0 (neutral logit). Results derived from this run are faithful only up to this event.
16-Aug-26 05:02:03 - epoch 79: Non-finite (NaN/Inf) detected in edge_logits_vl (Phase 2): 259200 of 259200 values -- sanitizing to 0.0 (neutral logit). Results derived from this run are faithful only up to this event.
16-Aug-26 05:02:05 - epoch 79: Non-finite (NaN/Inf) detected in edge_logits_vl (Phase 1): 259200 of 259200 values -- sanitizing to 0.0 (neutral logit). Results derived from this run are faithful only up to this event.
16-Aug-26 05:02:06 - epoch 79: Non-finite (NaN/Inf) detected in edge_logits_vl (Phase 2): 259200 of 259200 values -- sanitizing to 0.0 (neutral logit). Results derived from this run are faithful only up to this event.
16-Aug-26 05:02:08 - epoch 79: Non-finite (NaN/Inf) detected in edge_logits_vl (Phase 1): 259200 of 259200 values -- sanitizing to 0.0 (neutral logit). Results derived from this run are faithful only up to this event.
16-Aug-26 05:02:09 - epoch 79: Non-finite (NaN/Inf) detected in edge_logits_vl (Phase 2): 259200 of 259200 values -- sanitizing to 0.0 (neutral logit). Results derived from this run are faithful only up to this event.
16-Aug-26 05:02:11 - epoch 79: Non-finite (NaN/Inf) detected in edge_logits_vl (Phase 1): 259200 of 259200 values -- sanitizing to 0.0 (neutral logit). Results derived from this run are faithful only up to this event.
16-Aug-26 05:02:12 - epoch 79: Non-finite (NaN/Inf) detected in edge_logits_vl (Phase 2): 259200 of 259200 values -- sanitizing to 0.0 (neutral logit). Results derived from this run are faithful only up to this event.
16-Aug-26 05:02:14 - epoch 79: Non-finite (NaN/Inf) detected in edge_logits_vl (Phase 1): 259200 of 259200 values -- sanitizing to 0.0 (neutral logit). Results derived from this run are faithful only up to this event.
16-Aug-26 05:02:15 - epoch 79: Non-finite (NaN/Inf) detected in edge_logits_vl (Phase 2): 259200 of 259200 values -- sanitizing to 0.0 (neutral logit). Results derived from this run are faithful only up to this event.
16-Aug-26 05:02:17 - epoch 79: Non-finite (NaN/Inf) detected in edge_logits_vl (Phase 1): 259200 of 259200 values -- sanitizing to 0.0 (neutral logit). Results derived from this run are faithful only up to this event.
16-Aug-26 05:02:18 - epoch 79: Non-finite (NaN/Inf) detected in edge_logits_vl (Phase 2): 259200 of 259200 values -- sanitizing to 0.0 (neutral logit). Results derived from this run are faithful only up to this event.
16-Aug-26 05:02:20 - epoch 79: Non-finite (NaN/Inf) detected in edge_logits_vl (Phase 1): 259200 of 259200 values -- sanitizing to 0.0 (neutral logit). Results derived from this run are faithful only up to this event.
16-Aug-26 05:02:22 - epoch 79: Non-finite (NaN/Inf) detected in edge_logits_vl (Phase 2): 259200 of 259200 values -- sanitizing to 0.0 (neutral logit). Results derived from this run are faithful only up to this event.
16-Aug-26 05:02:23 - epoch 79: Non-finite (NaN/Inf) detected in edge_logits_vl (Phase 1): 259200 of 259200 values -- sanitizing to 0.0 (neutral logit). Results derived from this run are faithful only up to this event.
16-Aug-26 05:02:25 - epoch 79: Non-finite (NaN/Inf) detected in edge_logits_vl (Phase 2): 259200 of 259200 values -- sanitizing to 0.0 (neutral logit). Results derived from this run are faithful only up to this event.
16-Aug-26 05:02:26 - epoch 79: Non-finite (NaN/Inf) detected in edge_logits_vl (Phase 1): 259200 of 259200 values -- sanitizing to 0.0 (neutral logit). Results derived from this run are faithful only up to this event.
16-Aug-26 05:02:28 - epoch 79: Non-finite (NaN/Inf) detected in edge_logits_vl (Phase 2): 259200 of 259200 values -- sanitizing to 0.0 (neutral logit). Results derived from this run are faithful only up to this event.
16-Aug-26 05:02:29 - epoch 79: Non-finite (NaN/Inf) detected in edge_logits_vl (Phase 1): 259200 of 259200 values -- sanitizing to 0.0 (neutral logit). Results derived from this run are faithful only up to this event.
16-Aug-26 05:02:31 - epoch 79: Non-finite (NaN/Inf) detected in edge_logits_vl (Phase 2): 259200 of 259200 values -- sanitizing to 0.0 (neutral logit). Results derived from this run are faithful only up to this event.
16-Aug-26 05:02:32 - epoch 79: Non-finite (NaN/Inf) detected in edge_logits_vl (Phase 1): 259200 of 259200 values -- sanitizing to 0.0 (neutral logit). Results derived from this run are faithful only up to this event.
16-Aug-26 05:02:34 - epoch 79: Non-finite (NaN/Inf) detected in edge_logits_vl (Phase 2): 259200 of 259200 values -- sanitizing to 0.0 (neutral logit). Results derived from this run are faithful only up to this event.
16-Aug-26 05:02:35 - epoch 79: Non-finite (NaN/Inf) detected in edge_logits_vl (Phase 1): 226800 of 226800 values -- sanitizing to 0.0 (neutral logit). Results derived from this run are faithful only up to this event.
16-Aug-26 05:02:36 - epoch 79: Non-finite (NaN/Inf) detected in edge_logits_vl (Phase 2): 226800 of 226800 values -- sanitizing to 0.0 (neutral logit). Results derived from this run are faithful only up to this event.
16-Aug-26 05:02:37 - Epoch 79, Model Loss 2.0663339852289178, View Loss nan, Reg 0.49984032439387494
16-Aug-26 05:02:38 - epoch 80: Non-finite (NaN/Inf) detected in edge_logits_vl (Phase 1): 259200 of 259200 values -- sanitizing to 0.0 (neutral logit). Results derived from this run are faithful only up to this event.
16-Aug-26 05:02:39 - epoch 80: Non-finite (NaN/Inf) detected in edge_logits_vl (Phase 2): 259200 of 259200 values -- sanitizing to 0.0 (neutral logit). Results derived from this run are faithful only up to this event.
16-Aug-26 05:02:41 - epoch 80: Non-finite (NaN/Inf) detected in edge_logits_vl (Phase 1): 259200 of 259200 values -- sanitizing to 0.0 (neutral logit). Results derived from this run are faithful only up to this event.
16-Aug-26 05:02:42 - epoch 80: Non-finite (NaN/Inf) detected in edge_logits_vl (Phase 2): 259200 of 259200 values -- sanitizing to 0.0 (neutral logit). Results derived from this run are faithful only up to this event.
16-Aug-26 05:02:43 - epoch 80: Non-finite (NaN/Inf) detected in edge_logits_vl (Phase 1): 259200 of 259200 values -- sanitizing to 0.0 (neutral logit). Results derived from this run are faithful only up to this event.
16-Aug-26 05:02:45 - epoch 80: Non-finite (NaN/Inf) detected in edge_logits_vl (Phase 2): 259200 of 259200 values -- sanitizing to 0.0 (neutral logit). Results derived from this run are faithful only up to this event.
16-Aug-26 05:02:46 - epoch 80: Non-finite (NaN/Inf) detected in edge_logits_vl (Phase 1): 259200 of 259200 values -- sanitizing to 0.0 (neutral logit). Results derived from this run are faithful only up to this event.
16-Aug-26 05:02:48 - epoch 80: Non-finite (NaN/Inf) detected in edge_logits_vl (Phase 2): 259200 of 259200 values -- sanitizing to 0.0 (neutral logit). Results derived from this run are faithful only up to this event.
16-Aug-26 05:02:49 - epoch 80: Non-finite (NaN/Inf) detected in edge_logits_vl (Phase 1): 259200 of 259200 values -- sanitizing to 0.0 (neutral logit). Results derived from this run are faithful only up to this event.
16-Aug-26 05:02:51 - epoch 80: Non-finite (NaN/Inf) detected in edge_logits_vl (Phase 2): 259200 of 259200 values -- sanitizing to 0.0 (neutral logit). Results derived from this run are faithful only up to this event.
16-Aug-26 05:02:52 - epoch 80: Non-finite (NaN/Inf) detected in edge_logits_vl (Phase 1): 259200 of 259200 values -- sanitizing to 0.0 (neutral logit). Results derived from this run are faithful only up to this event.
16-Aug-26 05:02:54 - epoch 80: Non-finite (NaN/Inf) detected in edge_logits_vl (Phase 2): 259200 of 259200 values -- sanitizing to 0.0 (neutral logit). Results derived from this run are faithful only up to this event.
16-Aug-26 05:02:55 - epoch 80: Non-finite (NaN/Inf) detected in edge_logits_vl (Phase 1): 259200 of 259200 values -- sanitizing to 0.0 (neutral logit). Results derived from this run are faithful only up to this event.
16-Aug-26 05:02:57 - epoch 80: Non-finite (NaN/Inf) detected in edge_logits_vl (Phase 2): 259200 of 259200 values -- sanitizing to 0.0 (neutral logit). Results derived from this run are faithful only up to this event.
16-Aug-26 05:02:58 - epoch 80: Non-finite (NaN/Inf) detected in edge_logits_vl (Phase 1): 259200 of 259200 values -- sanitizing to 0.0 (neutral logit). Results derived from this run are faithful only up to this event.
16-Aug-26 05:03:00 - epoch 80: Non-finite (NaN/Inf) detected in edge_logits_vl (Phase 2): 259200 of 259200 values -- sanitizing to 0.0 (neutral logit). Results derived from this run are faithful only up to this event.
16-Aug-26 05:03:01 - epoch 80: Non-finite (NaN/Inf) detected in edge_logits_vl (Phase 1): 259200 of 259200 values -- sanitizing to 0.0 (neutral logit). Results derived from this run are faithful only up to this event.
16-Aug-26 05:03:03 - epoch 80: Non-finite (NaN/Inf) detected in edge_logits_vl (Phase 2): 259200 of 259200 values -- sanitizing to 0.0 (neutral logit). Results derived from this run are faithful only up to this event.
16-Aug-26 05:03:04 - epoch 80: Non-finite (NaN/Inf) detected in edge_logits_vl (Phase 1): 259200 of 259200 values -- sanitizing to 0.0 (neutral logit). Results derived from this run are faithful only up to this event.
16-Aug-26 05:03:06 - epoch 80: Non-finite (NaN/Inf) detected in edge_logits_vl (Phase 2): 259200 of 259200 values -- sanitizing to 0.0 (neutral logit). Results derived from this run are faithful only up to this event.
16-Aug-26 05:03:07 - epoch 80: Non-finite (NaN/Inf) detected in edge_logits_vl (Phase 1): 259200 of 259200 values -- sanitizing to 0.0 (neutral logit). Results derived from this run are faithful only up to this event.
16-Aug-26 05:03:09 - epoch 80: Non-finite (NaN/Inf) detected in edge_logits_vl (Phase 2): 259200 of 259200 values -- sanitizing to 0.0 (neutral logit). Results derived from this run are faithful only up to this event.
16-Aug-26 05:03:10 - epoch 80: Non-finite (NaN/Inf) detected in edge_logits_vl (Phase 1): 259200 of 259200 values -- sanitizing to 0.0 (neutral logit). Results derived from this run are faithful only up to this event.
16-Aug-26 05:03:12 - epoch 80: Non-finite (NaN/Inf) detected in edge_logits_vl (Phase 2): 259200 of 259200 values -- sanitizing to 0.0 (neutral logit). Results derived from this run are faithful only up to this event.
16-Aug-26 05:03:13 - epoch 80: Non-finite (NaN/Inf) detected in edge_logits_vl (Phase 1): 259200 of 259200 values -- sanitizing to 0.0 (neutral logit). Results derived from this run are faithful only up to this event.
16-Aug-26 05:03:15 - epoch 80: Non-finite (NaN/Inf) detected in edge_logits_vl (Phase 2): 259200 of 259200 values -- sanitizing to 0.0 (neutral logit). Results derived from this run are faithful only up to this event.
16-Aug-26 05:03:16 - epoch 80: Non-finite (NaN/Inf) detected in edge_logits_vl (Phase 1): 259200 of 259200 values -- sanitizing to 0.0 (neutral logit). Results derived from this run are faithful only up to this event.
16-Aug-26 05:03:18 - epoch 80: Non-finite (NaN/Inf) detected in edge_logits_vl (Phase 2): 259200 of 259200 values -- sanitizing to 0.0 (neutral logit). Results derived from this run are faithful only up to this event.
16-Aug-26 05:03:19 - epoch 80: Non-finite (NaN/Inf) detected in edge_logits_vl (Phase 1): 259200 of 259200 values -- sanitizing to 0.0 (neutral logit). Results derived from this run are faithful only up to this event.
16-Aug-26 05:03:21 - epoch 80: Non-finite (NaN/Inf) detected in edge_logits_vl (Phase 2): 259200 of 259200 values -- sanitizing to 0.0 (neutral logit). Results derived from this run are faithful only up to this event.
16-Aug-26 05:03:22 - epoch 80: Non-finite (NaN/Inf) detected in edge_logits_vl (Phase 1): 259200 of 259200 values -- sanitizing to 0.0 (neutral logit). Results derived from this run are faithful only up to this event.
16-Aug-26 05:03:24 - epoch 80: Non-finite (NaN/Inf) detected in edge_logits_vl (Phase 2): 259200 of 259200 values -- sanitizing to 0.0 (neutral logit). Results derived from this run are faithful only up to this event.
16-Aug-26 05:03:25 - epoch 80: Non-finite (NaN/Inf) detected in edge_logits_vl (Phase 1): 259200 of 259200 values -- sanitizing to 0.0 (neutral logit). Results derived from this run are faithful only up to this event.
16-Aug-26 05:03:27 - epoch 80: Non-finite (NaN/Inf) detected in edge_logits_vl (Phase 2): 259200 of 259200 values -- sanitizing to 0.0 (neutral logit). Results derived from this run are faithful only up to this event.
16-Aug-26 05:03:28 - epoch 80: Non-finite (NaN/Inf) detected in edge_logits_vl (Phase 1): 259200 of 259200 values -- sanitizing to 0.0 (neutral logit). Results derived from this run are faithful only up to this event.
16-Aug-26 05:03:30 - epoch 80: Non-finite (NaN/Inf) detected in edge_logits_vl (Phase 2): 259200 of 259200 values -- sanitizing to 0.0 (neutral logit). Results derived from this run are faithful only up to this event.
16-Aug-26 05:03:31 - epoch 80: Non-finite (NaN/Inf) detected in edge_logits_vl (Phase 1): 259200 of 259200 values -- sanitizing to 0.0 (neutral logit). Results derived from this run are faithful only up to this event.
16-Aug-26 05:03:33 - epoch 80: Non-finite (NaN/Inf) detected in edge_logits_vl (Phase 2): 259200 of 259200 values -- sanitizing to 0.0 (neutral logit). Results derived from this run are faithful only up to this event.
16-Aug-26 05:03:34 - epoch 80: Non-finite (NaN/Inf) detected in edge_logits_vl (Phase 1): 259200 of 259200 values -- sanitizing to 0.0 (neutral logit). Results derived from this run are faithful only up to this event.
16-Aug-26 05:03:36 - epoch 80: Non-finite (NaN/Inf) detected in edge_logits_vl (Phase 2): 259200 of 259200 values -- sanitizing to 0.0 (neutral logit). Results derived from this run are faithful only up to this event.
16-Aug-26 05:03:37 - epoch 80: Non-finite (NaN/Inf) detected in edge_logits_vl (Phase 1): 259200 of 259200 values -- sanitizing to 0.0 (neutral logit). Results derived from this run are faithful only up to this event.
16-Aug-26 05:03:39 - epoch 80: Non-finite (NaN/Inf) detected in edge_logits_vl (Phase 2): 259200 of 259200 values -- sanitizing to 0.0 (neutral logit). Results derived from this run are faithful only up to this event.
16-Aug-26 05:03:40 - epoch 80: Non-finite (NaN/Inf) detected in edge_logits_vl (Phase 1): 259200 of 259200 values -- sanitizing to 0.0 (neutral logit). Results derived from this run are faithful only up to this event.
16-Aug-26 05:03:42 - epoch 80: Non-finite (NaN/Inf) detected in edge_logits_vl (Phase 2): 259200 of 259200 values -- sanitizing to 0.0 (neutral logit). Results derived from this run are faithful only up to this event.
16-Aug-26 05:03:43 - epoch 80: Non-finite (NaN/Inf) detected in edge_logits_vl (Phase 1): 259200 of 259200 values -- sanitizing to 0.0 (neutral logit). Results derived from this run are faithful only up to this event.
16-Aug-26 05:03:45 - epoch 80: Non-finite (NaN/Inf) detected in edge_logits_vl (Phase 2): 259200 of 259200 values -- sanitizing to 0.0 (neutral logit). Results derived from this run are faithful only up to this event.
16-Aug-26 05:03:46 - epoch 80: Non-finite (NaN/Inf) detected in edge_logits_vl (Phase 1): 259200 of 259200 values -- sanitizing to 0.0 (neutral logit). Results derived from this run are faithful only up to this event.
16-Aug-26 05:03:48 - epoch 80: Non-finite (NaN/Inf) detected in edge_logits_vl (Phase 2): 259200 of 259200 values -- sanitizing to 0.0 (neutral logit). Results derived from this run are faithful only up to this event.
16-Aug-26 05:03:49 - epoch 80: Non-finite (NaN/Inf) detected in edge_logits_vl (Phase 1): 259200 of 259200 values -- sanitizing to 0.0 (neutral logit). Results derived from this run are faithful only up to this event.
16-Aug-26 05:03:51 - epoch 80: Non-finite (NaN/Inf) detected in edge_logits_vl (Phase 2): 259200 of 259200 values -- sanitizing to 0.0 (neutral logit). Results derived from this run are faithful only up to this event.
16-Aug-26 05:03:53 - epoch 80: Non-finite (NaN/Inf) detected in edge_logits_vl (Phase 1): 259200 of 259200 values -- sanitizing to 0.0 (neutral logit). Results derived from this run are faithful only up to this event.
16-Aug-26 05:03:54 - epoch 80: Non-finite (NaN/Inf) detected in edge_logits_vl (Phase 2): 259200 of 259200 values -- sanitizing to 0.0 (neutral logit). Results derived from this run are faithful only up to this event.
16-Aug-26 05:03:56 - epoch 80: Non-finite (NaN/Inf) detected in edge_logits_vl (Phase 1): 259200 of 259200 values -- sanitizing to 0.0 (neutral logit). Results derived from this run are faithful only up to this event.
16-Aug-26 05:03:57 - epoch 80: Non-finite (NaN/Inf) detected in edge_logits_vl (Phase 2): 259200 of 259200 values -- sanitizing to 0.0 (neutral logit). Results derived from this run are faithful only up to this event.
16-Aug-26 05:03:59 - epoch 80: Non-finite (NaN/Inf) detected in edge_logits_vl (Phase 1): 259200 of 259200 values -- sanitizing to 0.0 (neutral logit). Results derived from this run are faithful only up to this event.
16-Aug-26 05:04:00 - epoch 80: Non-finite (NaN/Inf) detected in edge_logits_vl (Phase 2): 259200 of 259200 values -- sanitizing to 0.0 (neutral logit). Results derived from this run are faithful only up to this event.
16-Aug-26 05:04:02 - epoch 80: Non-finite (NaN/Inf) detected in edge_logits_vl (Phase 1): 259200 of 259200 values -- sanitizing to 0.0 (neutral logit). Results derived from this run are faithful only up to this event.
16-Aug-26 05:04:03 - epoch 80: Non-finite (NaN/Inf) detected in edge_logits_vl (Phase 2): 259200 of 259200 values -- sanitizing to 0.0 (neutral logit). Results derived from this run are faithful only up to this event.
16-Aug-26 05:04:05 - epoch 80: Non-finite (NaN/Inf) detected in edge_logits_vl (Phase 1): 226800 of 226800 values -- sanitizing to 0.0 (neutral logit). Results derived from this run are faithful only up to this event.
16-Aug-26 05:04:06 - epoch 80: Non-finite (NaN/Inf) detected in edge_logits_vl (Phase 2): 226800 of 226800 values -- sanitizing to 0.0 (neutral logit). Results derived from this run are faithful only up to this event.
16-Aug-26 05:04:07 - Epoch 80, Model Loss 2.0474372513623416, View Loss nan, Reg 0.499993849873044
/users/3171356m/miniconda3/envs/grastiacl/lib/python3.12/site-packages/torch_geometric/data/in_memory_dataset.py:300: UserWarning: It is not recommended to directly access the internal storage format `data` of an 'InMemoryDataset'. The data of the dataset is already cached, so any modifications to `data` will not be reflected when accessing its elements. Clearing the cache now by removing all elements in `dataset._data_list`. If you are absolutely certain what you are doing, access the internal storage via `InMemoryDataset._data` instead to suppress this warning. Alternatively, you can access stacked individual attributes of every graph via `dataset.{attr_name}`.
  warnings.warn(msg)
16-Aug-26 05:04:48 - Metric: accuracy Train_mean: 0.58614667907534 Val_mean: 0.5215686274509803 Test_mean: 0.5397523996509598
16-Aug-26 05:04:48 - Metric: accuracy Train_std: 0.021724203768724214 Val_std: 0.036833994257791804 Test_std: 0.02991584858549577
16-Aug-26 05:04:48 - Metric: f1 Train_mean: 0.5262786849483538 Val_mean: 0.4800606368325103 Test_mean: 0.48752365829982536
16-Aug-26 05:04:48 - Metric: f1 Train_std: 0.041280940323729386 Val_std: 0.0598966430866488 Test_std: 0.04193312279179839
16-Aug-26 05:04:48 - Metric: sen Train_mean: 0.4865979364721721 Val_mean: 0.46849314426721717 Test_mean: 0.46373625864026097
16-Aug-26 05:04:48 - Metric: sen Train_std: 0.05744487593721174 Val_std: 0.0823742256023964 Test_std: 0.06422698477202196
16-Aug-26 05:04:48 - Metric: spe Train_mean: 0.6764466489816755 Val_mean: 0.569999992875 Test_mean: 0.6089108850107833
16-Aug-26 05:04:48 - Metric: spe Train_std: 0.04092160902560888 Val_std: 0.05947688552339053 Test_std: 0.07959546201944784
16-Aug-26 05:04:48 - Metric: precision Train_mean: 0.5768961801560522 Val_mean: 0.49690832535746204 Test_mean: 0.5211313026816533
16-Aug-26 05:04:48 - Metric: precision Train_std: 0.024683876417414014 Val_std: 0.041629399732877166 Test_std: 0.03567555605361348
16-Aug-26 05:04:48 - epoch 81: Non-finite (NaN/Inf) detected in edge_logits_vl (Phase 1): 259200 of 259200 values -- sanitizing to 0.0 (neutral logit). Results derived from this run are faithful only up to this event.
16-Aug-26 05:04:50 - epoch 81: Non-finite (NaN/Inf) detected in edge_logits_vl (Phase 2): 259200 of 259200 values -- sanitizing to 0.0 (neutral logit). Results derived from this run are faithful only up to this event.
16-Aug-26 05:04:51 - epoch 81: Non-finite (NaN/Inf) detected in edge_logits_vl (Phase 1): 259200 of 259200 values -- sanitizing to 0.0 (neutral logit). Results derived from this run are faithful only up to this event.
16-Aug-26 05:04:53 - epoch 81: Non-finite (NaN/Inf) detected in edge_logits_vl (Phase 2): 259200 of 259200 values -- sanitizing to 0.0 (neutral logit). Results derived from this run are faithful only up to this event.
16-Aug-26 05:04:54 - epoch 81: Non-finite (NaN/Inf) detected in edge_logits_vl (Phase 1): 259200 of 259200 values -- sanitizing to 0.0 (neutral logit). Results derived from this run are faithful only up to this event.
16-Aug-26 05:04:55 - epoch 81: Non-finite (NaN/Inf) detected in edge_logits_vl (Phase 2): 259200 of 259200 values -- sanitizing to 0.0 (neutral logit). Results derived from this run are faithful only up to this event.
16-Aug-26 05:04:57 - epoch 81: Non-finite (NaN/Inf) detected in edge_logits_vl (Phase 1): 259200 of 259200 values -- sanitizing to 0.0 (neutral logit). Results derived from this run are faithful only up to this event.
16-Aug-26 05:04:58 - epoch 81: Non-finite (NaN/Inf) detected in edge_logits_vl (Phase 2): 259200 of 259200 values -- sanitizing to 0.0 (neutral logit). Results derived from this run are faithful only up to this event.
16-Aug-26 05:05:00 - epoch 81: Non-finite (NaN/Inf) detected in edge_logits_vl (Phase 1): 259200 of 259200 values -- sanitizing to 0.0 (neutral logit). Results derived from this run are faithful only up to this event.
16-Aug-26 05:05:01 - epoch 81: Non-finite (NaN/Inf) detected in edge_logits_vl (Phase 2): 259200 of 259200 values -- sanitizing to 0.0 (neutral logit). Results derived from this run are faithful only up to this event.
16-Aug-26 05:05:03 - epoch 81: Non-finite (NaN/Inf) detected in edge_logits_vl (Phase 1): 259200 of 259200 values -- sanitizing to 0.0 (neutral logit). Results derived from this run are faithful only up to this event.
16-Aug-26 05:05:04 - epoch 81: Non-finite (NaN/Inf) detected in edge_logits_vl (Phase 2): 259200 of 259200 values -- sanitizing to 0.0 (neutral logit). Results derived from this run are faithful only up to this event.
16-Aug-26 05:05:06 - epoch 81: Non-finite (NaN/Inf) detected in edge_logits_vl (Phase 1): 259200 of 259200 values -- sanitizing to 0.0 (neutral logit). Results derived from this run are faithful only up to this event.
16-Aug-26 05:05:07 - epoch 81: Non-finite (NaN/Inf) detected in edge_logits_vl (Phase 2): 259200 of 259200 values -- sanitizing to 0.0 (neutral logit). Results derived from this run are faithful only up to this event.
16-Aug-26 05:05:09 - epoch 81: Non-finite (NaN/Inf) detected in edge_logits_vl (Phase 1): 259200 of 259200 values -- sanitizing to 0.0 (neutral logit). Results derived from this run are faithful only up to this event.
16-Aug-26 05:05:10 - epoch 81: Non-finite (NaN/Inf) detected in edge_logits_vl (Phase 2): 259200 of 259200 values -- sanitizing to 0.0 (neutral logit). Results derived from this run are faithful only up to this event.
16-Aug-26 05:05:12 - epoch 81: Non-finite (NaN/Inf) detected in edge_logits_vl (Phase 1): 259200 of 259200 values -- sanitizing to 0.0 (neutral logit). Results derived from this run are faithful only up to this event.
16-Aug-26 05:05:13 - epoch 81: Non-finite (NaN/Inf) detected in edge_logits_vl (Phase 2): 259200 of 259200 values -- sanitizing to 0.0 (neutral logit). Results derived from this run are faithful only up to this event.
16-Aug-26 05:05:15 - epoch 81: Non-finite (NaN/Inf) detected in edge_logits_vl (Phase 1): 259200 of 259200 values -- sanitizing to 0.0 (neutral logit). Results derived from this run are faithful only up to this event.
16-Aug-26 05:05:16 - epoch 81: Non-finite (NaN/Inf) detected in edge_logits_vl (Phase 2): 259200 of 259200 values -- sanitizing to 0.0 (neutral logit). Results derived from this run are faithful only up to this event.
16-Aug-26 05:05:18 - epoch 81: Non-finite (NaN/Inf) detected in edge_logits_vl (Phase 1): 259200 of 259200 values -- sanitizing to 0.0 (neutral logit). Results derived from this run are faithful only up to this event.
16-Aug-26 05:05:19 - epoch 81: Non-finite (NaN/Inf) detected in edge_logits_vl (Phase 2): 259200 of 259200 values -- sanitizing to 0.0 (neutral logit). Results derived from this run are faithful only up to this event.
16-Aug-26 05:05:21 - epoch 81: Non-finite (NaN/Inf) detected in edge_logits_vl (Phase 1): 259200 of 259200 values -- sanitizing to 0.0 (neutral logit). Results derived from this run are faithful only up to this event.
16-Aug-26 05:05:22 - epoch 81: Non-finite (NaN/Inf) detected in edge_logits_vl (Phase 2): 259200 of 259200 values -- sanitizing to 0.0 (neutral logit). Results derived from this run are faithful only up to this event.
16-Aug-26 05:05:24 - epoch 81: Non-finite (NaN/Inf) detected in edge_logits_vl (Phase 1): 259200 of 259200 values -- sanitizing to 0.0 (neutral logit). Results derived from this run are faithful only up to this event.
16-Aug-26 05:05:25 - epoch 81: Non-finite (NaN/Inf) detected in edge_logits_vl (Phase 2): 259200 of 259200 values -- sanitizing to 0.0 (neutral logit). Results derived from this run are faithful only up to this event.
16-Aug-26 05:05:27 - epoch 81: Non-finite (NaN/Inf) detected in edge_logits_vl (Phase 1): 259200 of 259200 values -- sanitizing to 0.0 (neutral logit). Results derived from this run are faithful only up to this event.
16-Aug-26 05:05:28 - epoch 81: Non-finite (NaN/Inf) detected in edge_logits_vl (Phase 2): 259200 of 259200 values -- sanitizing to 0.0 (neutral logit). Results derived from this run are faithful only up to this event.
16-Aug-26 05:05:30 - epoch 81: Non-finite (NaN/Inf) detected in edge_logits_vl (Phase 1): 259200 of 259200 values -- sanitizing to 0.0 (neutral logit). Results derived from this run are faithful only up to this event.
16-Aug-26 05:05:31 - epoch 81: Non-finite (NaN/Inf) detected in edge_logits_vl (Phase 2): 259200 of 259200 values -- sanitizing to 0.0 (neutral logit). Results derived from this run are faithful only up to this event.
16-Aug-26 05:05:33 - epoch 81: Non-finite (NaN/Inf) detected in edge_logits_vl (Phase 1): 259200 of 259200 values -- sanitizing to 0.0 (neutral logit). Results derived from this run are faithful only up to this event.
16-Aug-26 05:05:34 - epoch 81: Non-finite (NaN/Inf) detected in edge_logits_vl (Phase 2): 259200 of 259200 values -- sanitizing to 0.0 (neutral logit). Results derived from this run are faithful only up to this event.
16-Aug-26 05:05:36 - epoch 81: Non-finite (NaN/Inf) detected in edge_logits_vl (Phase 1): 259200 of 259200 values -- sanitizing to 0.0 (neutral logit). Results derived from this run are faithful only up to this event.
16-Aug-26 05:05:37 - epoch 81: Non-finite (NaN/Inf) detected in edge_logits_vl (Phase 2): 259200 of 259200 values -- sanitizing to 0.0 (neutral logit). Results derived from this run are faithful only up to this event.
16-Aug-26 05:05:39 - epoch 81: Non-finite (NaN/Inf) detected in edge_logits_vl (Phase 1): 259200 of 259200 values -- sanitizing to 0.0 (neutral logit). Results derived from this run are faithful only up to this event.
16-Aug-26 05:05:40 - epoch 81: Non-finite (NaN/Inf) detected in edge_logits_vl (Phase 2): 259200 of 259200 values -- sanitizing to 0.0 (neutral logit). Results derived from this run are faithful only up to this event.
16-Aug-26 05:05:42 - epoch 81: Non-finite (NaN/Inf) detected in edge_logits_vl (Phase 1): 259200 of 259200 values -- sanitizing to 0.0 (neutral logit). Results derived from this run are faithful only up to this event.
16-Aug-26 05:05:44 - epoch 81: Non-finite (NaN/Inf) detected in edge_logits_vl (Phase 2): 259200 of 259200 values -- sanitizing to 0.0 (neutral logit). Results derived from this run are faithful only up to this event.
16-Aug-26 05:05:45 - epoch 81: Non-finite (NaN/Inf) detected in edge_logits_vl (Phase 1): 259200 of 259200 values -- sanitizing to 0.0 (neutral logit). Results derived from this run are faithful only up to this event.
16-Aug-26 05:05:47 - epoch 81: Non-finite (NaN/Inf) detected in edge_logits_vl (Phase 2): 259200 of 259200 values -- sanitizing to 0.0 (neutral logit). Results derived from this run are faithful only up to this event.
16-Aug-26 05:05:48 - epoch 81: Non-finite (NaN/Inf) detected in edge_logits_vl (Phase 1): 259200 of 259200 values -- sanitizing to 0.0 (neutral logit). Results derived from this run are faithful only up to this event.
16-Aug-26 05:05:49 - epoch 81: Non-finite (NaN/Inf) detected in edge_logits_vl (Phase 2): 259200 of 259200 values -- sanitizing to 0.0 (neutral logit). Results derived from this run are faithful only up to this event.
16-Aug-26 05:05:51 - epoch 81: Non-finite (NaN/Inf) detected in edge_logits_vl (Phase 1): 259200 of 259200 values -- sanitizing to 0.0 (neutral logit). Results derived from this run are faithful only up to this event.
16-Aug-26 05:05:53 - epoch 81: Non-finite (NaN/Inf) detected in edge_logits_vl (Phase 2): 259200 of 259200 values -- sanitizing to 0.0 (neutral logit). Results derived from this run are faithful only up to this event.
16-Aug-26 05:05:54 - epoch 81: Non-finite (NaN/Inf) detected in edge_logits_vl (Phase 1): 259200 of 259200 values -- sanitizing to 0.0 (neutral logit). Results derived from this run are faithful only up to this event.
16-Aug-26 05:05:56 - epoch 81: Non-finite (NaN/Inf) detected in edge_logits_vl (Phase 2): 259200 of 259200 values -- sanitizing to 0.0 (neutral logit). Results derived from this run are faithful only up to this event.
16-Aug-26 05:05:57 - epoch 81: Non-finite (NaN/Inf) detected in edge_logits_vl (Phase 1): 259200 of 259200 values -- sanitizing to 0.0 (neutral logit). Results derived from this run are faithful only up to this event.
16-Aug-26 05:05:59 - epoch 81: Non-finite (NaN/Inf) detected in edge_logits_vl (Phase 2): 259200 of 259200 values -- sanitizing to 0.0 (neutral logit). Results derived from this run are faithful only up to this event.
16-Aug-26 05:06:00 - epoch 81: Non-finite (NaN/Inf) detected in edge_logits_vl (Phase 1): 259200 of 259200 values -- sanitizing to 0.0 (neutral logit). Results derived from this run are faithful only up to this event.
16-Aug-26 05:06:02 - epoch 81: Non-finite (NaN/Inf) detected in edge_logits_vl (Phase 2): 259200 of 259200 values -- sanitizing to 0.0 (neutral logit). Results derived from this run are faithful only up to this event.
16-Aug-26 05:06:03 - epoch 81: Non-finite (NaN/Inf) detected in edge_logits_vl (Phase 1): 259200 of 259200 values -- sanitizing to 0.0 (neutral logit). Results derived from this run are faithful only up to this event.
16-Aug-26 05:06:05 - epoch 81: Non-finite (NaN/Inf) detected in edge_logits_vl (Phase 2): 259200 of 259200 values -- sanitizing to 0.0 (neutral logit). Results derived from this run are faithful only up to this event.
16-Aug-26 05:06:06 - epoch 81: Non-finite (NaN/Inf) detected in edge_logits_vl (Phase 1): 259200 of 259200 values -- sanitizing to 0.0 (neutral logit). Results derived from this run are faithful only up to this event.
16-Aug-26 05:06:08 - epoch 81: Non-finite (NaN/Inf) detected in edge_logits_vl (Phase 2): 259200 of 259200 values -- sanitizing to 0.0 (neutral logit). Results derived from this run are faithful only up to this event.
16-Aug-26 05:06:09 - epoch 81: Non-finite (NaN/Inf) detected in edge_logits_vl (Phase 1): 259200 of 259200 values -- sanitizing to 0.0 (neutral logit). Results derived from this run are faithful only up to this event.
16-Aug-26 05:06:11 - epoch 81: Non-finite (NaN/Inf) detected in edge_logits_vl (Phase 2): 259200 of 259200 values -- sanitizing to 0.0 (neutral logit). Results derived from this run are faithful only up to this event.
16-Aug-26 05:06:12 - epoch 81: Non-finite (NaN/Inf) detected in edge_logits_vl (Phase 1): 259200 of 259200 values -- sanitizing to 0.0 (neutral logit). Results derived from this run are faithful only up to this event.
16-Aug-26 05:06:14 - epoch 81: Non-finite (NaN/Inf) detected in edge_logits_vl (Phase 2): 259200 of 259200 values -- sanitizing to 0.0 (neutral logit). Results derived from this run are faithful only up to this event.
16-Aug-26 05:06:15 - epoch 81: Non-finite (NaN/Inf) detected in edge_logits_vl (Phase 1): 226800 of 226800 values -- sanitizing to 0.0 (neutral logit). Results derived from this run are faithful only up to this event.
16-Aug-26 05:06:17 - epoch 81: Non-finite (NaN/Inf) detected in edge_logits_vl (Phase 2): 226800 of 226800 values -- sanitizing to 0.0 (neutral logit). Results derived from this run are faithful only up to this event.
16-Aug-26 05:06:17 - Epoch 81, Model Loss 1.9955460960396165, View Loss nan, Reg 0.5000077983574888
16-Aug-26 05:06:18 - epoch 82: Non-finite (NaN/Inf) detected in edge_logits_vl (Phase 1): 259200 of 259200 values -- sanitizing to 0.0 (neutral logit). Results derived from this run are faithful only up to this event.
16-Aug-26 05:06:19 - epoch 82: Non-finite (NaN/Inf) detected in edge_logits_vl (Phase 2): 259200 of 259200 values -- sanitizing to 0.0 (neutral logit). Results derived from this run are faithful only up to this event.
16-Aug-26 05:06:21 - epoch 82: Non-finite (NaN/Inf) detected in edge_logits_vl (Phase 1): 259200 of 259200 values -- sanitizing to 0.0 (neutral logit). Results derived from this run are faithful only up to this event.
16-Aug-26 05:06:22 - epoch 82: Non-finite (NaN/Inf) detected in edge_logits_vl (Phase 2): 259200 of 259200 values -- sanitizing to 0.0 (neutral logit). Results derived from this run are faithful only up to this event.
16-Aug-26 05:06:23 - epoch 82: Non-finite (NaN/Inf) detected in edge_logits_vl (Phase 1): 259200 of 259200 values -- sanitizing to 0.0 (neutral logit). Results derived from this run are faithful only up to this event.
16-Aug-26 05:06:25 - epoch 82: Non-finite (NaN/Inf) detected in edge_logits_vl (Phase 2): 259200 of 259200 values -- sanitizing to 0.0 (neutral logit). Results derived from this run are faithful only up to this event.
16-Aug-26 05:06:26 - epoch 82: Non-finite (NaN/Inf) detected in edge_logits_vl (Phase 1): 259200 of 259200 values -- sanitizing to 0.0 (neutral logit). Results derived from this run are faithful only up to this event.
16-Aug-26 05:06:28 - epoch 82: Non-finite (NaN/Inf) detected in edge_logits_vl (Phase 2): 259200 of 259200 values -- sanitizing to 0.0 (neutral logit). Results derived from this run are faithful only up to this event.
16-Aug-26 05:06:29 - epoch 82: Non-finite (NaN/Inf) detected in edge_logits_vl (Phase 1): 259200 of 259200 values -- sanitizing to 0.0 (neutral logit). Results derived from this run are faithful only up to this event.
16-Aug-26 05:06:31 - epoch 82: Non-finite (NaN/Inf) detected in edge_logits_vl (Phase 2): 259200 of 259200 values -- sanitizing to 0.0 (neutral logit). Results derived from this run are faithful only up to this event.
16-Aug-26 05:06:32 - epoch 82: Non-finite (NaN/Inf) detected in edge_logits_vl (Phase 1): 259200 of 259200 values -- sanitizing to 0.0 (neutral logit). Results derived from this run are faithful only up to this event.
16-Aug-26 05:06:34 - epoch 82: Non-finite (NaN/Inf) detected in edge_logits_vl (Phase 2): 259200 of 259200 values -- sanitizing to 0.0 (neutral logit). Results derived from this run are faithful only up to this event.
16-Aug-26 05:06:35 - epoch 82: Non-finite (NaN/Inf) detected in edge_logits_vl (Phase 1): 259200 of 259200 values -- sanitizing to 0.0 (neutral logit). Results derived from this run are faithful only up to this event.
16-Aug-26 05:06:37 - epoch 82: Non-finite (NaN/Inf) detected in edge_logits_vl (Phase 2): 259200 of 259200 values -- sanitizing to 0.0 (neutral logit). Results derived from this run are faithful only up to this event.
16-Aug-26 05:06:38 - epoch 82: Non-finite (NaN/Inf) detected in edge_logits_vl (Phase 1): 259200 of 259200 values -- sanitizing to 0.0 (neutral logit). Results derived from this run are faithful only up to this event.
16-Aug-26 05:06:40 - epoch 82: Non-finite (NaN/Inf) detected in edge_logits_vl (Phase 2): 259200 of 259200 values -- sanitizing to 0.0 (neutral logit). Results derived from this run are faithful only up to this event.
16-Aug-26 05:06:41 - epoch 82: Non-finite (NaN/Inf) detected in edge_logits_vl (Phase 1): 259200 of 259200 values -- sanitizing to 0.0 (neutral logit). Results derived from this run are faithful only up to this event.
16-Aug-26 05:06:43 - epoch 82: Non-finite (NaN/Inf) detected in edge_logits_vl (Phase 2): 259200 of 259200 values -- sanitizing to 0.0 (neutral logit). Results derived from this run are faithful only up to this event.
16-Aug-26 05:06:44 - epoch 82: Non-finite (NaN/Inf) detected in edge_logits_vl (Phase 1): 259200 of 259200 values -- sanitizing to 0.0 (neutral logit). Results derived from this run are faithful only up to this event.
16-Aug-26 05:06:46 - epoch 82: Non-finite (NaN/Inf) detected in edge_logits_vl (Phase 2): 259200 of 259200 values -- sanitizing to 0.0 (neutral logit). Results derived from this run are faithful only up to this event.
16-Aug-26 05:06:47 - epoch 82: Non-finite (NaN/Inf) detected in edge_logits_vl (Phase 1): 259200 of 259200 values -- sanitizing to 0.0 (neutral logit). Results derived from this run are faithful only up to this event.
16-Aug-26 05:06:49 - epoch 82: Non-finite (NaN/Inf) detected in edge_logits_vl (Phase 2): 259200 of 259200 values -- sanitizing to 0.0 (neutral logit). Results derived from this run are faithful only up to this event.
16-Aug-26 05:06:50 - epoch 82: Non-finite (NaN/Inf) detected in edge_logits_vl (Phase 1): 259200 of 259200 values -- sanitizing to 0.0 (neutral logit). Results derived from this run are faithful only up to this event.
16-Aug-26 05:06:52 - epoch 82: Non-finite (NaN/Inf) detected in edge_logits_vl (Phase 2): 259200 of 259200 values -- sanitizing to 0.0 (neutral logit). Results derived from this run are faithful only up to this event.
16-Aug-26 05:06:53 - epoch 82: Non-finite (NaN/Inf) detected in edge_logits_vl (Phase 1): 259200 of 259200 values -- sanitizing to 0.0 (neutral logit). Results derived from this run are faithful only up to this event.
16-Aug-26 05:06:55 - epoch 82: Non-finite (NaN/Inf) detected in edge_logits_vl (Phase 2): 259200 of 259200 values -- sanitizing to 0.0 (neutral logit). Results derived from this run are faithful only up to this event.
16-Aug-26 05:06:56 - epoch 82: Non-finite (NaN/Inf) detected in edge_logits_vl (Phase 1): 259200 of 259200 values -- sanitizing to 0.0 (neutral logit). Results derived from this run are faithful only up to this event.
16-Aug-26 05:06:58 - epoch 82: Non-finite (NaN/Inf) detected in edge_logits_vl (Phase 2): 259200 of 259200 values -- sanitizing to 0.0 (neutral logit). Results derived from this run are faithful only up to this event.
16-Aug-26 05:06:59 - epoch 82: Non-finite (NaN/Inf) detected in edge_logits_vl (Phase 1): 259200 of 259200 values -- sanitizing to 0.0 (neutral logit). Results derived from this run are faithful only up to this event.
16-Aug-26 05:07:01 - epoch 82: Non-finite (NaN/Inf) detected in edge_logits_vl (Phase 2): 259200 of 259200 values -- sanitizing to 0.0 (neutral logit). Results derived from this run are faithful only up to this event.
16-Aug-26 05:07:02 - epoch 82: Non-finite (NaN/Inf) detected in edge_logits_vl (Phase 1): 259200 of 259200 values -- sanitizing to 0.0 (neutral logit). Results derived from this run are faithful only up to this event.
16-Aug-26 05:07:04 - epoch 82: Non-finite (NaN/Inf) detected in edge_logits_vl (Phase 2): 259200 of 259200 values -- sanitizing to 0.0 (neutral logit). Results derived from this run are faithful only up to this event.
16-Aug-26 05:07:05 - epoch 82: Non-finite (NaN/Inf) detected in edge_logits_vl (Phase 1): 259200 of 259200 values -- sanitizing to 0.0 (neutral logit). Results derived from this run are faithful only up to this event.
16-Aug-26 05:07:07 - epoch 82: Non-finite (NaN/Inf) detected in edge_logits_vl (Phase 2): 259200 of 259200 values -- sanitizing to 0.0 (neutral logit). Results derived from this run are faithful only up to this event.
16-Aug-26 05:07:08 - epoch 82: Non-finite (NaN/Inf) detected in edge_logits_vl (Phase 1): 259200 of 259200 values -- sanitizing to 0.0 (neutral logit). Results derived from this run are faithful only up to this event.
16-Aug-26 05:07:10 - epoch 82: Non-finite (NaN/Inf) detected in edge_logits_vl (Phase 2): 259200 of 259200 values -- sanitizing to 0.0 (neutral logit). Results derived from this run are faithful only up to this event.
16-Aug-26 05:07:11 - epoch 82: Non-finite (NaN/Inf) detected in edge_logits_vl (Phase 1): 259200 of 259200 values -- sanitizing to 0.0 (neutral logit). Results derived from this run are faithful only up to this event.
16-Aug-26 05:07:13 - epoch 82: Non-finite (NaN/Inf) detected in edge_logits_vl (Phase 2): 259200 of 259200 values -- sanitizing to 0.0 (neutral logit). Results derived from this run are faithful only up to this event.
16-Aug-26 05:07:15 - epoch 82: Non-finite (NaN/Inf) detected in edge_logits_vl (Phase 1): 259200 of 259200 values -- sanitizing to 0.0 (neutral logit). Results derived from this run are faithful only up to this event.
16-Aug-26 05:07:16 - epoch 82: Non-finite (NaN/Inf) detected in edge_logits_vl (Phase 2): 259200 of 259200 values -- sanitizing to 0.0 (neutral logit). Results derived from this run are faithful only up to this event.
16-Aug-26 05:07:18 - epoch 82: Non-finite (NaN/Inf) detected in edge_logits_vl (Phase 1): 259200 of 259200 values -- sanitizing to 0.0 (neutral logit). Results derived from this run are faithful only up to this event.
16-Aug-26 05:07:19 - epoch 82: Non-finite (NaN/Inf) detected in edge_logits_vl (Phase 2): 259200 of 259200 values -- sanitizing to 0.0 (neutral logit). Results derived from this run are faithful only up to this event.
16-Aug-26 05:07:20 - epoch 82: Non-finite (NaN/Inf) detected in edge_logits_vl (Phase 1): 259200 of 259200 values -- sanitizing to 0.0 (neutral logit). Results derived from this run are faithful only up to this event.
16-Aug-26 05:07:22 - epoch 82: Non-finite (NaN/Inf) detected in edge_logits_vl (Phase 2): 259200 of 259200 values -- sanitizing to 0.0 (neutral logit). Results derived from this run are faithful only up to this event.
16-Aug-26 05:07:24 - epoch 82: Non-finite (NaN/Inf) detected in edge_logits_vl (Phase 1): 259200 of 259200 values -- sanitizing to 0.0 (neutral logit). Results derived from this run are faithful only up to this event.
16-Aug-26 05:07:25 - epoch 82: Non-finite (NaN/Inf) detected in edge_logits_vl (Phase 2): 259200 of 259200 values -- sanitizing to 0.0 (neutral logit). Results derived from this run are faithful only up to this event.
16-Aug-26 05:07:27 - epoch 82: Non-finite (NaN/Inf) detected in edge_logits_vl (Phase 1): 259200 of 259200 values -- sanitizing to 0.0 (neutral logit). Results derived from this run are faithful only up to this event.
16-Aug-26 05:07:28 - epoch 82: Non-finite (NaN/Inf) detected in edge_logits_vl (Phase 2): 259200 of 259200 values -- sanitizing to 0.0 (neutral logit). Results derived from this run are faithful only up to this event.
16-Aug-26 05:07:30 - epoch 82: Non-finite (NaN/Inf) detected in edge_logits_vl (Phase 1): 259200 of 259200 values -- sanitizing to 0.0 (neutral logit). Results derived from this run are faithful only up to this event.
16-Aug-26 05:07:31 - epoch 82: Non-finite (NaN/Inf) detected in edge_logits_vl (Phase 2): 259200 of 259200 values -- sanitizing to 0.0 (neutral logit). Results derived from this run are faithful only up to this event.
16-Aug-26 05:07:33 - epoch 82: Non-finite (NaN/Inf) detected in edge_logits_vl (Phase 1): 259200 of 259200 values -- sanitizing to 0.0 (neutral logit). Results derived from this run are faithful only up to this event.
16-Aug-26 05:07:34 - epoch 82: Non-finite (NaN/Inf) detected in edge_logits_vl (Phase 2): 259200 of 259200 values -- sanitizing to 0.0 (neutral logit). Results derived from this run are faithful only up to this event.
16-Aug-26 05:07:36 - epoch 82: Non-finite (NaN/Inf) detected in edge_logits_vl (Phase 1): 259200 of 259200 values -- sanitizing to 0.0 (neutral logit). Results derived from this run are faithful only up to this event.
16-Aug-26 05:07:37 - epoch 82: Non-finite (NaN/Inf) detected in edge_logits_vl (Phase 2): 259200 of 259200 values -- sanitizing to 0.0 (neutral logit). Results derived from this run are faithful only up to this event.
16-Aug-26 05:07:39 - epoch 82: Non-finite (NaN/Inf) detected in edge_logits_vl (Phase 1): 259200 of 259200 values -- sanitizing to 0.0 (neutral logit). Results derived from this run are faithful only up to this event.
16-Aug-26 05:07:40 - epoch 82: Non-finite (NaN/Inf) detected in edge_logits_vl (Phase 2): 259200 of 259200 values -- sanitizing to 0.0 (neutral logit). Results derived from this run are faithful only up to this event.
16-Aug-26 05:07:42 - epoch 82: Non-finite (NaN/Inf) detected in edge_logits_vl (Phase 1): 259200 of 259200 values -- sanitizing to 0.0 (neutral logit). Results derived from this run are faithful only up to this event.
16-Aug-26 05:07:43 - epoch 82: Non-finite (NaN/Inf) detected in edge_logits_vl (Phase 2): 259200 of 259200 values -- sanitizing to 0.0 (neutral logit). Results derived from this run are faithful only up to this event.
16-Aug-26 05:07:45 - epoch 82: Non-finite (NaN/Inf) detected in edge_logits_vl (Phase 1): 226800 of 226800 values -- sanitizing to 0.0 (neutral logit). Results derived from this run are faithful only up to this event.
16-Aug-26 05:07:46 - epoch 82: Non-finite (NaN/Inf) detected in edge_logits_vl (Phase 2): 226800 of 226800 values -- sanitizing to 0.0 (neutral logit). Results derived from this run are faithful only up to this event.
16-Aug-26 05:07:47 - Epoch 82, Model Loss 2.0236940683181315, View Loss nan, Reg 0.4999530285472152
16-Aug-26 05:07:47 - epoch 83: Non-finite (NaN/Inf) detected in edge_logits_vl (Phase 1): 259200 of 259200 values -- sanitizing to 0.0 (neutral logit). Results derived from this run are faithful only up to this event.
16-Aug-26 05:07:49 - epoch 83: Non-finite (NaN/Inf) detected in edge_logits_vl (Phase 2): 259200 of 259200 values -- sanitizing to 0.0 (neutral logit). Results derived from this run are faithful only up to this event.
16-Aug-26 05:07:50 - epoch 83: Non-finite (NaN/Inf) detected in edge_logits_vl (Phase 1): 259200 of 259200 values -- sanitizing to 0.0 (neutral logit). Results derived from this run are faithful only up to this event.
16-Aug-26 05:07:52 - epoch 83: Non-finite (NaN/Inf) detected in edge_logits_vl (Phase 2): 259200 of 259200 values -- sanitizing to 0.0 (neutral logit). Results derived from this run are faithful only up to this event.
16-Aug-26 05:07:53 - epoch 83: Non-finite (NaN/Inf) detected in edge_logits_vl (Phase 1): 259200 of 259200 values -- sanitizing to 0.0 (neutral logit). Results derived from this run are faithful only up to this event.
16-Aug-26 05:07:54 - epoch 83: Non-finite (NaN/Inf) detected in edge_logits_vl (Phase 2): 259200 of 259200 values -- sanitizing to 0.0 (neutral logit). Results derived from this run are faithful only up to this event.
16-Aug-26 05:07:56 - epoch 83: Non-finite (NaN/Inf) detected in edge_logits_vl (Phase 1): 259200 of 259200 values -- sanitizing to 0.0 (neutral logit). Results derived from this run are faithful only up to this event.
16-Aug-26 05:07:57 - epoch 83: Non-finite (NaN/Inf) detected in edge_logits_vl (Phase 2): 259200 of 259200 values -- sanitizing to 0.0 (neutral logit). Results derived from this run are faithful only up to this event.
16-Aug-26 05:07:59 - epoch 83: Non-finite (NaN/Inf) detected in edge_logits_vl (Phase 1): 259200 of 259200 values -- sanitizing to 0.0 (neutral logit). Results derived from this run are faithful only up to this event.
16-Aug-26 05:08:00 - epoch 83: Non-finite (NaN/Inf) detected in edge_logits_vl (Phase 2): 259200 of 259200 values -- sanitizing to 0.0 (neutral logit). Results derived from this run are faithful only up to this event.
16-Aug-26 05:08:02 - epoch 83: Non-finite (NaN/Inf) detected in edge_logits_vl (Phase 1): 259200 of 259200 values -- sanitizing to 0.0 (neutral logit). Results derived from this run are faithful only up to this event.
16-Aug-26 05:08:03 - epoch 83: Non-finite (NaN/Inf) detected in edge_logits_vl (Phase 2): 259200 of 259200 values -- sanitizing to 0.0 (neutral logit). Results derived from this run are faithful only up to this event.
16-Aug-26 05:08:05 - epoch 83: Non-finite (NaN/Inf) detected in edge_logits_vl (Phase 1): 259200 of 259200 values -- sanitizing to 0.0 (neutral logit). Results derived from this run are faithful only up to this event.
16-Aug-26 05:08:06 - epoch 83: Non-finite (NaN/Inf) detected in edge_logits_vl (Phase 2): 259200 of 259200 values -- sanitizing to 0.0 (neutral logit). Results derived from this run are faithful only up to this event.
16-Aug-26 05:08:08 - epoch 83: Non-finite (NaN/Inf) detected in edge_logits_vl (Phase 1): 259200 of 259200 values -- sanitizing to 0.0 (neutral logit). Results derived from this run are faithful only up to this event.
16-Aug-26 05:08:09 - epoch 83: Non-finite (NaN/Inf) detected in edge_logits_vl (Phase 2): 259200 of 259200 values -- sanitizing to 0.0 (neutral logit). Results derived from this run are faithful only up to this event.
16-Aug-26 05:08:11 - epoch 83: Non-finite (NaN/Inf) detected in edge_logits_vl (Phase 1): 259200 of 259200 values -- sanitizing to 0.0 (neutral logit). Results derived from this run are faithful only up to this event.
16-Aug-26 05:08:12 - epoch 83: Non-finite (NaN/Inf) detected in edge_logits_vl (Phase 2): 259200 of 259200 values -- sanitizing to 0.0 (neutral logit). Results derived from this run are faithful only up to this event.
16-Aug-26 05:08:14 - epoch 83: Non-finite (NaN/Inf) detected in edge_logits_vl (Phase 1): 259200 of 259200 values -- sanitizing to 0.0 (neutral logit). Results derived from this run are faithful only up to this event.
16-Aug-26 05:08:15 - epoch 83: Non-finite (NaN/Inf) detected in edge_logits_vl (Phase 2): 259200 of 259200 values -- sanitizing to 0.0 (neutral logit). Results derived from this run are faithful only up to this event.
16-Aug-26 05:08:17 - epoch 83: Non-finite (NaN/Inf) detected in edge_logits_vl (Phase 1): 259200 of 259200 values -- sanitizing to 0.0 (neutral logit). Results derived from this run are faithful only up to this event.
16-Aug-26 05:08:18 - epoch 83: Non-finite (NaN/Inf) detected in edge_logits_vl (Phase 2): 259200 of 259200 values -- sanitizing to 0.0 (neutral logit). Results derived from this run are faithful only up to this event.
16-Aug-26 05:08:20 - epoch 83: Non-finite (NaN/Inf) detected in edge_logits_vl (Phase 1): 259200 of 259200 values -- sanitizing to 0.0 (neutral logit). Results derived from this run are faithful only up to this event.
16-Aug-26 05:08:21 - epoch 83: Non-finite (NaN/Inf) detected in edge_logits_vl (Phase 2): 259200 of 259200 values -- sanitizing to 0.0 (neutral logit). Results derived from this run are faithful only up to this event.
16-Aug-26 05:08:23 - epoch 83: Non-finite (NaN/Inf) detected in edge_logits_vl (Phase 1): 259200 of 259200 values -- sanitizing to 0.0 (neutral logit). Results derived from this run are faithful only up to this event.
16-Aug-26 05:08:24 - epoch 83: Non-finite (NaN/Inf) detected in edge_logits_vl (Phase 2): 259200 of 259200 values -- sanitizing to 0.0 (neutral logit). Results derived from this run are faithful only up to this event.
16-Aug-26 05:08:26 - epoch 83: Non-finite (NaN/Inf) detected in edge_logits_vl (Phase 1): 259200 of 259200 values -- sanitizing to 0.0 (neutral logit). Results derived from this run are faithful only up to this event.
16-Aug-26 05:08:27 - epoch 83: Non-finite (NaN/Inf) detected in edge_logits_vl (Phase 2): 259200 of 259200 values -- sanitizing to 0.0 (neutral logit). Results derived from this run are faithful only up to this event.
16-Aug-26 05:08:29 - epoch 83: Non-finite (NaN/Inf) detected in edge_logits_vl (Phase 1): 259200 of 259200 values -- sanitizing to 0.0 (neutral logit). Results derived from this run are faithful only up to this event.
16-Aug-26 05:08:30 - epoch 83: Non-finite (NaN/Inf) detected in edge_logits_vl (Phase 2): 259200 of 259200 values -- sanitizing to 0.0 (neutral logit). Results derived from this run are faithful only up to this event.
16-Aug-26 05:08:32 - epoch 83: Non-finite (NaN/Inf) detected in edge_logits_vl (Phase 1): 259200 of 259200 values -- sanitizing to 0.0 (neutral logit). Results derived from this run are faithful only up to this event.
16-Aug-26 05:08:33 - epoch 83: Non-finite (NaN/Inf) detected in edge_logits_vl (Phase 2): 259200 of 259200 values -- sanitizing to 0.0 (neutral logit). Results derived from this run are faithful only up to this event.
16-Aug-26 05:08:35 - epoch 83: Non-finite (NaN/Inf) detected in edge_logits_vl (Phase 1): 259200 of 259200 values -- sanitizing to 0.0 (neutral logit). Results derived from this run are faithful only up to this event.
16-Aug-26 05:08:36 - epoch 83: Non-finite (NaN/Inf) detected in edge_logits_vl (Phase 2): 259200 of 259200 values -- sanitizing to 0.0 (neutral logit). Results derived from this run are faithful only up to this event.
16-Aug-26 05:08:38 - epoch 83: Non-finite (NaN/Inf) detected in edge_logits_vl (Phase 1): 259200 of 259200 values -- sanitizing to 0.0 (neutral logit). Results derived from this run are faithful only up to this event.
16-Aug-26 05:08:39 - epoch 83: Non-finite (NaN/Inf) detected in edge_logits_vl (Phase 2): 259200 of 259200 values -- sanitizing to 0.0 (neutral logit). Results derived from this run are faithful only up to this event.
16-Aug-26 05:08:41 - epoch 83: Non-finite (NaN/Inf) detected in edge_logits_vl (Phase 1): 259200 of 259200 values -- sanitizing to 0.0 (neutral logit). Results derived from this run are faithful only up to this event.
16-Aug-26 05:08:42 - epoch 83: Non-finite (NaN/Inf) detected in edge_logits_vl (Phase 2): 259200 of 259200 values -- sanitizing to 0.0 (neutral logit). Results derived from this run are faithful only up to this event.
16-Aug-26 05:08:44 - epoch 83: Non-finite (NaN/Inf) detected in edge_logits_vl (Phase 1): 259200 of 259200 values -- sanitizing to 0.0 (neutral logit). Results derived from this run are faithful only up to this event.
16-Aug-26 05:08:45 - epoch 83: Non-finite (NaN/Inf) detected in edge_logits_vl (Phase 2): 259200 of 259200 values -- sanitizing to 0.0 (neutral logit). Results derived from this run are faithful only up to this event.
16-Aug-26 05:08:47 - epoch 83: Non-finite (NaN/Inf) detected in edge_logits_vl (Phase 1): 259200 of 259200 values -- sanitizing to 0.0 (neutral logit). Results derived from this run are faithful only up to this event.
16-Aug-26 05:08:48 - epoch 83: Non-finite (NaN/Inf) detected in edge_logits_vl (Phase 2): 259200 of 259200 values -- sanitizing to 0.0 (neutral logit). Results derived from this run are faithful only up to this event.
16-Aug-26 05:08:50 - epoch 83: Non-finite (NaN/Inf) detected in edge_logits_vl (Phase 1): 259200 of 259200 values -- sanitizing to 0.0 (neutral logit). Results derived from this run are faithful only up to this event.
16-Aug-26 05:08:51 - epoch 83: Non-finite (NaN/Inf) detected in edge_logits_vl (Phase 2): 259200 of 259200 values -- sanitizing to 0.0 (neutral logit). Results derived from this run are faithful only up to this event.
16-Aug-26 05:08:53 - epoch 83: Non-finite (NaN/Inf) detected in edge_logits_vl (Phase 1): 259200 of 259200 values -- sanitizing to 0.0 (neutral logit). Results derived from this run are faithful only up to this event.
16-Aug-26 05:08:55 - epoch 83: Non-finite (NaN/Inf) detected in edge_logits_vl (Phase 2): 259200 of 259200 values -- sanitizing to 0.0 (neutral logit). Results derived from this run are faithful only up to this event.
16-Aug-26 05:08:56 - epoch 83: Non-finite (NaN/Inf) detected in edge_logits_vl (Phase 1): 259200 of 259200 values -- sanitizing to 0.0 (neutral logit). Results derived from this run are faithful only up to this event.
16-Aug-26 05:08:58 - epoch 83: Non-finite (NaN/Inf) detected in edge_logits_vl (Phase 2): 259200 of 259200 values -- sanitizing to 0.0 (neutral logit). Results derived from this run are faithful only up to this event.
16-Aug-26 05:08:59 - epoch 83: Non-finite (NaN/Inf) detected in edge_logits_vl (Phase 1): 259200 of 259200 values -- sanitizing to 0.0 (neutral logit). Results derived from this run are faithful only up to this event.
16-Aug-26 05:09:01 - epoch 83: Non-finite (NaN/Inf) detected in edge_logits_vl (Phase 2): 259200 of 259200 values -- sanitizing to 0.0 (neutral logit). Results derived from this run are faithful only up to this event.
16-Aug-26 05:09:02 - epoch 83: Non-finite (NaN/Inf) detected in edge_logits_vl (Phase 1): 259200 of 259200 values -- sanitizing to 0.0 (neutral logit). Results derived from this run are faithful only up to this event.
16-Aug-26 05:09:04 - epoch 83: Non-finite (NaN/Inf) detected in edge_logits_vl (Phase 2): 259200 of 259200 values -- sanitizing to 0.0 (neutral logit). Results derived from this run are faithful only up to this event.
16-Aug-26 05:09:05 - epoch 83: Non-finite (NaN/Inf) detected in edge_logits_vl (Phase 1): 259200 of 259200 values -- sanitizing to 0.0 (neutral logit). Results derived from this run are faithful only up to this event.
16-Aug-26 05:09:07 - epoch 83: Non-finite (NaN/Inf) detected in edge_logits_vl (Phase 2): 259200 of 259200 values -- sanitizing to 0.0 (neutral logit). Results derived from this run are faithful only up to this event.
16-Aug-26 05:09:08 - epoch 83: Non-finite (NaN/Inf) detected in edge_logits_vl (Phase 1): 259200 of 259200 values -- sanitizing to 0.0 (neutral logit). Results derived from this run are faithful only up to this event.
16-Aug-26 05:09:10 - epoch 83: Non-finite (NaN/Inf) detected in edge_logits_vl (Phase 2): 259200 of 259200 values -- sanitizing to 0.0 (neutral logit). Results derived from this run are faithful only up to this event.
16-Aug-26 05:09:11 - epoch 83: Non-finite (NaN/Inf) detected in edge_logits_vl (Phase 1): 259200 of 259200 values -- sanitizing to 0.0 (neutral logit). Results derived from this run are faithful only up to this event.
16-Aug-26 05:09:13 - epoch 83: Non-finite (NaN/Inf) detected in edge_logits_vl (Phase 2): 259200 of 259200 values -- sanitizing to 0.0 (neutral logit). Results derived from this run are faithful only up to this event.
16-Aug-26 05:09:14 - epoch 83: Non-finite (NaN/Inf) detected in edge_logits_vl (Phase 1): 226800 of 226800 values -- sanitizing to 0.0 (neutral logit). Results derived from this run are faithful only up to this event.
16-Aug-26 05:09:15 - epoch 83: Non-finite (NaN/Inf) detected in edge_logits_vl (Phase 2): 226800 of 226800 values -- sanitizing to 0.0 (neutral logit). Results derived from this run are faithful only up to this event.
16-Aug-26 05:09:16 - Epoch 83, Model Loss 2.0344397069021247, View Loss nan, Reg 0.4998994685366563
16-Aug-26 05:09:17 - epoch 84: Non-finite (NaN/Inf) detected in edge_logits_vl (Phase 1): 259200 of 259200 values -- sanitizing to 0.0 (neutral logit). Results derived from this run are faithful only up to this event.
16-Aug-26 05:09:18 - epoch 84: Non-finite (NaN/Inf) detected in edge_logits_vl (Phase 2): 259200 of 259200 values -- sanitizing to 0.0 (neutral logit). Results derived from this run are faithful only up to this event.
16-Aug-26 05:09:20 - epoch 84: Non-finite (NaN/Inf) detected in edge_logits_vl (Phase 1): 259200 of 259200 values -- sanitizing to 0.0 (neutral logit). Results derived from this run are faithful only up to this event.
16-Aug-26 05:09:21 - epoch 84: Non-finite (NaN/Inf) detected in edge_logits_vl (Phase 2): 259200 of 259200 values -- sanitizing to 0.0 (neutral logit). Results derived from this run are faithful only up to this event.
16-Aug-26 05:09:22 - epoch 84: Non-finite (NaN/Inf) detected in edge_logits_vl (Phase 1): 259200 of 259200 values -- sanitizing to 0.0 (neutral logit). Results derived from this run are faithful only up to this event.
16-Aug-26 05:09:24 - epoch 84: Non-finite (NaN/Inf) detected in edge_logits_vl (Phase 2): 259200 of 259200 values -- sanitizing to 0.0 (neutral logit). Results derived from this run are faithful only up to this event.
16-Aug-26 05:09:25 - epoch 84: Non-finite (NaN/Inf) detected in edge_logits_vl (Phase 1): 259200 of 259200 values -- sanitizing to 0.0 (neutral logit). Results derived from this run are faithful only up to this event.
16-Aug-26 05:09:27 - epoch 84: Non-finite (NaN/Inf) detected in edge_logits_vl (Phase 2): 259200 of 259200 values -- sanitizing to 0.0 (neutral logit). Results derived from this run are faithful only up to this event.
16-Aug-26 05:09:28 - epoch 84: Non-finite (NaN/Inf) detected in edge_logits_vl (Phase 1): 259200 of 259200 values -- sanitizing to 0.0 (neutral logit). Results derived from this run are faithful only up to this event.
16-Aug-26 05:09:30 - epoch 84: Non-finite (NaN/Inf) detected in edge_logits_vl (Phase 2): 259200 of 259200 values -- sanitizing to 0.0 (neutral logit). Results derived from this run are faithful only up to this event.
16-Aug-26 05:09:31 - epoch 84: Non-finite (NaN/Inf) detected in edge_logits_vl (Phase 1): 259200 of 259200 values -- sanitizing to 0.0 (neutral logit). Results derived from this run are faithful only up to this event.
16-Aug-26 05:09:33 - epoch 84: Non-finite (NaN/Inf) detected in edge_logits_vl (Phase 2): 259200 of 259200 values -- sanitizing to 0.0 (neutral logit). Results derived from this run are faithful only up to this event.
16-Aug-26 05:09:34 - epoch 84: Non-finite (NaN/Inf) detected in edge_logits_vl (Phase 1): 259200 of 259200 values -- sanitizing to 0.0 (neutral logit). Results derived from this run are faithful only up to this event.
16-Aug-26 05:09:36 - epoch 84: Non-finite (NaN/Inf) detected in edge_logits_vl (Phase 2): 259200 of 259200 values -- sanitizing to 0.0 (neutral logit). Results derived from this run are faithful only up to this event.
16-Aug-26 05:09:37 - epoch 84: Non-finite (NaN/Inf) detected in edge_logits_vl (Phase 1): 259200 of 259200 values -- sanitizing to 0.0 (neutral logit). Results derived from this run are faithful only up to this event.
16-Aug-26 05:09:39 - epoch 84: Non-finite (NaN/Inf) detected in edge_logits_vl (Phase 2): 259200 of 259200 values -- sanitizing to 0.0 (neutral logit). Results derived from this run are faithful only up to this event.
16-Aug-26 05:09:40 - epoch 84: Non-finite (NaN/Inf) detected in edge_logits_vl (Phase 1): 259200 of 259200 values -- sanitizing to 0.0 (neutral logit). Results derived from this run are faithful only up to this event.
16-Aug-26 05:09:42 - epoch 84: Non-finite (NaN/Inf) detected in edge_logits_vl (Phase 2): 259200 of 259200 values -- sanitizing to 0.0 (neutral logit). Results derived from this run are faithful only up to this event.
16-Aug-26 05:09:43 - epoch 84: Non-finite (NaN/Inf) detected in edge_logits_vl (Phase 1): 259200 of 259200 values -- sanitizing to 0.0 (neutral logit). Results derived from this run are faithful only up to this event.
16-Aug-26 05:09:45 - epoch 84: Non-finite (NaN/Inf) detected in edge_logits_vl (Phase 2): 259200 of 259200 values -- sanitizing to 0.0 (neutral logit). Results derived from this run are faithful only up to this event.
16-Aug-26 05:09:46 - epoch 84: Non-finite (NaN/Inf) detected in edge_logits_vl (Phase 1): 259200 of 259200 values -- sanitizing to 0.0 (neutral logit). Results derived from this run are faithful only up to this event.
16-Aug-26 05:09:48 - epoch 84: Non-finite (NaN/Inf) detected in edge_logits_vl (Phase 2): 259200 of 259200 values -- sanitizing to 0.0 (neutral logit). Results derived from this run are faithful only up to this event.
16-Aug-26 05:09:51 - epoch 84: Non-finite (NaN/Inf) detected in edge_logits_vl (Phase 1): 259200 of 259200 values -- sanitizing to 0.0 (neutral logit). Results derived from this run are faithful only up to this event.
16-Aug-26 05:09:54 - epoch 84: Non-finite (NaN/Inf) detected in edge_logits_vl (Phase 2): 259200 of 259200 values -- sanitizing to 0.0 (neutral logit). Results derived from this run are faithful only up to this event.
16-Aug-26 05:09:57 - epoch 84: Non-finite (NaN/Inf) detected in edge_logits_vl (Phase 1): 259200 of 259200 values -- sanitizing to 0.0 (neutral logit). Results derived from this run are faithful only up to this event.
16-Aug-26 05:10:00 - epoch 84: Non-finite (NaN/Inf) detected in edge_logits_vl (Phase 2): 259200 of 259200 values -- sanitizing to 0.0 (neutral logit). Results derived from this run are faithful only up to this event.
16-Aug-26 05:10:01 - epoch 84: Non-finite (NaN/Inf) detected in edge_logits_vl (Phase 1): 259200 of 259200 values -- sanitizing to 0.0 (neutral logit). Results derived from this run are faithful only up to this event.
16-Aug-26 05:10:03 - epoch 84: Non-finite (NaN/Inf) detected in edge_logits_vl (Phase 2): 259200 of 259200 values -- sanitizing to 0.0 (neutral logit). Results derived from this run are faithful only up to this event.
16-Aug-26 05:10:04 - epoch 84: Non-finite (NaN/Inf) detected in edge_logits_vl (Phase 1): 259200 of 259200 values -- sanitizing to 0.0 (neutral logit). Results derived from this run are faithful only up to this event.
16-Aug-26 05:10:06 - epoch 84: Non-finite (NaN/Inf) detected in edge_logits_vl (Phase 2): 259200 of 259200 values -- sanitizing to 0.0 (neutral logit). Results derived from this run are faithful only up to this event.
16-Aug-26 05:10:07 - epoch 84: Non-finite (NaN/Inf) detected in edge_logits_vl (Phase 1): 259200 of 259200 values -- sanitizing to 0.0 (neutral logit). Results derived from this run are faithful only up to this event.
16-Aug-26 05:10:09 - epoch 84: Non-finite (NaN/Inf) detected in edge_logits_vl (Phase 2): 259200 of 259200 values -- sanitizing to 0.0 (neutral logit). Results derived from this run are faithful only up to this event.
16-Aug-26 05:10:10 - epoch 84: Non-finite (NaN/Inf) detected in edge_logits_vl (Phase 1): 259200 of 259200 values -- sanitizing to 0.0 (neutral logit). Results derived from this run are faithful only up to this event.
16-Aug-26 05:10:12 - epoch 84: Non-finite (NaN/Inf) detected in edge_logits_vl (Phase 2): 259200 of 259200 values -- sanitizing to 0.0 (neutral logit). Results derived from this run are faithful only up to this event.
16-Aug-26 05:10:13 - epoch 84: Non-finite (NaN/Inf) detected in edge_logits_vl (Phase 1): 259200 of 259200 values -- sanitizing to 0.0 (neutral logit). Results derived from this run are faithful only up to this event.
16-Aug-26 05:10:15 - epoch 84: Non-finite (NaN/Inf) detected in edge_logits_vl (Phase 2): 259200 of 259200 values -- sanitizing to 0.0 (neutral logit). Results derived from this run are faithful only up to this event.
16-Aug-26 05:10:16 - epoch 84: Non-finite (NaN/Inf) detected in edge_logits_vl (Phase 1): 259200 of 259200 values -- sanitizing to 0.0 (neutral logit). Results derived from this run are faithful only up to this event.
16-Aug-26 05:10:18 - epoch 84: Non-finite (NaN/Inf) detected in edge_logits_vl (Phase 2): 259200 of 259200 values -- sanitizing to 0.0 (neutral logit). Results derived from this run are faithful only up to this event.
16-Aug-26 05:10:19 - epoch 84: Non-finite (NaN/Inf) detected in edge_logits_vl (Phase 1): 259200 of 259200 values -- sanitizing to 0.0 (neutral logit). Results derived from this run are faithful only up to this event.
16-Aug-26 05:10:21 - epoch 84: Non-finite (NaN/Inf) detected in edge_logits_vl (Phase 2): 259200 of 259200 values -- sanitizing to 0.0 (neutral logit). Results derived from this run are faithful only up to this event.
16-Aug-26 05:10:22 - epoch 84: Non-finite (NaN/Inf) detected in edge_logits_vl (Phase 1): 259200 of 259200 values -- sanitizing to 0.0 (neutral logit). Results derived from this run are faithful only up to this event.
16-Aug-26 05:10:24 - epoch 84: Non-finite (NaN/Inf) detected in edge_logits_vl (Phase 2): 259200 of 259200 values -- sanitizing to 0.0 (neutral logit). Results derived from this run are faithful only up to this event.
16-Aug-26 05:10:25 - epoch 84: Non-finite (NaN/Inf) detected in edge_logits_vl (Phase 1): 259200 of 259200 values -- sanitizing to 0.0 (neutral logit). Results derived from this run are faithful only up to this event.
16-Aug-26 05:10:27 - epoch 84: Non-finite (NaN/Inf) detected in edge_logits_vl (Phase 2): 259200 of 259200 values -- sanitizing to 0.0 (neutral logit). Results derived from this run are faithful only up to this event.
16-Aug-26 05:10:28 - epoch 84: Non-finite (NaN/Inf) detected in edge_logits_vl (Phase 1): 259200 of 259200 values -- sanitizing to 0.0 (neutral logit). Results derived from this run are faithful only up to this event.
16-Aug-26 05:10:30 - epoch 84: Non-finite (NaN/Inf) detected in edge_logits_vl (Phase 2): 259200 of 259200 values -- sanitizing to 0.0 (neutral logit). Results derived from this run are faithful only up to this event.
16-Aug-26 05:10:31 - epoch 84: Non-finite (NaN/Inf) detected in edge_logits_vl (Phase 1): 259200 of 259200 values -- sanitizing to 0.0 (neutral logit). Results derived from this run are faithful only up to this event.
16-Aug-26 05:10:33 - epoch 84: Non-finite (NaN/Inf) detected in edge_logits_vl (Phase 2): 259200 of 259200 values -- sanitizing to 0.0 (neutral logit). Results derived from this run are faithful only up to this event.
16-Aug-26 05:10:34 - epoch 84: Non-finite (NaN/Inf) detected in edge_logits_vl (Phase 1): 259200 of 259200 values -- sanitizing to 0.0 (neutral logit). Results derived from this run are faithful only up to this event.
16-Aug-26 05:10:36 - epoch 84: Non-finite (NaN/Inf) detected in edge_logits_vl (Phase 2): 259200 of 259200 values -- sanitizing to 0.0 (neutral logit). Results derived from this run are faithful only up to this event.
16-Aug-26 05:10:38 - epoch 84: Non-finite (NaN/Inf) detected in edge_logits_vl (Phase 1): 259200 of 259200 values -- sanitizing to 0.0 (neutral logit). Results derived from this run are faithful only up to this event.
16-Aug-26 05:10:39 - epoch 84: Non-finite (NaN/Inf) detected in edge_logits_vl (Phase 2): 259200 of 259200 values -- sanitizing to 0.0 (neutral logit). Results derived from this run are faithful only up to this event.
16-Aug-26 05:10:41 - epoch 84: Non-finite (NaN/Inf) detected in edge_logits_vl (Phase 1): 259200 of 259200 values -- sanitizing to 0.0 (neutral logit). Results derived from this run are faithful only up to this event.
16-Aug-26 05:10:42 - epoch 84: Non-finite (NaN/Inf) detected in edge_logits_vl (Phase 2): 259200 of 259200 values -- sanitizing to 0.0 (neutral logit). Results derived from this run are faithful only up to this event.
16-Aug-26 05:10:44 - epoch 84: Non-finite (NaN/Inf) detected in edge_logits_vl (Phase 1): 259200 of 259200 values -- sanitizing to 0.0 (neutral logit). Results derived from this run are faithful only up to this event.
16-Aug-26 05:10:45 - epoch 84: Non-finite (NaN/Inf) detected in edge_logits_vl (Phase 2): 259200 of 259200 values -- sanitizing to 0.0 (neutral logit). Results derived from this run are faithful only up to this event.
16-Aug-26 05:10:47 - epoch 84: Non-finite (NaN/Inf) detected in edge_logits_vl (Phase 1): 259200 of 259200 values -- sanitizing to 0.0 (neutral logit). Results derived from this run are faithful only up to this event.
16-Aug-26 05:10:48 - epoch 84: Non-finite (NaN/Inf) detected in edge_logits_vl (Phase 2): 259200 of 259200 values -- sanitizing to 0.0 (neutral logit). Results derived from this run are faithful only up to this event.
16-Aug-26 05:10:50 - epoch 84: Non-finite (NaN/Inf) detected in edge_logits_vl (Phase 1): 226800 of 226800 values -- sanitizing to 0.0 (neutral logit). Results derived from this run are faithful only up to this event.
16-Aug-26 05:10:51 - epoch 84: Non-finite (NaN/Inf) detected in edge_logits_vl (Phase 2): 226800 of 226800 values -- sanitizing to 0.0 (neutral logit). Results derived from this run are faithful only up to this event.
16-Aug-26 05:10:52 - Epoch 84, Model Loss 2.039305537315592, View Loss nan, Reg 0.49999974923652585
16-Aug-26 05:10:52 - epoch 85: Non-finite (NaN/Inf) detected in edge_logits_vl (Phase 1): 259200 of 259200 values -- sanitizing to 0.0 (neutral logit). Results derived from this run are faithful only up to this event.
16-Aug-26 05:10:54 - epoch 85: Non-finite (NaN/Inf) detected in edge_logits_vl (Phase 2): 259200 of 259200 values -- sanitizing to 0.0 (neutral logit). Results derived from this run are faithful only up to this event.
16-Aug-26 05:10:55 - epoch 85: Non-finite (NaN/Inf) detected in edge_logits_vl (Phase 1): 259200 of 259200 values -- sanitizing to 0.0 (neutral logit). Results derived from this run are faithful only up to this event.
16-Aug-26 05:10:57 - epoch 85: Non-finite (NaN/Inf) detected in edge_logits_vl (Phase 2): 259200 of 259200 values -- sanitizing to 0.0 (neutral logit). Results derived from this run are faithful only up to this event.
16-Aug-26 05:10:58 - epoch 85: Non-finite (NaN/Inf) detected in edge_logits_vl (Phase 1): 259200 of 259200 values -- sanitizing to 0.0 (neutral logit). Results derived from this run are faithful only up to this event.
16-Aug-26 05:10:59 - epoch 85: Non-finite (NaN/Inf) detected in edge_logits_vl (Phase 2): 259200 of 259200 values -- sanitizing to 0.0 (neutral logit). Results derived from this run are faithful only up to this event.
16-Aug-26 05:11:01 - epoch 85: Non-finite (NaN/Inf) detected in edge_logits_vl (Phase 1): 259200 of 259200 values -- sanitizing to 0.0 (neutral logit). Results derived from this run are faithful only up to this event.
16-Aug-26 05:11:02 - epoch 85: Non-finite (NaN/Inf) detected in edge_logits_vl (Phase 2): 259200 of 259200 values -- sanitizing to 0.0 (neutral logit). Results derived from this run are faithful only up to this event.
16-Aug-26 05:11:04 - epoch 85: Non-finite (NaN/Inf) detected in edge_logits_vl (Phase 1): 259200 of 259200 values -- sanitizing to 0.0 (neutral logit). Results derived from this run are faithful only up to this event.
16-Aug-26 05:11:05 - epoch 85: Non-finite (NaN/Inf) detected in edge_logits_vl (Phase 2): 259200 of 259200 values -- sanitizing to 0.0 (neutral logit). Results derived from this run are faithful only up to this event.
16-Aug-26 05:11:07 - epoch 85: Non-finite (NaN/Inf) detected in edge_logits_vl (Phase 1): 259200 of 259200 values -- sanitizing to 0.0 (neutral logit). Results derived from this run are faithful only up to this event.
16-Aug-26 05:11:08 - epoch 85: Non-finite (NaN/Inf) detected in edge_logits_vl (Phase 2): 259200 of 259200 values -- sanitizing to 0.0 (neutral logit). Results derived from this run are faithful only up to this event.
16-Aug-26 05:11:10 - epoch 85: Non-finite (NaN/Inf) detected in edge_logits_vl (Phase 1): 259200 of 259200 values -- sanitizing to 0.0 (neutral logit). Results derived from this run are faithful only up to this event.
16-Aug-26 05:11:11 - epoch 85: Non-finite (NaN/Inf) detected in edge_logits_vl (Phase 2): 259200 of 259200 values -- sanitizing to 0.0 (neutral logit). Results derived from this run are faithful only up to this event.
16-Aug-26 05:11:13 - epoch 85: Non-finite (NaN/Inf) detected in edge_logits_vl (Phase 1): 259200 of 259200 values -- sanitizing to 0.0 (neutral logit). Results derived from this run are faithful only up to this event.
16-Aug-26 05:11:14 - epoch 85: Non-finite (NaN/Inf) detected in edge_logits_vl (Phase 2): 259200 of 259200 values -- sanitizing to 0.0 (neutral logit). Results derived from this run are faithful only up to this event.
16-Aug-26 05:11:16 - epoch 85: Non-finite (NaN/Inf) detected in edge_logits_vl (Phase 1): 259200 of 259200 values -- sanitizing to 0.0 (neutral logit). Results derived from this run are faithful only up to this event.
16-Aug-26 05:11:17 - epoch 85: Non-finite (NaN/Inf) detected in edge_logits_vl (Phase 2): 259200 of 259200 values -- sanitizing to 0.0 (neutral logit). Results derived from this run are faithful only up to this event.
16-Aug-26 05:11:19 - epoch 85: Non-finite (NaN/Inf) detected in edge_logits_vl (Phase 1): 259200 of 259200 values -- sanitizing to 0.0 (neutral logit). Results derived from this run are faithful only up to this event.
16-Aug-26 05:11:20 - epoch 85: Non-finite (NaN/Inf) detected in edge_logits_vl (Phase 2): 259200 of 259200 values -- sanitizing to 0.0 (neutral logit). Results derived from this run are faithful only up to this event.
16-Aug-26 05:11:22 - epoch 85: Non-finite (NaN/Inf) detected in edge_logits_vl (Phase 1): 259200 of 259200 values -- sanitizing to 0.0 (neutral logit). Results derived from this run are faithful only up to this event.
16-Aug-26 05:11:23 - epoch 85: Non-finite (NaN/Inf) detected in edge_logits_vl (Phase 2): 259200 of 259200 values -- sanitizing to 0.0 (neutral logit). Results derived from this run are faithful only up to this event.
16-Aug-26 05:11:25 - epoch 85: Non-finite (NaN/Inf) detected in edge_logits_vl (Phase 1): 259200 of 259200 values -- sanitizing to 0.0 (neutral logit). Results derived from this run are faithful only up to this event.
16-Aug-26 05:11:26 - epoch 85: Non-finite (NaN/Inf) detected in edge_logits_vl (Phase 2): 259200 of 259200 values -- sanitizing to 0.0 (neutral logit). Results derived from this run are faithful only up to this event.
16-Aug-26 05:11:28 - epoch 85: Non-finite (NaN/Inf) detected in edge_logits_vl (Phase 1): 259200 of 259200 values -- sanitizing to 0.0 (neutral logit). Results derived from this run are faithful only up to this event.
16-Aug-26 05:11:29 - epoch 85: Non-finite (NaN/Inf) detected in edge_logits_vl (Phase 2): 259200 of 259200 values -- sanitizing to 0.0 (neutral logit). Results derived from this run are faithful only up to this event.
16-Aug-26 05:11:31 - epoch 85: Non-finite (NaN/Inf) detected in edge_logits_vl (Phase 1): 259200 of 259200 values -- sanitizing to 0.0 (neutral logit). Results derived from this run are faithful only up to this event.
16-Aug-26 05:11:32 - epoch 85: Non-finite (NaN/Inf) detected in edge_logits_vl (Phase 2): 259200 of 259200 values -- sanitizing to 0.0 (neutral logit). Results derived from this run are faithful only up to this event.
16-Aug-26 05:11:34 - epoch 85: Non-finite (NaN/Inf) detected in edge_logits_vl (Phase 1): 259200 of 259200 values -- sanitizing to 0.0 (neutral logit). Results derived from this run are faithful only up to this event.
16-Aug-26 05:11:35 - epoch 85: Non-finite (NaN/Inf) detected in edge_logits_vl (Phase 2): 259200 of 259200 values -- sanitizing to 0.0 (neutral logit). Results derived from this run are faithful only up to this event.
16-Aug-26 05:11:37 - epoch 85: Non-finite (NaN/Inf) detected in edge_logits_vl (Phase 1): 259200 of 259200 values -- sanitizing to 0.0 (neutral logit). Results derived from this run are faithful only up to this event.
16-Aug-26 05:11:38 - epoch 85: Non-finite (NaN/Inf) detected in edge_logits_vl (Phase 2): 259200 of 259200 values -- sanitizing to 0.0 (neutral logit). Results derived from this run are faithful only up to this event.
16-Aug-26 05:11:40 - epoch 85: Non-finite (NaN/Inf) detected in edge_logits_vl (Phase 1): 259200 of 259200 values -- sanitizing to 0.0 (neutral logit). Results derived from this run are faithful only up to this event.
16-Aug-26 05:11:41 - epoch 85: Non-finite (NaN/Inf) detected in edge_logits_vl (Phase 2): 259200 of 259200 values -- sanitizing to 0.0 (neutral logit). Results derived from this run are faithful only up to this event.
16-Aug-26 05:11:43 - epoch 85: Non-finite (NaN/Inf) detected in edge_logits_vl (Phase 1): 259200 of 259200 values -- sanitizing to 0.0 (neutral logit). Results derived from this run are faithful only up to this event.
16-Aug-26 05:11:44 - epoch 85: Non-finite (NaN/Inf) detected in edge_logits_vl (Phase 2): 259200 of 259200 values -- sanitizing to 0.0 (neutral logit). Results derived from this run are faithful only up to this event.
16-Aug-26 05:11:46 - epoch 85: Non-finite (NaN/Inf) detected in edge_logits_vl (Phase 1): 259200 of 259200 values -- sanitizing to 0.0 (neutral logit). Results derived from this run are faithful only up to this event.
16-Aug-26 05:11:47 - epoch 85: Non-finite (NaN/Inf) detected in edge_logits_vl (Phase 2): 259200 of 259200 values -- sanitizing to 0.0 (neutral logit). Results derived from this run are faithful only up to this event.
16-Aug-26 05:11:49 - epoch 85: Non-finite (NaN/Inf) detected in edge_logits_vl (Phase 1): 259200 of 259200 values -- sanitizing to 0.0 (neutral logit). Results derived from this run are faithful only up to this event.
16-Aug-26 05:11:50 - epoch 85: Non-finite (NaN/Inf) detected in edge_logits_vl (Phase 2): 259200 of 259200 values -- sanitizing to 0.0 (neutral logit). Results derived from this run are faithful only up to this event.
16-Aug-26 05:11:52 - epoch 85: Non-finite (NaN/Inf) detected in edge_logits_vl (Phase 1): 259200 of 259200 values -- sanitizing to 0.0 (neutral logit). Results derived from this run are faithful only up to this event.
16-Aug-26 05:11:54 - epoch 85: Non-finite (NaN/Inf) detected in edge_logits_vl (Phase 2): 259200 of 259200 values -- sanitizing to 0.0 (neutral logit). Results derived from this run are faithful only up to this event.
16-Aug-26 05:11:55 - epoch 85: Non-finite (NaN/Inf) detected in edge_logits_vl (Phase 1): 259200 of 259200 values -- sanitizing to 0.0 (neutral logit). Results derived from this run are faithful only up to this event.
16-Aug-26 05:11:57 - epoch 85: Non-finite (NaN/Inf) detected in edge_logits_vl (Phase 2): 259200 of 259200 values -- sanitizing to 0.0 (neutral logit). Results derived from this run are faithful only up to this event.
16-Aug-26 05:11:58 - epoch 85: Non-finite (NaN/Inf) detected in edge_logits_vl (Phase 1): 259200 of 259200 values -- sanitizing to 0.0 (neutral logit). Results derived from this run are faithful only up to this event.
16-Aug-26 05:12:00 - epoch 85: Non-finite (NaN/Inf) detected in edge_logits_vl (Phase 2): 259200 of 259200 values -- sanitizing to 0.0 (neutral logit). Results derived from this run are faithful only up to this event.
16-Aug-26 05:12:01 - epoch 85: Non-finite (NaN/Inf) detected in edge_logits_vl (Phase 1): 259200 of 259200 values -- sanitizing to 0.0 (neutral logit). Results derived from this run are faithful only up to this event.
16-Aug-26 05:12:03 - epoch 85: Non-finite (NaN/Inf) detected in edge_logits_vl (Phase 2): 259200 of 259200 values -- sanitizing to 0.0 (neutral logit). Results derived from this run are faithful only up to this event.
16-Aug-26 05:12:04 - epoch 85: Non-finite (NaN/Inf) detected in edge_logits_vl (Phase 1): 259200 of 259200 values -- sanitizing to 0.0 (neutral logit). Results derived from this run are faithful only up to this event.
16-Aug-26 05:12:06 - epoch 85: Non-finite (NaN/Inf) detected in edge_logits_vl (Phase 2): 259200 of 259200 values -- sanitizing to 0.0 (neutral logit). Results derived from this run are faithful only up to this event.
16-Aug-26 05:12:07 - epoch 85: Non-finite (NaN/Inf) detected in edge_logits_vl (Phase 1): 259200 of 259200 values -- sanitizing to 0.0 (neutral logit). Results derived from this run are faithful only up to this event.
16-Aug-26 05:12:09 - epoch 85: Non-finite (NaN/Inf) detected in edge_logits_vl (Phase 2): 259200 of 259200 values -- sanitizing to 0.0 (neutral logit). Results derived from this run are faithful only up to this event.
16-Aug-26 05:12:10 - epoch 85: Non-finite (NaN/Inf) detected in edge_logits_vl (Phase 1): 259200 of 259200 values -- sanitizing to 0.0 (neutral logit). Results derived from this run are faithful only up to this event.
16-Aug-26 05:12:12 - epoch 85: Non-finite (NaN/Inf) detected in edge_logits_vl (Phase 2): 259200 of 259200 values -- sanitizing to 0.0 (neutral logit). Results derived from this run are faithful only up to this event.
16-Aug-26 05:12:13 - epoch 85: Non-finite (NaN/Inf) detected in edge_logits_vl (Phase 1): 259200 of 259200 values -- sanitizing to 0.0 (neutral logit). Results derived from this run are faithful only up to this event.
16-Aug-26 05:12:15 - epoch 85: Non-finite (NaN/Inf) detected in edge_logits_vl (Phase 2): 259200 of 259200 values -- sanitizing to 0.0 (neutral logit). Results derived from this run are faithful only up to this event.
16-Aug-26 05:12:16 - epoch 85: Non-finite (NaN/Inf) detected in edge_logits_vl (Phase 1): 259200 of 259200 values -- sanitizing to 0.0 (neutral logit). Results derived from this run are faithful only up to this event.
16-Aug-26 05:12:18 - epoch 85: Non-finite (NaN/Inf) detected in edge_logits_vl (Phase 2): 259200 of 259200 values -- sanitizing to 0.0 (neutral logit). Results derived from this run are faithful only up to this event.
16-Aug-26 05:12:19 - epoch 85: Non-finite (NaN/Inf) detected in edge_logits_vl (Phase 1): 226800 of 226800 values -- sanitizing to 0.0 (neutral logit). Results derived from this run are faithful only up to this event.
16-Aug-26 05:12:21 - epoch 85: Non-finite (NaN/Inf) detected in edge_logits_vl (Phase 2): 226800 of 226800 values -- sanitizing to 0.0 (neutral logit). Results derived from this run are faithful only up to this event.
16-Aug-26 05:12:21 - Epoch 85, Model Loss 1.996275084786834, View Loss nan, Reg 0.5000302295305739
/users/3171356m/miniconda3/envs/grastiacl/lib/python3.12/site-packages/torch_geometric/data/in_memory_dataset.py:300: UserWarning: It is not recommended to directly access the internal storage format `data` of an 'InMemoryDataset'. The data of the dataset is already cached, so any modifications to `data` will not be reflected when accessing its elements. Clearing the cache now by removing all elements in `dataset._data_list`. If you are absolutely certain what you are doing, access the internal storage via `InMemoryDataset._data` instead to suppress this warning. Alternatively, you can access stacked individual attributes of every graph via `dataset.{attr_name}`.
  warnings.warn(msg)
16-Aug-26 05:13:02 - Metric: accuracy Train_mean: 0.5648973610175112 Val_mean: 0.5124183006535947 Test_mean: 0.5052465095986038
16-Aug-26 05:13:02 - Metric: accuracy Train_std: 0.014940138200807463 Val_std: 0.03348038816958352 Test_std: 0.02585535044116468
16-Aug-26 05:13:02 - Metric: f1 Train_mean: 0.5010106810905157 Val_mean: 0.4663418834320293 Test_mean: 0.4481151212146708
16-Aug-26 05:13:02 - Metric: f1 Train_std: 0.029076320963014716 Val_std: 0.04378447791089918 Test_std: 0.028494590346488317
16-Aug-26 05:13:02 - Metric: sen Train_mean: 0.4611683832949541 Val_mean: 0.44931506233814994 Test_mean: 0.42417581951455147
16-Aug-26 05:13:02 - Metric: sen Train_std: 0.043706152689902286 Val_std: 0.06089345333267287 Test_std: 0.048947378476007046
16-Aug-26 05:13:02 - Metric: spe Train_mean: 0.6589875368865752 Val_mean: 0.5699999928750001 Test_mean: 0.5789702912501952
16-Aug-26 05:13:02 - Metric: spe Train_std: 0.04075581993320684 Val_std: 0.06451743869635172 Test_std: 0.07594606897397846
16-Aug-26 05:13:02 - Metric: precision Train_mean: 0.5514862326490493 Val_mean: 0.4889710651769873 Test_mean: 0.48064907717081634
16-Aug-26 05:13:02 - Metric: precision Train_std: 0.019164558067301805 Val_std: 0.036232984750954884 Test_std: 0.030391022829986312
16-Aug-26 05:13:03 - epoch 86: Non-finite (NaN/Inf) detected in edge_logits_vl (Phase 1): 259200 of 259200 values -- sanitizing to 0.0 (neutral logit). Results derived from this run are faithful only up to this event.
16-Aug-26 05:13:04 - epoch 86: Non-finite (NaN/Inf) detected in edge_logits_vl (Phase 2): 259200 of 259200 values -- sanitizing to 0.0 (neutral logit). Results derived from this run are faithful only up to this event.
16-Aug-26 05:13:06 - epoch 86: Non-finite (NaN/Inf) detected in edge_logits_vl (Phase 1): 259200 of 259200 values -- sanitizing to 0.0 (neutral logit). Results derived from this run are faithful only up to this event.
16-Aug-26 05:13:07 - epoch 86: Non-finite (NaN/Inf) detected in edge_logits_vl (Phase 2): 259200 of 259200 values -- sanitizing to 0.0 (neutral logit). Results derived from this run are faithful only up to this event.
16-Aug-26 05:13:09 - epoch 86: Non-finite (NaN/Inf) detected in edge_logits_vl (Phase 1): 259200 of 259200 values -- sanitizing to 0.0 (neutral logit). Results derived from this run are faithful only up to this event.
16-Aug-26 05:13:10 - epoch 86: Non-finite (NaN/Inf) detected in edge_logits_vl (Phase 2): 259200 of 259200 values -- sanitizing to 0.0 (neutral logit). Results derived from this run are faithful only up to this event.
16-Aug-26 05:13:12 - epoch 86: Non-finite (NaN/Inf) detected in edge_logits_vl (Phase 1): 259200 of 259200 values -- sanitizing to 0.0 (neutral logit). Results derived from this run are faithful only up to this event.
16-Aug-26 05:13:13 - epoch 86: Non-finite (NaN/Inf) detected in edge_logits_vl (Phase 2): 259200 of 259200 values -- sanitizing to 0.0 (neutral logit). Results derived from this run are faithful only up to this event.
16-Aug-26 05:13:14 - epoch 86: Non-finite (NaN/Inf) detected in edge_logits_vl (Phase 1): 259200 of 259200 values -- sanitizing to 0.0 (neutral logit). Results derived from this run are faithful only up to this event.
16-Aug-26 05:13:16 - epoch 86: Non-finite (NaN/Inf) detected in edge_logits_vl (Phase 2): 259200 of 259200 values -- sanitizing to 0.0 (neutral logit). Results derived from this run are faithful only up to this event.
16-Aug-26 05:13:17 - epoch 86: Non-finite (NaN/Inf) detected in edge_logits_vl (Phase 1): 259200 of 259200 values -- sanitizing to 0.0 (neutral logit). Results derived from this run are faithful only up to this event.
16-Aug-26 05:13:19 - epoch 86: Non-finite (NaN/Inf) detected in edge_logits_vl (Phase 2): 259200 of 259200 values -- sanitizing to 0.0 (neutral logit). Results derived from this run are faithful only up to this event.
16-Aug-26 05:13:20 - epoch 86: Non-finite (NaN/Inf) detected in edge_logits_vl (Phase 1): 259200 of 259200 values -- sanitizing to 0.0 (neutral logit). Results derived from this run are faithful only up to this event.
16-Aug-26 05:13:22 - epoch 86: Non-finite (NaN/Inf) detected in edge_logits_vl (Phase 2): 259200 of 259200 values -- sanitizing to 0.0 (neutral logit). Results derived from this run are faithful only up to this event.
16-Aug-26 05:13:23 - epoch 86: Non-finite (NaN/Inf) detected in edge_logits_vl (Phase 1): 259200 of 259200 values -- sanitizing to 0.0 (neutral logit). Results derived from this run are faithful only up to this event.
16-Aug-26 05:13:25 - epoch 86: Non-finite (NaN/Inf) detected in edge_logits_vl (Phase 2): 259200 of 259200 values -- sanitizing to 0.0 (neutral logit). Results derived from this run are faithful only up to this event.
16-Aug-26 05:13:26 - epoch 86: Non-finite (NaN/Inf) detected in edge_logits_vl (Phase 1): 259200 of 259200 values -- sanitizing to 0.0 (neutral logit). Results derived from this run are faithful only up to this event.
16-Aug-26 05:13:28 - epoch 86: Non-finite (NaN/Inf) detected in edge_logits_vl (Phase 2): 259200 of 259200 values -- sanitizing to 0.0 (neutral logit). Results derived from this run are faithful only up to this event.
16-Aug-26 05:13:29 - epoch 86: Non-finite (NaN/Inf) detected in edge_logits_vl (Phase 1): 259200 of 259200 values -- sanitizing to 0.0 (neutral logit). Results derived from this run are faithful only up to this event.
16-Aug-26 05:13:31 - epoch 86: Non-finite (NaN/Inf) detected in edge_logits_vl (Phase 2): 259200 of 259200 values -- sanitizing to 0.0 (neutral logit). Results derived from this run are faithful only up to this event.
16-Aug-26 05:13:32 - epoch 86: Non-finite (NaN/Inf) detected in edge_logits_vl (Phase 1): 259200 of 259200 values -- sanitizing to 0.0 (neutral logit). Results derived from this run are faithful only up to this event.
16-Aug-26 05:13:34 - epoch 86: Non-finite (NaN/Inf) detected in edge_logits_vl (Phase 2): 259200 of 259200 values -- sanitizing to 0.0 (neutral logit). Results derived from this run are faithful only up to this event.
16-Aug-26 05:13:35 - epoch 86: Non-finite (NaN/Inf) detected in edge_logits_vl (Phase 1): 259200 of 259200 values -- sanitizing to 0.0 (neutral logit). Results derived from this run are faithful only up to this event.
16-Aug-26 05:13:37 - epoch 86: Non-finite (NaN/Inf) detected in edge_logits_vl (Phase 2): 259200 of 259200 values -- sanitizing to 0.0 (neutral logit). Results derived from this run are faithful only up to this event.
16-Aug-26 05:13:38 - epoch 86: Non-finite (NaN/Inf) detected in edge_logits_vl (Phase 1): 259200 of 259200 values -- sanitizing to 0.0 (neutral logit). Results derived from this run are faithful only up to this event.
16-Aug-26 05:13:40 - epoch 86: Non-finite (NaN/Inf) detected in edge_logits_vl (Phase 2): 259200 of 259200 values -- sanitizing to 0.0 (neutral logit). Results derived from this run are faithful only up to this event.
16-Aug-26 05:13:41 - epoch 86: Non-finite (NaN/Inf) detected in edge_logits_vl (Phase 1): 259200 of 259200 values -- sanitizing to 0.0 (neutral logit). Results derived from this run are faithful only up to this event.
16-Aug-26 05:13:43 - epoch 86: Non-finite (NaN/Inf) detected in edge_logits_vl (Phase 2): 259200 of 259200 values -- sanitizing to 0.0 (neutral logit). Results derived from this run are faithful only up to this event.
16-Aug-26 05:13:44 - epoch 86: Non-finite (NaN/Inf) detected in edge_logits_vl (Phase 1): 259200 of 259200 values -- sanitizing to 0.0 (neutral logit). Results derived from this run are faithful only up to this event.
16-Aug-26 05:13:46 - epoch 86: Non-finite (NaN/Inf) detected in edge_logits_vl (Phase 2): 259200 of 259200 values -- sanitizing to 0.0 (neutral logit). Results derived from this run are faithful only up to this event.
16-Aug-26 05:13:47 - epoch 86: Non-finite (NaN/Inf) detected in edge_logits_vl (Phase 1): 259200 of 259200 values -- sanitizing to 0.0 (neutral logit). Results derived from this run are faithful only up to this event.
16-Aug-26 05:13:49 - epoch 86: Non-finite (NaN/Inf) detected in edge_logits_vl (Phase 2): 259200 of 259200 values -- sanitizing to 0.0 (neutral logit). Results derived from this run are faithful only up to this event.
16-Aug-26 05:13:50 - epoch 86: Non-finite (NaN/Inf) detected in edge_logits_vl (Phase 1): 259200 of 259200 values -- sanitizing to 0.0 (neutral logit). Results derived from this run are faithful only up to this event.
16-Aug-26 05:13:52 - epoch 86: Non-finite (NaN/Inf) detected in edge_logits_vl (Phase 2): 259200 of 259200 values -- sanitizing to 0.0 (neutral logit). Results derived from this run are faithful only up to this event.
16-Aug-26 05:13:54 - epoch 86: Non-finite (NaN/Inf) detected in edge_logits_vl (Phase 1): 259200 of 259200 values -- sanitizing to 0.0 (neutral logit). Results derived from this run are faithful only up to this event.
16-Aug-26 05:13:55 - epoch 86: Non-finite (NaN/Inf) detected in edge_logits_vl (Phase 2): 259200 of 259200 values -- sanitizing to 0.0 (neutral logit). Results derived from this run are faithful only up to this event.
16-Aug-26 05:13:57 - epoch 86: Non-finite (NaN/Inf) detected in edge_logits_vl (Phase 1): 259200 of 259200 values -- sanitizing to 0.0 (neutral logit). Results derived from this run are faithful only up to this event.
16-Aug-26 05:13:58 - epoch 86: Non-finite (NaN/Inf) detected in edge_logits_vl (Phase 2): 259200 of 259200 values -- sanitizing to 0.0 (neutral logit). Results derived from this run are faithful only up to this event.
16-Aug-26 05:13:59 - epoch 86: Non-finite (NaN/Inf) detected in edge_logits_vl (Phase 1): 259200 of 259200 values -- sanitizing to 0.0 (neutral logit). Results derived from this run are faithful only up to this event.
16-Aug-26 05:14:01 - epoch 86: Non-finite (NaN/Inf) detected in edge_logits_vl (Phase 2): 259200 of 259200 values -- sanitizing to 0.0 (neutral logit). Results derived from this run are faithful only up to this event.
16-Aug-26 05:14:03 - epoch 86: Non-finite (NaN/Inf) detected in edge_logits_vl (Phase 1): 259200 of 259200 values -- sanitizing to 0.0 (neutral logit). Results derived from this run are faithful only up to this event.
16-Aug-26 05:14:04 - epoch 86: Non-finite (NaN/Inf) detected in edge_logits_vl (Phase 2): 259200 of 259200 values -- sanitizing to 0.0 (neutral logit). Results derived from this run are faithful only up to this event.
16-Aug-26 05:14:06 - epoch 86: Non-finite (NaN/Inf) detected in edge_logits_vl (Phase 1): 259200 of 259200 values -- sanitizing to 0.0 (neutral logit). Results derived from this run are faithful only up to this event.
16-Aug-26 05:14:07 - epoch 86: Non-finite (NaN/Inf) detected in edge_logits_vl (Phase 2): 259200 of 259200 values -- sanitizing to 0.0 (neutral logit). Results derived from this run are faithful only up to this event.
16-Aug-26 05:14:09 - epoch 86: Non-finite (NaN/Inf) detected in edge_logits_vl (Phase 1): 259200 of 259200 values -- sanitizing to 0.0 (neutral logit). Results derived from this run are faithful only up to this event.
16-Aug-26 05:14:10 - epoch 86: Non-finite (NaN/Inf) detected in edge_logits_vl (Phase 2): 259200 of 259200 values -- sanitizing to 0.0 (neutral logit). Results derived from this run are faithful only up to this event.
16-Aug-26 05:14:12 - epoch 86: Non-finite (NaN/Inf) detected in edge_logits_vl (Phase 1): 259200 of 259200 values -- sanitizing to 0.0 (neutral logit). Results derived from this run are faithful only up to this event.
16-Aug-26 05:14:13 - epoch 86: Non-finite (NaN/Inf) detected in edge_logits_vl (Phase 2): 259200 of 259200 values -- sanitizing to 0.0 (neutral logit). Results derived from this run are faithful only up to this event.
16-Aug-26 05:14:15 - epoch 86: Non-finite (NaN/Inf) detected in edge_logits_vl (Phase 1): 259200 of 259200 values -- sanitizing to 0.0 (neutral logit). Results derived from this run are faithful only up to this event.
16-Aug-26 05:14:16 - epoch 86: Non-finite (NaN/Inf) detected in edge_logits_vl (Phase 2): 259200 of 259200 values -- sanitizing to 0.0 (neutral logit). Results derived from this run are faithful only up to this event.
16-Aug-26 05:14:18 - epoch 86: Non-finite (NaN/Inf) detected in edge_logits_vl (Phase 1): 259200 of 259200 values -- sanitizing to 0.0 (neutral logit). Results derived from this run are faithful only up to this event.
16-Aug-26 05:14:19 - epoch 86: Non-finite (NaN/Inf) detected in edge_logits_vl (Phase 2): 259200 of 259200 values -- sanitizing to 0.0 (neutral logit). Results derived from this run are faithful only up to this event.
16-Aug-26 05:14:21 - epoch 86: Non-finite (NaN/Inf) detected in edge_logits_vl (Phase 1): 259200 of 259200 values -- sanitizing to 0.0 (neutral logit). Results derived from this run are faithful only up to this event.
16-Aug-26 05:14:22 - epoch 86: Non-finite (NaN/Inf) detected in edge_logits_vl (Phase 2): 259200 of 259200 values -- sanitizing to 0.0 (neutral logit). Results derived from this run are faithful only up to this event.
16-Aug-26 05:14:24 - epoch 86: Non-finite (NaN/Inf) detected in edge_logits_vl (Phase 1): 259200 of 259200 values -- sanitizing to 0.0 (neutral logit). Results derived from this run are faithful only up to this event.
16-Aug-26 05:14:25 - epoch 86: Non-finite (NaN/Inf) detected in edge_logits_vl (Phase 2): 259200 of 259200 values -- sanitizing to 0.0 (neutral logit). Results derived from this run are faithful only up to this event.
16-Aug-26 05:14:27 - epoch 86: Non-finite (NaN/Inf) detected in edge_logits_vl (Phase 1): 259200 of 259200 values -- sanitizing to 0.0 (neutral logit). Results derived from this run are faithful only up to this event.
16-Aug-26 05:14:28 - epoch 86: Non-finite (NaN/Inf) detected in edge_logits_vl (Phase 2): 259200 of 259200 values -- sanitizing to 0.0 (neutral logit). Results derived from this run are faithful only up to this event.
16-Aug-26 05:14:30 - epoch 86: Non-finite (NaN/Inf) detected in edge_logits_vl (Phase 1): 226800 of 226800 values -- sanitizing to 0.0 (neutral logit). Results derived from this run are faithful only up to this event.
16-Aug-26 05:14:31 - epoch 86: Non-finite (NaN/Inf) detected in edge_logits_vl (Phase 2): 226800 of 226800 values -- sanitizing to 0.0 (neutral logit). Results derived from this run are faithful only up to this event.
16-Aug-26 05:14:32 - Epoch 86, Model Loss 2.0023531335168303, View Loss nan, Reg 0.49982423363370376
16-Aug-26 05:14:32 - epoch 87: Non-finite (NaN/Inf) detected in edge_logits_vl (Phase 1): 259200 of 259200 values -- sanitizing to 0.0 (neutral logit). Results derived from this run are faithful only up to this event.
16-Aug-26 05:14:34 - epoch 87: Non-finite (NaN/Inf) detected in edge_logits_vl (Phase 2): 259200 of 259200 values -- sanitizing to 0.0 (neutral logit). Results derived from this run are faithful only up to this event.
16-Aug-26 05:14:35 - epoch 87: Non-finite (NaN/Inf) detected in edge_logits_vl (Phase 1): 259200 of 259200 values -- sanitizing to 0.0 (neutral logit). Results derived from this run are faithful only up to this event.
16-Aug-26 05:14:37 - epoch 87: Non-finite (NaN/Inf) detected in edge_logits_vl (Phase 2): 259200 of 259200 values -- sanitizing to 0.0 (neutral logit). Results derived from this run are faithful only up to this event.
16-Aug-26 05:14:38 - epoch 87: Non-finite (NaN/Inf) detected in edge_logits_vl (Phase 1): 259200 of 259200 values -- sanitizing to 0.0 (neutral logit). Results derived from this run are faithful only up to this event.
16-Aug-26 05:14:40 - epoch 87: Non-finite (NaN/Inf) detected in edge_logits_vl (Phase 2): 259200 of 259200 values -- sanitizing to 0.0 (neutral logit). Results derived from this run are faithful only up to this event.
16-Aug-26 05:14:41 - epoch 87: Non-finite (NaN/Inf) detected in edge_logits_vl (Phase 1): 259200 of 259200 values -- sanitizing to 0.0 (neutral logit). Results derived from this run are faithful only up to this event.
16-Aug-26 05:14:43 - epoch 87: Non-finite (NaN/Inf) detected in edge_logits_vl (Phase 2): 259200 of 259200 values -- sanitizing to 0.0 (neutral logit). Results derived from this run are faithful only up to this event.
16-Aug-26 05:14:44 - epoch 87: Non-finite (NaN/Inf) detected in edge_logits_vl (Phase 1): 259200 of 259200 values -- sanitizing to 0.0 (neutral logit). Results derived from this run are faithful only up to this event.
16-Aug-26 05:14:45 - epoch 87: Non-finite (NaN/Inf) detected in edge_logits_vl (Phase 2): 259200 of 259200 values -- sanitizing to 0.0 (neutral logit). Results derived from this run are faithful only up to this event.
16-Aug-26 05:14:47 - epoch 87: Non-finite (NaN/Inf) detected in edge_logits_vl (Phase 1): 259200 of 259200 values -- sanitizing to 0.0 (neutral logit). Results derived from this run are faithful only up to this event.
16-Aug-26 05:14:48 - epoch 87: Non-finite (NaN/Inf) detected in edge_logits_vl (Phase 2): 259200 of 259200 values -- sanitizing to 0.0 (neutral logit). Results derived from this run are faithful only up to this event.
16-Aug-26 05:14:50 - epoch 87: Non-finite (NaN/Inf) detected in edge_logits_vl (Phase 1): 259200 of 259200 values -- sanitizing to 0.0 (neutral logit). Results derived from this run are faithful only up to this event.
16-Aug-26 05:14:51 - epoch 87: Non-finite (NaN/Inf) detected in edge_logits_vl (Phase 2): 259200 of 259200 values -- sanitizing to 0.0 (neutral logit). Results derived from this run are faithful only up to this event.
16-Aug-26 05:14:53 - epoch 87: Non-finite (NaN/Inf) detected in edge_logits_vl (Phase 1): 259200 of 259200 values -- sanitizing to 0.0 (neutral logit). Results derived from this run are faithful only up to this event.
16-Aug-26 05:14:54 - epoch 87: Non-finite (NaN/Inf) detected in edge_logits_vl (Phase 2): 259200 of 259200 values -- sanitizing to 0.0 (neutral logit). Results derived from this run are faithful only up to this event.
16-Aug-26 05:14:56 - epoch 87: Non-finite (NaN/Inf) detected in edge_logits_vl (Phase 1): 259200 of 259200 values -- sanitizing to 0.0 (neutral logit). Results derived from this run are faithful only up to this event.
16-Aug-26 05:14:57 - epoch 87: Non-finite (NaN/Inf) detected in edge_logits_vl (Phase 2): 259200 of 259200 values -- sanitizing to 0.0 (neutral logit). Results derived from this run are faithful only up to this event.
16-Aug-26 05:14:59 - epoch 87: Non-finite (NaN/Inf) detected in edge_logits_vl (Phase 1): 259200 of 259200 values -- sanitizing to 0.0 (neutral logit). Results derived from this run are faithful only up to this event.
16-Aug-26 05:15:00 - epoch 87: Non-finite (NaN/Inf) detected in edge_logits_vl (Phase 2): 259200 of 259200 values -- sanitizing to 0.0 (neutral logit). Results derived from this run are faithful only up to this event.
16-Aug-26 05:15:02 - epoch 87: Non-finite (NaN/Inf) detected in edge_logits_vl (Phase 1): 259200 of 259200 values -- sanitizing to 0.0 (neutral logit). Results derived from this run are faithful only up to this event.
16-Aug-26 05:15:03 - epoch 87: Non-finite (NaN/Inf) detected in edge_logits_vl (Phase 2): 259200 of 259200 values -- sanitizing to 0.0 (neutral logit). Results derived from this run are faithful only up to this event.
16-Aug-26 05:15:05 - epoch 87: Non-finite (NaN/Inf) detected in edge_logits_vl (Phase 1): 259200 of 259200 values -- sanitizing to 0.0 (neutral logit). Results derived from this run are faithful only up to this event.
16-Aug-26 05:15:06 - epoch 87: Non-finite (NaN/Inf) detected in edge_logits_vl (Phase 2): 259200 of 259200 values -- sanitizing to 0.0 (neutral logit). Results derived from this run are faithful only up to this event.
16-Aug-26 05:15:08 - epoch 87: Non-finite (NaN/Inf) detected in edge_logits_vl (Phase 1): 259200 of 259200 values -- sanitizing to 0.0 (neutral logit). Results derived from this run are faithful only up to this event.
16-Aug-26 05:15:09 - epoch 87: Non-finite (NaN/Inf) detected in edge_logits_vl (Phase 2): 259200 of 259200 values -- sanitizing to 0.0 (neutral logit). Results derived from this run are faithful only up to this event.
16-Aug-26 05:15:11 - epoch 87: Non-finite (NaN/Inf) detected in edge_logits_vl (Phase 1): 259200 of 259200 values -- sanitizing to 0.0 (neutral logit). Results derived from this run are faithful only up to this event.
16-Aug-26 05:15:12 - epoch 87: Non-finite (NaN/Inf) detected in edge_logits_vl (Phase 2): 259200 of 259200 values -- sanitizing to 0.0 (neutral logit). Results derived from this run are faithful only up to this event.
16-Aug-26 05:15:14 - epoch 87: Non-finite (NaN/Inf) detected in edge_logits_vl (Phase 1): 259200 of 259200 values -- sanitizing to 0.0 (neutral logit). Results derived from this run are faithful only up to this event.
16-Aug-26 05:15:15 - epoch 87: Non-finite (NaN/Inf) detected in edge_logits_vl (Phase 2): 259200 of 259200 values -- sanitizing to 0.0 (neutral logit). Results derived from this run are faithful only up to this event.
16-Aug-26 05:15:17 - epoch 87: Non-finite (NaN/Inf) detected in edge_logits_vl (Phase 1): 259200 of 259200 values -- sanitizing to 0.0 (neutral logit). Results derived from this run are faithful only up to this event.
16-Aug-26 05:15:18 - epoch 87: Non-finite (NaN/Inf) detected in edge_logits_vl (Phase 2): 259200 of 259200 values -- sanitizing to 0.0 (neutral logit). Results derived from this run are faithful only up to this event.
16-Aug-26 05:15:20 - epoch 87: Non-finite (NaN/Inf) detected in edge_logits_vl (Phase 1): 259200 of 259200 values -- sanitizing to 0.0 (neutral logit). Results derived from this run are faithful only up to this event.
16-Aug-26 05:15:21 - epoch 87: Non-finite (NaN/Inf) detected in edge_logits_vl (Phase 2): 259200 of 259200 values -- sanitizing to 0.0 (neutral logit). Results derived from this run are faithful only up to this event.
16-Aug-26 05:15:23 - epoch 87: Non-finite (NaN/Inf) detected in edge_logits_vl (Phase 1): 259200 of 259200 values -- sanitizing to 0.0 (neutral logit). Results derived from this run are faithful only up to this event.
16-Aug-26 05:15:25 - epoch 87: Non-finite (NaN/Inf) detected in edge_logits_vl (Phase 2): 259200 of 259200 values -- sanitizing to 0.0 (neutral logit). Results derived from this run are faithful only up to this event.
16-Aug-26 05:15:26 - epoch 87: Non-finite (NaN/Inf) detected in edge_logits_vl (Phase 1): 259200 of 259200 values -- sanitizing to 0.0 (neutral logit). Results derived from this run are faithful only up to this event.
16-Aug-26 05:15:28 - epoch 87: Non-finite (NaN/Inf) detected in edge_logits_vl (Phase 2): 259200 of 259200 values -- sanitizing to 0.0 (neutral logit). Results derived from this run are faithful only up to this event.
16-Aug-26 05:15:29 - epoch 87: Non-finite (NaN/Inf) detected in edge_logits_vl (Phase 1): 259200 of 259200 values -- sanitizing to 0.0 (neutral logit). Results derived from this run are faithful only up to this event.
16-Aug-26 05:15:31 - epoch 87: Non-finite (NaN/Inf) detected in edge_logits_vl (Phase 2): 259200 of 259200 values -- sanitizing to 0.0 (neutral logit). Results derived from this run are faithful only up to this event.
16-Aug-26 05:15:32 - epoch 87: Non-finite (NaN/Inf) detected in edge_logits_vl (Phase 1): 259200 of 259200 values -- sanitizing to 0.0 (neutral logit). Results derived from this run are faithful only up to this event.
16-Aug-26 05:15:34 - epoch 87: Non-finite (NaN/Inf) detected in edge_logits_vl (Phase 2): 259200 of 259200 values -- sanitizing to 0.0 (neutral logit). Results derived from this run are faithful only up to this event.
16-Aug-26 05:15:35 - epoch 87: Non-finite (NaN/Inf) detected in edge_logits_vl (Phase 1): 259200 of 259200 values -- sanitizing to 0.0 (neutral logit). Results derived from this run are faithful only up to this event.
16-Aug-26 05:15:37 - epoch 87: Non-finite (NaN/Inf) detected in edge_logits_vl (Phase 2): 259200 of 259200 values -- sanitizing to 0.0 (neutral logit). Results derived from this run are faithful only up to this event.
16-Aug-26 05:15:38 - epoch 87: Non-finite (NaN/Inf) detected in edge_logits_vl (Phase 1): 259200 of 259200 values -- sanitizing to 0.0 (neutral logit). Results derived from this run are faithful only up to this event.
16-Aug-26 05:15:40 - epoch 87: Non-finite (NaN/Inf) detected in edge_logits_vl (Phase 2): 259200 of 259200 values -- sanitizing to 0.0 (neutral logit). Results derived from this run are faithful only up to this event.
16-Aug-26 05:15:41 - epoch 87: Non-finite (NaN/Inf) detected in edge_logits_vl (Phase 1): 259200 of 259200 values -- sanitizing to 0.0 (neutral logit). Results derived from this run are faithful only up to this event.
16-Aug-26 05:15:43 - epoch 87: Non-finite (NaN/Inf) detected in edge_logits_vl (Phase 2): 259200 of 259200 values -- sanitizing to 0.0 (neutral logit). Results derived from this run are faithful only up to this event.
16-Aug-26 05:15:44 - epoch 87: Non-finite (NaN/Inf) detected in edge_logits_vl (Phase 1): 259200 of 259200 values -- sanitizing to 0.0 (neutral logit). Results derived from this run are faithful only up to this event.
16-Aug-26 05:15:46 - epoch 87: Non-finite (NaN/Inf) detected in edge_logits_vl (Phase 2): 259200 of 259200 values -- sanitizing to 0.0 (neutral logit). Results derived from this run are faithful only up to this event.
16-Aug-26 05:15:47 - epoch 87: Non-finite (NaN/Inf) detected in edge_logits_vl (Phase 1): 259200 of 259200 values -- sanitizing to 0.0 (neutral logit). Results derived from this run are faithful only up to this event.
16-Aug-26 05:15:49 - epoch 87: Non-finite (NaN/Inf) detected in edge_logits_vl (Phase 2): 259200 of 259200 values -- sanitizing to 0.0 (neutral logit). Results derived from this run are faithful only up to this event.
16-Aug-26 05:15:50 - epoch 87: Non-finite (NaN/Inf) detected in edge_logits_vl (Phase 1): 259200 of 259200 values -- sanitizing to 0.0 (neutral logit). Results derived from this run are faithful only up to this event.
16-Aug-26 05:15:52 - epoch 87: Non-finite (NaN/Inf) detected in edge_logits_vl (Phase 2): 259200 of 259200 values -- sanitizing to 0.0 (neutral logit). Results derived from this run are faithful only up to this event.
16-Aug-26 05:15:53 - epoch 87: Non-finite (NaN/Inf) detected in edge_logits_vl (Phase 1): 259200 of 259200 values -- sanitizing to 0.0 (neutral logit). Results derived from this run are faithful only up to this event.
16-Aug-26 05:15:55 - epoch 87: Non-finite (NaN/Inf) detected in edge_logits_vl (Phase 2): 259200 of 259200 values -- sanitizing to 0.0 (neutral logit). Results derived from this run are faithful only up to this event.
16-Aug-26 05:15:56 - epoch 87: Non-finite (NaN/Inf) detected in edge_logits_vl (Phase 1): 259200 of 259200 values -- sanitizing to 0.0 (neutral logit). Results derived from this run are faithful only up to this event.
16-Aug-26 05:15:58 - epoch 87: Non-finite (NaN/Inf) detected in edge_logits_vl (Phase 2): 259200 of 259200 values -- sanitizing to 0.0 (neutral logit). Results derived from this run are faithful only up to this event.
16-Aug-26 05:15:59 - epoch 87: Non-finite (NaN/Inf) detected in edge_logits_vl (Phase 1): 226800 of 226800 values -- sanitizing to 0.0 (neutral logit). Results derived from this run are faithful only up to this event.
16-Aug-26 05:16:01 - epoch 87: Non-finite (NaN/Inf) detected in edge_logits_vl (Phase 2): 226800 of 226800 values -- sanitizing to 0.0 (neutral logit). Results derived from this run are faithful only up to this event.
16-Aug-26 05:16:01 - Epoch 87, Model Loss 1.9769701548700054, View Loss nan, Reg 0.4999098219133321
16-Aug-26 05:16:02 - epoch 88: Non-finite (NaN/Inf) detected in edge_logits_vl (Phase 1): 259200 of 259200 values -- sanitizing to 0.0 (neutral logit). Results derived from this run are faithful only up to this event.
16-Aug-26 05:16:03 - epoch 88: Non-finite (NaN/Inf) detected in edge_logits_vl (Phase 2): 259200 of 259200 values -- sanitizing to 0.0 (neutral logit). Results derived from this run are faithful only up to this event.
16-Aug-26 05:16:05 - epoch 88: Non-finite (NaN/Inf) detected in edge_logits_vl (Phase 1): 259200 of 259200 values -- sanitizing to 0.0 (neutral logit). Results derived from this run are faithful only up to this event.
16-Aug-26 05:16:06 - epoch 88: Non-finite (NaN/Inf) detected in edge_logits_vl (Phase 2): 259200 of 259200 values -- sanitizing to 0.0 (neutral logit). Results derived from this run are faithful only up to this event.
16-Aug-26 05:16:08 - epoch 88: Non-finite (NaN/Inf) detected in edge_logits_vl (Phase 1): 259200 of 259200 values -- sanitizing to 0.0 (neutral logit). Results derived from this run are faithful only up to this event.
16-Aug-26 05:16:09 - epoch 88: Non-finite (NaN/Inf) detected in edge_logits_vl (Phase 2): 259200 of 259200 values -- sanitizing to 0.0 (neutral logit). Results derived from this run are faithful only up to this event.
16-Aug-26 05:16:10 - epoch 88: Non-finite (NaN/Inf) detected in edge_logits_vl (Phase 1): 259200 of 259200 values -- sanitizing to 0.0 (neutral logit). Results derived from this run are faithful only up to this event.
16-Aug-26 05:16:12 - epoch 88: Non-finite (NaN/Inf) detected in edge_logits_vl (Phase 2): 259200 of 259200 values -- sanitizing to 0.0 (neutral logit). Results derived from this run are faithful only up to this event.
16-Aug-26 05:16:13 - epoch 88: Non-finite (NaN/Inf) detected in edge_logits_vl (Phase 1): 259200 of 259200 values -- sanitizing to 0.0 (neutral logit). Results derived from this run are faithful only up to this event.
16-Aug-26 05:16:15 - epoch 88: Non-finite (NaN/Inf) detected in edge_logits_vl (Phase 2): 259200 of 259200 values -- sanitizing to 0.0 (neutral logit). Results derived from this run are faithful only up to this event.
16-Aug-26 05:16:16 - epoch 88: Non-finite (NaN/Inf) detected in edge_logits_vl (Phase 1): 259200 of 259200 values -- sanitizing to 0.0 (neutral logit). Results derived from this run are faithful only up to this event.
16-Aug-26 05:16:18 - epoch 88: Non-finite (NaN/Inf) detected in edge_logits_vl (Phase 2): 259200 of 259200 values -- sanitizing to 0.0 (neutral logit). Results derived from this run are faithful only up to this event.
16-Aug-26 05:16:19 - epoch 88: Non-finite (NaN/Inf) detected in edge_logits_vl (Phase 1): 259200 of 259200 values -- sanitizing to 0.0 (neutral logit). Results derived from this run are faithful only up to this event.
16-Aug-26 05:16:21 - epoch 88: Non-finite (NaN/Inf) detected in edge_logits_vl (Phase 2): 259200 of 259200 values -- sanitizing to 0.0 (neutral logit). Results derived from this run are faithful only up to this event.
16-Aug-26 05:16:22 - epoch 88: Non-finite (NaN/Inf) detected in edge_logits_vl (Phase 1): 259200 of 259200 values -- sanitizing to 0.0 (neutral logit). Results derived from this run are faithful only up to this event.
16-Aug-26 05:16:24 - epoch 88: Non-finite (NaN/Inf) detected in edge_logits_vl (Phase 2): 259200 of 259200 values -- sanitizing to 0.0 (neutral logit). Results derived from this run are faithful only up to this event.
16-Aug-26 05:16:25 - epoch 88: Non-finite (NaN/Inf) detected in edge_logits_vl (Phase 1): 259200 of 259200 values -- sanitizing to 0.0 (neutral logit). Results derived from this run are faithful only up to this event.
16-Aug-26 05:16:27 - epoch 88: Non-finite (NaN/Inf) detected in edge_logits_vl (Phase 2): 259200 of 259200 values -- sanitizing to 0.0 (neutral logit). Results derived from this run are faithful only up to this event.
16-Aug-26 05:16:28 - epoch 88: Non-finite (NaN/Inf) detected in edge_logits_vl (Phase 1): 259200 of 259200 values -- sanitizing to 0.0 (neutral logit). Results derived from this run are faithful only up to this event.
16-Aug-26 05:16:30 - epoch 88: Non-finite (NaN/Inf) detected in edge_logits_vl (Phase 2): 259200 of 259200 values -- sanitizing to 0.0 (neutral logit). Results derived from this run are faithful only up to this event.
16-Aug-26 05:16:31 - epoch 88: Non-finite (NaN/Inf) detected in edge_logits_vl (Phase 1): 259200 of 259200 values -- sanitizing to 0.0 (neutral logit). Results derived from this run are faithful only up to this event.
16-Aug-26 05:16:33 - epoch 88: Non-finite (NaN/Inf) detected in edge_logits_vl (Phase 2): 259200 of 259200 values -- sanitizing to 0.0 (neutral logit). Results derived from this run are faithful only up to this event.
16-Aug-26 05:16:34 - epoch 88: Non-finite (NaN/Inf) detected in edge_logits_vl (Phase 1): 259200 of 259200 values -- sanitizing to 0.0 (neutral logit). Results derived from this run are faithful only up to this event.
16-Aug-26 05:16:36 - epoch 88: Non-finite (NaN/Inf) detected in edge_logits_vl (Phase 2): 259200 of 259200 values -- sanitizing to 0.0 (neutral logit). Results derived from this run are faithful only up to this event.
16-Aug-26 05:16:37 - epoch 88: Non-finite (NaN/Inf) detected in edge_logits_vl (Phase 1): 259200 of 259200 values -- sanitizing to 0.0 (neutral logit). Results derived from this run are faithful only up to this event.
16-Aug-26 05:16:39 - epoch 88: Non-finite (NaN/Inf) detected in edge_logits_vl (Phase 2): 259200 of 259200 values -- sanitizing to 0.0 (neutral logit). Results derived from this run are faithful only up to this event.
16-Aug-26 05:16:40 - epoch 88: Non-finite (NaN/Inf) detected in edge_logits_vl (Phase 1): 259200 of 259200 values -- sanitizing to 0.0 (neutral logit). Results derived from this run are faithful only up to this event.
16-Aug-26 05:16:42 - epoch 88: Non-finite (NaN/Inf) detected in edge_logits_vl (Phase 2): 259200 of 259200 values -- sanitizing to 0.0 (neutral logit). Results derived from this run are faithful only up to this event.
16-Aug-26 05:16:43 - epoch 88: Non-finite (NaN/Inf) detected in edge_logits_vl (Phase 1): 259200 of 259200 values -- sanitizing to 0.0 (neutral logit). Results derived from this run are faithful only up to this event.
16-Aug-26 05:16:45 - epoch 88: Non-finite (NaN/Inf) detected in edge_logits_vl (Phase 2): 259200 of 259200 values -- sanitizing to 0.0 (neutral logit). Results derived from this run are faithful only up to this event.
16-Aug-26 05:16:46 - epoch 88: Non-finite (NaN/Inf) detected in edge_logits_vl (Phase 1): 259200 of 259200 values -- sanitizing to 0.0 (neutral logit). Results derived from this run are faithful only up to this event.
16-Aug-26 05:16:48 - epoch 88: Non-finite (NaN/Inf) detected in edge_logits_vl (Phase 2): 259200 of 259200 values -- sanitizing to 0.0 (neutral logit). Results derived from this run are faithful only up to this event.
16-Aug-26 05:16:49 - epoch 88: Non-finite (NaN/Inf) detected in edge_logits_vl (Phase 1): 259200 of 259200 values -- sanitizing to 0.0 (neutral logit). Results derived from this run are faithful only up to this event.
16-Aug-26 05:16:51 - epoch 88: Non-finite (NaN/Inf) detected in edge_logits_vl (Phase 2): 259200 of 259200 values -- sanitizing to 0.0 (neutral logit). Results derived from this run are faithful only up to this event.
16-Aug-26 05:16:52 - epoch 88: Non-finite (NaN/Inf) detected in edge_logits_vl (Phase 1): 259200 of 259200 values -- sanitizing to 0.0 (neutral logit). Results derived from this run are faithful only up to this event.
16-Aug-26 05:16:54 - epoch 88: Non-finite (NaN/Inf) detected in edge_logits_vl (Phase 2): 259200 of 259200 values -- sanitizing to 0.0 (neutral logit). Results derived from this run are faithful only up to this event.
16-Aug-26 05:16:56 - epoch 88: Non-finite (NaN/Inf) detected in edge_logits_vl (Phase 1): 259200 of 259200 values -- sanitizing to 0.0 (neutral logit). Results derived from this run are faithful only up to this event.
16-Aug-26 05:16:57 - epoch 88: Non-finite (NaN/Inf) detected in edge_logits_vl (Phase 2): 259200 of 259200 values -- sanitizing to 0.0 (neutral logit). Results derived from this run are faithful only up to this event.
16-Aug-26 05:16:59 - epoch 88: Non-finite (NaN/Inf) detected in edge_logits_vl (Phase 1): 259200 of 259200 values -- sanitizing to 0.0 (neutral logit). Results derived from this run are faithful only up to this event.
16-Aug-26 05:17:00 - epoch 88: Non-finite (NaN/Inf) detected in edge_logits_vl (Phase 2): 259200 of 259200 values -- sanitizing to 0.0 (neutral logit). Results derived from this run are faithful only up to this event.
16-Aug-26 05:17:01 - epoch 88: Non-finite (NaN/Inf) detected in edge_logits_vl (Phase 1): 259200 of 259200 values -- sanitizing to 0.0 (neutral logit). Results derived from this run are faithful only up to this event.
16-Aug-26 05:17:03 - epoch 88: Non-finite (NaN/Inf) detected in edge_logits_vl (Phase 2): 259200 of 259200 values -- sanitizing to 0.0 (neutral logit). Results derived from this run are faithful only up to this event.
16-Aug-26 05:17:05 - epoch 88: Non-finite (NaN/Inf) detected in edge_logits_vl (Phase 1): 259200 of 259200 values -- sanitizing to 0.0 (neutral logit). Results derived from this run are faithful only up to this event.
16-Aug-26 05:17:06 - epoch 88: Non-finite (NaN/Inf) detected in edge_logits_vl (Phase 2): 259200 of 259200 values -- sanitizing to 0.0 (neutral logit). Results derived from this run are faithful only up to this event.
16-Aug-26 05:17:08 - epoch 88: Non-finite (NaN/Inf) detected in edge_logits_vl (Phase 1): 259200 of 259200 values -- sanitizing to 0.0 (neutral logit). Results derived from this run are faithful only up to this event.
16-Aug-26 05:17:09 - epoch 88: Non-finite (NaN/Inf) detected in edge_logits_vl (Phase 2): 259200 of 259200 values -- sanitizing to 0.0 (neutral logit). Results derived from this run are faithful only up to this event.
16-Aug-26 05:17:11 - epoch 88: Non-finite (NaN/Inf) detected in edge_logits_vl (Phase 1): 259200 of 259200 values -- sanitizing to 0.0 (neutral logit). Results derived from this run are faithful only up to this event.
16-Aug-26 05:17:12 - epoch 88: Non-finite (NaN/Inf) detected in edge_logits_vl (Phase 2): 259200 of 259200 values -- sanitizing to 0.0 (neutral logit). Results derived from this run are faithful only up to this event.
16-Aug-26 05:17:14 - epoch 88: Non-finite (NaN/Inf) detected in edge_logits_vl (Phase 1): 259200 of 259200 values -- sanitizing to 0.0 (neutral logit). Results derived from this run are faithful only up to this event.
16-Aug-26 05:17:15 - epoch 88: Non-finite (NaN/Inf) detected in edge_logits_vl (Phase 2): 259200 of 259200 values -- sanitizing to 0.0 (neutral logit). Results derived from this run are faithful only up to this event.
16-Aug-26 05:17:17 - epoch 88: Non-finite (NaN/Inf) detected in edge_logits_vl (Phase 1): 259200 of 259200 values -- sanitizing to 0.0 (neutral logit). Results derived from this run are faithful only up to this event.
16-Aug-26 05:17:18 - epoch 88: Non-finite (NaN/Inf) detected in edge_logits_vl (Phase 2): 259200 of 259200 values -- sanitizing to 0.0 (neutral logit). Results derived from this run are faithful only up to this event.
16-Aug-26 05:17:20 - epoch 88: Non-finite (NaN/Inf) detected in edge_logits_vl (Phase 1): 259200 of 259200 values -- sanitizing to 0.0 (neutral logit). Results derived from this run are faithful only up to this event.
16-Aug-26 05:17:21 - epoch 88: Non-finite (NaN/Inf) detected in edge_logits_vl (Phase 2): 259200 of 259200 values -- sanitizing to 0.0 (neutral logit). Results derived from this run are faithful only up to this event.
16-Aug-26 05:17:23 - epoch 88: Non-finite (NaN/Inf) detected in edge_logits_vl (Phase 1): 259200 of 259200 values -- sanitizing to 0.0 (neutral logit). Results derived from this run are faithful only up to this event.
16-Aug-26 05:17:24 - epoch 88: Non-finite (NaN/Inf) detected in edge_logits_vl (Phase 2): 259200 of 259200 values -- sanitizing to 0.0 (neutral logit). Results derived from this run are faithful only up to this event.
16-Aug-26 05:17:26 - epoch 88: Non-finite (NaN/Inf) detected in edge_logits_vl (Phase 1): 259200 of 259200 values -- sanitizing to 0.0 (neutral logit). Results derived from this run are faithful only up to this event.
16-Aug-26 05:17:27 - epoch 88: Non-finite (NaN/Inf) detected in edge_logits_vl (Phase 2): 259200 of 259200 values -- sanitizing to 0.0 (neutral logit). Results derived from this run are faithful only up to this event.
16-Aug-26 05:17:29 - epoch 88: Non-finite (NaN/Inf) detected in edge_logits_vl (Phase 1): 226800 of 226800 values -- sanitizing to 0.0 (neutral logit). Results derived from this run are faithful only up to this event.
16-Aug-26 05:17:30 - epoch 88: Non-finite (NaN/Inf) detected in edge_logits_vl (Phase 2): 226800 of 226800 values -- sanitizing to 0.0 (neutral logit). Results derived from this run are faithful only up to this event.
16-Aug-26 05:17:31 - Epoch 88, Model Loss 1.981068785719293, View Loss nan, Reg 0.4999946797243222
16-Aug-26 05:17:31 - epoch 89: Non-finite (NaN/Inf) detected in edge_logits_vl (Phase 1): 259200 of 259200 values -- sanitizing to 0.0 (neutral logit). Results derived from this run are faithful only up to this event.
16-Aug-26 05:17:33 - epoch 89: Non-finite (NaN/Inf) detected in edge_logits_vl (Phase 2): 259200 of 259200 values -- sanitizing to 0.0 (neutral logit). Results derived from this run are faithful only up to this event.
16-Aug-26 05:17:34 - epoch 89: Non-finite (NaN/Inf) detected in edge_logits_vl (Phase 1): 259200 of 259200 values -- sanitizing to 0.0 (neutral logit). Results derived from this run are faithful only up to this event.
16-Aug-26 05:17:36 - epoch 89: Non-finite (NaN/Inf) detected in edge_logits_vl (Phase 2): 259200 of 259200 values -- sanitizing to 0.0 (neutral logit). Results derived from this run are faithful only up to this event.
16-Aug-26 05:17:37 - epoch 89: Non-finite (NaN/Inf) detected in edge_logits_vl (Phase 1): 259200 of 259200 values -- sanitizing to 0.0 (neutral logit). Results derived from this run are faithful only up to this event.
16-Aug-26 05:17:39 - epoch 89: Non-finite (NaN/Inf) detected in edge_logits_vl (Phase 2): 259200 of 259200 values -- sanitizing to 0.0 (neutral logit). Results derived from this run are faithful only up to this event.
16-Aug-26 05:17:40 - epoch 89: Non-finite (NaN/Inf) detected in edge_logits_vl (Phase 1): 259200 of 259200 values -- sanitizing to 0.0 (neutral logit). Results derived from this run are faithful only up to this event.
16-Aug-26 05:17:41 - epoch 89: Non-finite (NaN/Inf) detected in edge_logits_vl (Phase 2): 259200 of 259200 values -- sanitizing to 0.0 (neutral logit). Results derived from this run are faithful only up to this event.
16-Aug-26 05:17:43 - epoch 89: Non-finite (NaN/Inf) detected in edge_logits_vl (Phase 1): 259200 of 259200 values -- sanitizing to 0.0 (neutral logit). Results derived from this run are faithful only up to this event.
16-Aug-26 05:17:44 - epoch 89: Non-finite (NaN/Inf) detected in edge_logits_vl (Phase 2): 259200 of 259200 values -- sanitizing to 0.0 (neutral logit). Results derived from this run are faithful only up to this event.
16-Aug-26 05:17:46 - epoch 89: Non-finite (NaN/Inf) detected in edge_logits_vl (Phase 1): 259200 of 259200 values -- sanitizing to 0.0 (neutral logit). Results derived from this run are faithful only up to this event.
16-Aug-26 05:17:47 - epoch 89: Non-finite (NaN/Inf) detected in edge_logits_vl (Phase 2): 259200 of 259200 values -- sanitizing to 0.0 (neutral logit). Results derived from this run are faithful only up to this event.
16-Aug-26 05:17:49 - epoch 89: Non-finite (NaN/Inf) detected in edge_logits_vl (Phase 1): 259200 of 259200 values -- sanitizing to 0.0 (neutral logit). Results derived from this run are faithful only up to this event.
16-Aug-26 05:17:50 - epoch 89: Non-finite (NaN/Inf) detected in edge_logits_vl (Phase 2): 259200 of 259200 values -- sanitizing to 0.0 (neutral logit). Results derived from this run are faithful only up to this event.
16-Aug-26 05:17:52 - epoch 89: Non-finite (NaN/Inf) detected in edge_logits_vl (Phase 1): 259200 of 259200 values -- sanitizing to 0.0 (neutral logit). Results derived from this run are faithful only up to this event.
16-Aug-26 05:17:53 - epoch 89: Non-finite (NaN/Inf) detected in edge_logits_vl (Phase 2): 259200 of 259200 values -- sanitizing to 0.0 (neutral logit). Results derived from this run are faithful only up to this event.
16-Aug-26 05:17:55 - epoch 89: Non-finite (NaN/Inf) detected in edge_logits_vl (Phase 1): 259200 of 259200 values -- sanitizing to 0.0 (neutral logit). Results derived from this run are faithful only up to this event.
16-Aug-26 05:17:56 - epoch 89: Non-finite (NaN/Inf) detected in edge_logits_vl (Phase 2): 259200 of 259200 values -- sanitizing to 0.0 (neutral logit). Results derived from this run are faithful only up to this event.
16-Aug-26 05:17:58 - epoch 89: Non-finite (NaN/Inf) detected in edge_logits_vl (Phase 1): 259200 of 259200 values -- sanitizing to 0.0 (neutral logit). Results derived from this run are faithful only up to this event.
16-Aug-26 05:17:59 - epoch 89: Non-finite (NaN/Inf) detected in edge_logits_vl (Phase 2): 259200 of 259200 values -- sanitizing to 0.0 (neutral logit). Results derived from this run are faithful only up to this event.
16-Aug-26 05:18:01 - epoch 89: Non-finite (NaN/Inf) detected in edge_logits_vl (Phase 1): 259200 of 259200 values -- sanitizing to 0.0 (neutral logit). Results derived from this run are faithful only up to this event.
16-Aug-26 05:18:03 - epoch 89: Non-finite (NaN/Inf) detected in edge_logits_vl (Phase 2): 259200 of 259200 values -- sanitizing to 0.0 (neutral logit). Results derived from this run are faithful only up to this event.
16-Aug-26 05:18:06 - epoch 89: Non-finite (NaN/Inf) detected in edge_logits_vl (Phase 1): 259200 of 259200 values -- sanitizing to 0.0 (neutral logit). Results derived from this run are faithful only up to this event.
16-Aug-26 05:18:09 - epoch 89: Non-finite (NaN/Inf) detected in edge_logits_vl (Phase 2): 259200 of 259200 values -- sanitizing to 0.0 (neutral logit). Results derived from this run are faithful only up to this event.
16-Aug-26 05:18:12 - epoch 89: Non-finite (NaN/Inf) detected in edge_logits_vl (Phase 1): 259200 of 259200 values -- sanitizing to 0.0 (neutral logit). Results derived from this run are faithful only up to this event.
16-Aug-26 05:18:14 - epoch 89: Non-finite (NaN/Inf) detected in edge_logits_vl (Phase 2): 259200 of 259200 values -- sanitizing to 0.0 (neutral logit). Results derived from this run are faithful only up to this event.
16-Aug-26 05:18:16 - epoch 89: Non-finite (NaN/Inf) detected in edge_logits_vl (Phase 1): 259200 of 259200 values -- sanitizing to 0.0 (neutral logit). Results derived from this run are faithful only up to this event.
16-Aug-26 05:18:17 - epoch 89: Non-finite (NaN/Inf) detected in edge_logits_vl (Phase 2): 259200 of 259200 values -- sanitizing to 0.0 (neutral logit). Results derived from this run are faithful only up to this event.
16-Aug-26 05:18:19 - epoch 89: Non-finite (NaN/Inf) detected in edge_logits_vl (Phase 1): 259200 of 259200 values -- sanitizing to 0.0 (neutral logit). Results derived from this run are faithful only up to this event.
16-Aug-26 05:18:20 - epoch 89: Non-finite (NaN/Inf) detected in edge_logits_vl (Phase 2): 259200 of 259200 values -- sanitizing to 0.0 (neutral logit). Results derived from this run are faithful only up to this event.
16-Aug-26 05:18:22 - epoch 89: Non-finite (NaN/Inf) detected in edge_logits_vl (Phase 1): 259200 of 259200 values -- sanitizing to 0.0 (neutral logit). Results derived from this run are faithful only up to this event.
16-Aug-26 05:18:23 - epoch 89: Non-finite (NaN/Inf) detected in edge_logits_vl (Phase 2): 259200 of 259200 values -- sanitizing to 0.0 (neutral logit). Results derived from this run are faithful only up to this event.
16-Aug-26 05:18:25 - epoch 89: Non-finite (NaN/Inf) detected in edge_logits_vl (Phase 1): 259200 of 259200 values -- sanitizing to 0.0 (neutral logit). Results derived from this run are faithful only up to this event.
16-Aug-26 05:18:26 - epoch 89: Non-finite (NaN/Inf) detected in edge_logits_vl (Phase 2): 259200 of 259200 values -- sanitizing to 0.0 (neutral logit). Results derived from this run are faithful only up to this event.
16-Aug-26 05:18:28 - epoch 89: Non-finite (NaN/Inf) detected in edge_logits_vl (Phase 1): 259200 of 259200 values -- sanitizing to 0.0 (neutral logit). Results derived from this run are faithful only up to this event.
16-Aug-26 05:18:29 - epoch 89: Non-finite (NaN/Inf) detected in edge_logits_vl (Phase 2): 259200 of 259200 values -- sanitizing to 0.0 (neutral logit). Results derived from this run are faithful only up to this event.
16-Aug-26 05:18:31 - epoch 89: Non-finite (NaN/Inf) detected in edge_logits_vl (Phase 1): 259200 of 259200 values -- sanitizing to 0.0 (neutral logit). Results derived from this run are faithful only up to this event.
16-Aug-26 05:18:33 - epoch 89: Non-finite (NaN/Inf) detected in edge_logits_vl (Phase 2): 259200 of 259200 values -- sanitizing to 0.0 (neutral logit). Results derived from this run are faithful only up to this event.
16-Aug-26 05:18:34 - epoch 89: Non-finite (NaN/Inf) detected in edge_logits_vl (Phase 1): 259200 of 259200 values -- sanitizing to 0.0 (neutral logit). Results derived from this run are faithful only up to this event.
16-Aug-26 05:18:35 - epoch 89: Non-finite (NaN/Inf) detected in edge_logits_vl (Phase 2): 259200 of 259200 values -- sanitizing to 0.0 (neutral logit). Results derived from this run are faithful only up to this event.
16-Aug-26 05:18:37 - epoch 89: Non-finite (NaN/Inf) detected in edge_logits_vl (Phase 1): 259200 of 259200 values -- sanitizing to 0.0 (neutral logit). Results derived from this run are faithful only up to this event.
16-Aug-26 05:18:38 - epoch 89: Non-finite (NaN/Inf) detected in edge_logits_vl (Phase 2): 259200 of 259200 values -- sanitizing to 0.0 (neutral logit). Results derived from this run are faithful only up to this event.
16-Aug-26 05:18:40 - epoch 89: Non-finite (NaN/Inf) detected in edge_logits_vl (Phase 1): 259200 of 259200 values -- sanitizing to 0.0 (neutral logit). Results derived from this run are faithful only up to this event.
16-Aug-26 05:18:42 - epoch 89: Non-finite (NaN/Inf) detected in edge_logits_vl (Phase 2): 259200 of 259200 values -- sanitizing to 0.0 (neutral logit). Results derived from this run are faithful only up to this event.
16-Aug-26 05:18:43 - epoch 89: Non-finite (NaN/Inf) detected in edge_logits_vl (Phase 1): 259200 of 259200 values -- sanitizing to 0.0 (neutral logit). Results derived from this run are faithful only up to this event.
16-Aug-26 05:18:45 - epoch 89: Non-finite (NaN/Inf) detected in edge_logits_vl (Phase 2): 259200 of 259200 values -- sanitizing to 0.0 (neutral logit). Results derived from this run are faithful only up to this event.
16-Aug-26 05:18:46 - epoch 89: Non-finite (NaN/Inf) detected in edge_logits_vl (Phase 1): 259200 of 259200 values -- sanitizing to 0.0 (neutral logit). Results derived from this run are faithful only up to this event.
16-Aug-26 05:18:48 - epoch 89: Non-finite (NaN/Inf) detected in edge_logits_vl (Phase 2): 259200 of 259200 values -- sanitizing to 0.0 (neutral logit). Results derived from this run are faithful only up to this event.
16-Aug-26 05:18:49 - epoch 89: Non-finite (NaN/Inf) detected in edge_logits_vl (Phase 1): 259200 of 259200 values -- sanitizing to 0.0 (neutral logit). Results derived from this run are faithful only up to this event.
16-Aug-26 05:18:51 - epoch 89: Non-finite (NaN/Inf) detected in edge_logits_vl (Phase 2): 259200 of 259200 values -- sanitizing to 0.0 (neutral logit). Results derived from this run are faithful only up to this event.
16-Aug-26 05:18:52 - epoch 89: Non-finite (NaN/Inf) detected in edge_logits_vl (Phase 1): 259200 of 259200 values -- sanitizing to 0.0 (neutral logit). Results derived from this run are faithful only up to this event.
16-Aug-26 05:18:54 - epoch 89: Non-finite (NaN/Inf) detected in edge_logits_vl (Phase 2): 259200 of 259200 values -- sanitizing to 0.0 (neutral logit). Results derived from this run are faithful only up to this event.
16-Aug-26 05:18:55 - epoch 89: Non-finite (NaN/Inf) detected in edge_logits_vl (Phase 1): 259200 of 259200 values -- sanitizing to 0.0 (neutral logit). Results derived from this run are faithful only up to this event.
16-Aug-26 05:18:57 - epoch 89: Non-finite (NaN/Inf) detected in edge_logits_vl (Phase 2): 259200 of 259200 values -- sanitizing to 0.0 (neutral logit). Results derived from this run are faithful only up to this event.
16-Aug-26 05:18:58 - epoch 89: Non-finite (NaN/Inf) detected in edge_logits_vl (Phase 1): 259200 of 259200 values -- sanitizing to 0.0 (neutral logit). Results derived from this run are faithful only up to this event.
16-Aug-26 05:19:00 - epoch 89: Non-finite (NaN/Inf) detected in edge_logits_vl (Phase 2): 259200 of 259200 values -- sanitizing to 0.0 (neutral logit). Results derived from this run are faithful only up to this event.
16-Aug-26 05:19:01 - epoch 89: Non-finite (NaN/Inf) detected in edge_logits_vl (Phase 1): 259200 of 259200 values -- sanitizing to 0.0 (neutral logit). Results derived from this run are faithful only up to this event.
16-Aug-26 05:19:03 - epoch 89: Non-finite (NaN/Inf) detected in edge_logits_vl (Phase 2): 259200 of 259200 values -- sanitizing to 0.0 (neutral logit). Results derived from this run are faithful only up to this event.
16-Aug-26 05:19:04 - epoch 89: Non-finite (NaN/Inf) detected in edge_logits_vl (Phase 1): 226800 of 226800 values -- sanitizing to 0.0 (neutral logit). Results derived from this run are faithful only up to this event.
16-Aug-26 05:19:06 - epoch 89: Non-finite (NaN/Inf) detected in edge_logits_vl (Phase 2): 226800 of 226800 values -- sanitizing to 0.0 (neutral logit). Results derived from this run are faithful only up to this event.
16-Aug-26 05:19:06 - Epoch 89, Model Loss 2.0102839998620325, View Loss nan, Reg 0.5001005044043314
16-Aug-26 05:19:07 - epoch 90: Non-finite (NaN/Inf) detected in edge_logits_vl (Phase 1): 259200 of 259200 values -- sanitizing to 0.0 (neutral logit). Results derived from this run are faithful only up to this event.
16-Aug-26 05:19:08 - epoch 90: Non-finite (NaN/Inf) detected in edge_logits_vl (Phase 2): 259200 of 259200 values -- sanitizing to 0.0 (neutral logit). Results derived from this run are faithful only up to this event.
16-Aug-26 05:19:10 - epoch 90: Non-finite (NaN/Inf) detected in edge_logits_vl (Phase 1): 259200 of 259200 values -- sanitizing to 0.0 (neutral logit). Results derived from this run are faithful only up to this event.
16-Aug-26 05:19:11 - epoch 90: Non-finite (NaN/Inf) detected in edge_logits_vl (Phase 2): 259200 of 259200 values -- sanitizing to 0.0 (neutral logit). Results derived from this run are faithful only up to this event.
16-Aug-26 05:19:13 - epoch 90: Non-finite (NaN/Inf) detected in edge_logits_vl (Phase 1): 259200 of 259200 values -- sanitizing to 0.0 (neutral logit). Results derived from this run are faithful only up to this event.
16-Aug-26 05:19:14 - epoch 90: Non-finite (NaN/Inf) detected in edge_logits_vl (Phase 2): 259200 of 259200 values -- sanitizing to 0.0 (neutral logit). Results derived from this run are faithful only up to this event.
16-Aug-26 05:19:15 - epoch 90: Non-finite (NaN/Inf) detected in edge_logits_vl (Phase 1): 259200 of 259200 values -- sanitizing to 0.0 (neutral logit). Results derived from this run are faithful only up to this event.
16-Aug-26 05:19:17 - epoch 90: Non-finite (NaN/Inf) detected in edge_logits_vl (Phase 2): 259200 of 259200 values -- sanitizing to 0.0 (neutral logit). Results derived from this run are faithful only up to this event.
16-Aug-26 05:19:18 - epoch 90: Non-finite (NaN/Inf) detected in edge_logits_vl (Phase 1): 259200 of 259200 values -- sanitizing to 0.0 (neutral logit). Results derived from this run are faithful only up to this event.
16-Aug-26 05:19:20 - epoch 90: Non-finite (NaN/Inf) detected in edge_logits_vl (Phase 2): 259200 of 259200 values -- sanitizing to 0.0 (neutral logit). Results derived from this run are faithful only up to this event.
16-Aug-26 05:19:21 - epoch 90: Non-finite (NaN/Inf) detected in edge_logits_vl (Phase 1): 259200 of 259200 values -- sanitizing to 0.0 (neutral logit). Results derived from this run are faithful only up to this event.
16-Aug-26 05:19:23 - epoch 90: Non-finite (NaN/Inf) detected in edge_logits_vl (Phase 2): 259200 of 259200 values -- sanitizing to 0.0 (neutral logit). Results derived from this run are faithful only up to this event.
16-Aug-26 05:19:24 - epoch 90: Non-finite (NaN/Inf) detected in edge_logits_vl (Phase 1): 259200 of 259200 values -- sanitizing to 0.0 (neutral logit). Results derived from this run are faithful only up to this event.
16-Aug-26 05:19:26 - epoch 90: Non-finite (NaN/Inf) detected in edge_logits_vl (Phase 2): 259200 of 259200 values -- sanitizing to 0.0 (neutral logit). Results derived from this run are faithful only up to this event.
16-Aug-26 05:19:27 - epoch 90: Non-finite (NaN/Inf) detected in edge_logits_vl (Phase 1): 259200 of 259200 values -- sanitizing to 0.0 (neutral logit). Results derived from this run are faithful only up to this event.
16-Aug-26 05:19:29 - epoch 90: Non-finite (NaN/Inf) detected in edge_logits_vl (Phase 2): 259200 of 259200 values -- sanitizing to 0.0 (neutral logit). Results derived from this run are faithful only up to this event.
16-Aug-26 05:19:30 - epoch 90: Non-finite (NaN/Inf) detected in edge_logits_vl (Phase 1): 259200 of 259200 values -- sanitizing to 0.0 (neutral logit). Results derived from this run are faithful only up to this event.
16-Aug-26 05:19:32 - epoch 90: Non-finite (NaN/Inf) detected in edge_logits_vl (Phase 2): 259200 of 259200 values -- sanitizing to 0.0 (neutral logit). Results derived from this run are faithful only up to this event.
16-Aug-26 05:19:33 - epoch 90: Non-finite (NaN/Inf) detected in edge_logits_vl (Phase 1): 259200 of 259200 values -- sanitizing to 0.0 (neutral logit). Results derived from this run are faithful only up to this event.
16-Aug-26 05:19:35 - epoch 90: Non-finite (NaN/Inf) detected in edge_logits_vl (Phase 2): 259200 of 259200 values -- sanitizing to 0.0 (neutral logit). Results derived from this run are faithful only up to this event.
16-Aug-26 05:19:36 - epoch 90: Non-finite (NaN/Inf) detected in edge_logits_vl (Phase 1): 259200 of 259200 values -- sanitizing to 0.0 (neutral logit). Results derived from this run are faithful only up to this event.
16-Aug-26 05:19:38 - epoch 90: Non-finite (NaN/Inf) detected in edge_logits_vl (Phase 2): 259200 of 259200 values -- sanitizing to 0.0 (neutral logit). Results derived from this run are faithful only up to this event.
16-Aug-26 05:19:39 - epoch 90: Non-finite (NaN/Inf) detected in edge_logits_vl (Phase 1): 259200 of 259200 values -- sanitizing to 0.0 (neutral logit). Results derived from this run are faithful only up to this event.
16-Aug-26 05:19:41 - epoch 90: Non-finite (NaN/Inf) detected in edge_logits_vl (Phase 2): 259200 of 259200 values -- sanitizing to 0.0 (neutral logit). Results derived from this run are faithful only up to this event.
16-Aug-26 05:19:42 - epoch 90: Non-finite (NaN/Inf) detected in edge_logits_vl (Phase 1): 259200 of 259200 values -- sanitizing to 0.0 (neutral logit). Results derived from this run are faithful only up to this event.
16-Aug-26 05:19:44 - epoch 90: Non-finite (NaN/Inf) detected in edge_logits_vl (Phase 2): 259200 of 259200 values -- sanitizing to 0.0 (neutral logit). Results derived from this run are faithful only up to this event.
16-Aug-26 05:19:45 - epoch 90: Non-finite (NaN/Inf) detected in edge_logits_vl (Phase 1): 259200 of 259200 values -- sanitizing to 0.0 (neutral logit). Results derived from this run are faithful only up to this event.
16-Aug-26 05:19:47 - epoch 90: Non-finite (NaN/Inf) detected in edge_logits_vl (Phase 2): 259200 of 259200 values -- sanitizing to 0.0 (neutral logit). Results derived from this run are faithful only up to this event.
16-Aug-26 05:19:48 - epoch 90: Non-finite (NaN/Inf) detected in edge_logits_vl (Phase 1): 259200 of 259200 values -- sanitizing to 0.0 (neutral logit). Results derived from this run are faithful only up to this event.
16-Aug-26 05:19:50 - epoch 90: Non-finite (NaN/Inf) detected in edge_logits_vl (Phase 2): 259200 of 259200 values -- sanitizing to 0.0 (neutral logit). Results derived from this run are faithful only up to this event.
16-Aug-26 05:19:51 - epoch 90: Non-finite (NaN/Inf) detected in edge_logits_vl (Phase 1): 259200 of 259200 values -- sanitizing to 0.0 (neutral logit). Results derived from this run are faithful only up to this event.
16-Aug-26 05:19:53 - epoch 90: Non-finite (NaN/Inf) detected in edge_logits_vl (Phase 2): 259200 of 259200 values -- sanitizing to 0.0 (neutral logit). Results derived from this run are faithful only up to this event.
16-Aug-26 05:19:54 - epoch 90: Non-finite (NaN/Inf) detected in edge_logits_vl (Phase 1): 259200 of 259200 values -- sanitizing to 0.0 (neutral logit). Results derived from this run are faithful only up to this event.
16-Aug-26 05:19:56 - epoch 90: Non-finite (NaN/Inf) detected in edge_logits_vl (Phase 2): 259200 of 259200 values -- sanitizing to 0.0 (neutral logit). Results derived from this run are faithful only up to this event.
16-Aug-26 05:19:57 - epoch 90: Non-finite (NaN/Inf) detected in edge_logits_vl (Phase 1): 259200 of 259200 values -- sanitizing to 0.0 (neutral logit). Results derived from this run are faithful only up to this event.
16-Aug-26 05:19:59 - epoch 90: Non-finite (NaN/Inf) detected in edge_logits_vl (Phase 2): 259200 of 259200 values -- sanitizing to 0.0 (neutral logit). Results derived from this run are faithful only up to this event.
16-Aug-26 05:20:00 - epoch 90: Non-finite (NaN/Inf) detected in edge_logits_vl (Phase 1): 259200 of 259200 values -- sanitizing to 0.0 (neutral logit). Results derived from this run are faithful only up to this event.
16-Aug-26 05:20:02 - epoch 90: Non-finite (NaN/Inf) detected in edge_logits_vl (Phase 2): 259200 of 259200 values -- sanitizing to 0.0 (neutral logit). Results derived from this run are faithful only up to this event.
16-Aug-26 05:20:03 - epoch 90: Non-finite (NaN/Inf) detected in edge_logits_vl (Phase 1): 259200 of 259200 values -- sanitizing to 0.0 (neutral logit). Results derived from this run are faithful only up to this event.
16-Aug-26 05:20:05 - epoch 90: Non-finite (NaN/Inf) detected in edge_logits_vl (Phase 2): 259200 of 259200 values -- sanitizing to 0.0 (neutral logit). Results derived from this run are faithful only up to this event.
16-Aug-26 05:20:06 - epoch 90: Non-finite (NaN/Inf) detected in edge_logits_vl (Phase 1): 259200 of 259200 values -- sanitizing to 0.0 (neutral logit). Results derived from this run are faithful only up to this event.
16-Aug-26 05:20:08 - epoch 90: Non-finite (NaN/Inf) detected in edge_logits_vl (Phase 2): 259200 of 259200 values -- sanitizing to 0.0 (neutral logit). Results derived from this run are faithful only up to this event.
16-Aug-26 05:20:10 - epoch 90: Non-finite (NaN/Inf) detected in edge_logits_vl (Phase 1): 259200 of 259200 values -- sanitizing to 0.0 (neutral logit). Results derived from this run are faithful only up to this event.
16-Aug-26 05:20:11 - epoch 90: Non-finite (NaN/Inf) detected in edge_logits_vl (Phase 2): 259200 of 259200 values -- sanitizing to 0.0 (neutral logit). Results derived from this run are faithful only up to this event.
16-Aug-26 05:20:13 - epoch 90: Non-finite (NaN/Inf) detected in edge_logits_vl (Phase 1): 259200 of 259200 values -- sanitizing to 0.0 (neutral logit). Results derived from this run are faithful only up to this event.
16-Aug-26 05:20:14 - epoch 90: Non-finite (NaN/Inf) detected in edge_logits_vl (Phase 2): 259200 of 259200 values -- sanitizing to 0.0 (neutral logit). Results derived from this run are faithful only up to this event.
16-Aug-26 05:20:16 - epoch 90: Non-finite (NaN/Inf) detected in edge_logits_vl (Phase 1): 259200 of 259200 values -- sanitizing to 0.0 (neutral logit). Results derived from this run are faithful only up to this event.
16-Aug-26 05:20:17 - epoch 90: Non-finite (NaN/Inf) detected in edge_logits_vl (Phase 2): 259200 of 259200 values -- sanitizing to 0.0 (neutral logit). Results derived from this run are faithful only up to this event.
16-Aug-26 05:20:19 - epoch 90: Non-finite (NaN/Inf) detected in edge_logits_vl (Phase 1): 259200 of 259200 values -- sanitizing to 0.0 (neutral logit). Results derived from this run are faithful only up to this event.
16-Aug-26 05:20:20 - epoch 90: Non-finite (NaN/Inf) detected in edge_logits_vl (Phase 2): 259200 of 259200 values -- sanitizing to 0.0 (neutral logit). Results derived from this run are faithful only up to this event.
16-Aug-26 05:20:22 - epoch 90: Non-finite (NaN/Inf) detected in edge_logits_vl (Phase 1): 259200 of 259200 values -- sanitizing to 0.0 (neutral logit). Results derived from this run are faithful only up to this event.
16-Aug-26 05:20:23 - epoch 90: Non-finite (NaN/Inf) detected in edge_logits_vl (Phase 2): 259200 of 259200 values -- sanitizing to 0.0 (neutral logit). Results derived from this run are faithful only up to this event.
16-Aug-26 05:20:25 - epoch 90: Non-finite (NaN/Inf) detected in edge_logits_vl (Phase 1): 259200 of 259200 values -- sanitizing to 0.0 (neutral logit). Results derived from this run are faithful only up to this event.
16-Aug-26 05:20:26 - epoch 90: Non-finite (NaN/Inf) detected in edge_logits_vl (Phase 2): 259200 of 259200 values -- sanitizing to 0.0 (neutral logit). Results derived from this run are faithful only up to this event.
16-Aug-26 05:20:28 - epoch 90: Non-finite (NaN/Inf) detected in edge_logits_vl (Phase 1): 259200 of 259200 values -- sanitizing to 0.0 (neutral logit). Results derived from this run are faithful only up to this event.
16-Aug-26 05:20:29 - epoch 90: Non-finite (NaN/Inf) detected in edge_logits_vl (Phase 2): 259200 of 259200 values -- sanitizing to 0.0 (neutral logit). Results derived from this run are faithful only up to this event.
16-Aug-26 05:20:31 - epoch 90: Non-finite (NaN/Inf) detected in edge_logits_vl (Phase 1): 259200 of 259200 values -- sanitizing to 0.0 (neutral logit). Results derived from this run are faithful only up to this event.
16-Aug-26 05:20:32 - epoch 90: Non-finite (NaN/Inf) detected in edge_logits_vl (Phase 2): 259200 of 259200 values -- sanitizing to 0.0 (neutral logit). Results derived from this run are faithful only up to this event.
16-Aug-26 05:20:34 - epoch 90: Non-finite (NaN/Inf) detected in edge_logits_vl (Phase 1): 226800 of 226800 values -- sanitizing to 0.0 (neutral logit). Results derived from this run are faithful only up to this event.
16-Aug-26 05:20:35 - epoch 90: Non-finite (NaN/Inf) detected in edge_logits_vl (Phase 2): 226800 of 226800 values -- sanitizing to 0.0 (neutral logit). Results derived from this run are faithful only up to this event.
16-Aug-26 05:20:36 - Epoch 90, Model Loss 1.9854635254608537, View Loss nan, Reg 0.5000346879081248
/users/3171356m/miniconda3/envs/grastiacl/lib/python3.12/site-packages/torch_geometric/data/in_memory_dataset.py:300: UserWarning: It is not recommended to directly access the internal storage format `data` of an 'InMemoryDataset'. The data of the dataset is already cached, so any modifications to `data` will not be reflected when accessing its elements. Clearing the cache now by removing all elements in `dataset._data_list`. If you are absolutely certain what you are doing, access the internal storage via `InMemoryDataset._data` instead to suppress this warning. Alternatively, you can access stacked individual attributes of every graph via `dataset.{attr_name}`.
  warnings.warn(msg)
16-Aug-26 05:21:17 - Metric: accuracy Train_mean: 0.5743755549137277 Val_mean: 0.5215686274509804 Test_mean: 0.5146596858638743
16-Aug-26 05:21:17 - Metric: accuracy Train_std: 0.01126413109678383 Val_std: 0.04720384336017722 Test_std: 0.03902543487661615
16-Aug-26 05:21:17 - Metric: f1 Train_mean: 0.5110723740609777 Val_mean: 0.48348855383453604 Test_mean: 0.46242601626563024
16-Aug-26 05:21:17 - Metric: f1 Train_std: 0.030773419497660732 Val_std: 0.06913629803618687 Test_std: 0.05033226293789795
16-Aug-26 05:21:17 - Metric: sen Train_mean: 0.4701030911680307 Val_mean: 0.47671232223681753 Test_mean: 0.44175823690375565
16-Aug-26 05:21:17 - Metric: sen Train_std: 0.04708781601127387 Val_std: 0.0985540027518901 Test_std: 0.06608042291504111
16-Aug-26 05:21:17 - Metric: spe Train_mean: 0.6689622253290033 Val_mean: 0.5624999929687501 Test_mean: 0.5809702912301951
16-Aug-26 05:21:17 - Metric: spe Train_std: 0.03742461853598691 Val_std: 0.06754627958620299 Test_std: 0.07312950302605867
16-Aug-26 05:21:17 - Metric: precision Train_mean: 0.563183293319732 Val_mean: 0.4968496907434945 Test_mean: 0.4902137180257798
16-Aug-26 05:21:17 - Metric: precision Train_std: 0.013564758024656324 Val_std: 0.047397726178294707 Test_std: 0.04412747512254969
16-Aug-26 05:21:17 - epoch 91: Non-finite (NaN/Inf) detected in edge_logits_vl (Phase 1): 259200 of 259200 values -- sanitizing to 0.0 (neutral logit). Results derived from this run are faithful only up to this event.
16-Aug-26 05:21:19 - epoch 91: Non-finite (NaN/Inf) detected in edge_logits_vl (Phase 2): 259200 of 259200 values -- sanitizing to 0.0 (neutral logit). Results derived from this run are faithful only up to this event.
16-Aug-26 05:21:20 - epoch 91: Non-finite (NaN/Inf) detected in edge_logits_vl (Phase 1): 259200 of 259200 values -- sanitizing to 0.0 (neutral logit). Results derived from this run are faithful only up to this event.
16-Aug-26 05:21:22 - epoch 91: Non-finite (NaN/Inf) detected in edge_logits_vl (Phase 2): 259200 of 259200 values -- sanitizing to 0.0 (neutral logit). Results derived from this run are faithful only up to this event.
16-Aug-26 05:21:23 - epoch 91: Non-finite (NaN/Inf) detected in edge_logits_vl (Phase 1): 259200 of 259200 values -- sanitizing to 0.0 (neutral logit). Results derived from this run are faithful only up to this event.
16-Aug-26 05:21:24 - epoch 91: Non-finite (NaN/Inf) detected in edge_logits_vl (Phase 2): 259200 of 259200 values -- sanitizing to 0.0 (neutral logit). Results derived from this run are faithful only up to this event.
16-Aug-26 05:21:26 - epoch 91: Non-finite (NaN/Inf) detected in edge_logits_vl (Phase 1): 259200 of 259200 values -- sanitizing to 0.0 (neutral logit). Results derived from this run are faithful only up to this event.
16-Aug-26 05:21:27 - epoch 91: Non-finite (NaN/Inf) detected in edge_logits_vl (Phase 2): 259200 of 259200 values -- sanitizing to 0.0 (neutral logit). Results derived from this run are faithful only up to this event.
16-Aug-26 05:21:29 - epoch 91: Non-finite (NaN/Inf) detected in edge_logits_vl (Phase 1): 259200 of 259200 values -- sanitizing to 0.0 (neutral logit). Results derived from this run are faithful only up to this event.
16-Aug-26 05:21:30 - epoch 91: Non-finite (NaN/Inf) detected in edge_logits_vl (Phase 2): 259200 of 259200 values -- sanitizing to 0.0 (neutral logit). Results derived from this run are faithful only up to this event.
16-Aug-26 05:21:32 - epoch 91: Non-finite (NaN/Inf) detected in edge_logits_vl (Phase 1): 259200 of 259200 values -- sanitizing to 0.0 (neutral logit). Results derived from this run are faithful only up to this event.
16-Aug-26 05:21:33 - epoch 91: Non-finite (NaN/Inf) detected in edge_logits_vl (Phase 2): 259200 of 259200 values -- sanitizing to 0.0 (neutral logit). Results derived from this run are faithful only up to this event.
16-Aug-26 05:21:35 - epoch 91: Non-finite (NaN/Inf) detected in edge_logits_vl (Phase 1): 259200 of 259200 values -- sanitizing to 0.0 (neutral logit). Results derived from this run are faithful only up to this event.
16-Aug-26 05:21:36 - epoch 91: Non-finite (NaN/Inf) detected in edge_logits_vl (Phase 2): 259200 of 259200 values -- sanitizing to 0.0 (neutral logit). Results derived from this run are faithful only up to this event.
16-Aug-26 05:21:38 - epoch 91: Non-finite (NaN/Inf) detected in edge_logits_vl (Phase 1): 259200 of 259200 values -- sanitizing to 0.0 (neutral logit). Results derived from this run are faithful only up to this event.
16-Aug-26 05:21:39 - epoch 91: Non-finite (NaN/Inf) detected in edge_logits_vl (Phase 2): 259200 of 259200 values -- sanitizing to 0.0 (neutral logit). Results derived from this run are faithful only up to this event.
16-Aug-26 05:21:41 - epoch 91: Non-finite (NaN/Inf) detected in edge_logits_vl (Phase 1): 259200 of 259200 values -- sanitizing to 0.0 (neutral logit). Results derived from this run are faithful only up to this event.
16-Aug-26 05:21:42 - epoch 91: Non-finite (NaN/Inf) detected in edge_logits_vl (Phase 2): 259200 of 259200 values -- sanitizing to 0.0 (neutral logit). Results derived from this run are faithful only up to this event.
16-Aug-26 05:21:44 - epoch 91: Non-finite (NaN/Inf) detected in edge_logits_vl (Phase 1): 259200 of 259200 values -- sanitizing to 0.0 (neutral logit). Results derived from this run are faithful only up to this event.
16-Aug-26 05:21:45 - epoch 91: Non-finite (NaN/Inf) detected in edge_logits_vl (Phase 2): 259200 of 259200 values -- sanitizing to 0.0 (neutral logit). Results derived from this run are faithful only up to this event.
16-Aug-26 05:21:47 - epoch 91: Non-finite (NaN/Inf) detected in edge_logits_vl (Phase 1): 259200 of 259200 values -- sanitizing to 0.0 (neutral logit). Results derived from this run are faithful only up to this event.
16-Aug-26 05:21:48 - epoch 91: Non-finite (NaN/Inf) detected in edge_logits_vl (Phase 2): 259200 of 259200 values -- sanitizing to 0.0 (neutral logit). Results derived from this run are faithful only up to this event.
16-Aug-26 05:21:50 - epoch 91: Non-finite (NaN/Inf) detected in edge_logits_vl (Phase 1): 259200 of 259200 values -- sanitizing to 0.0 (neutral logit). Results derived from this run are faithful only up to this event.
16-Aug-26 05:21:51 - epoch 91: Non-finite (NaN/Inf) detected in edge_logits_vl (Phase 2): 259200 of 259200 values -- sanitizing to 0.0 (neutral logit). Results derived from this run are faithful only up to this event.
16-Aug-26 05:21:53 - epoch 91: Non-finite (NaN/Inf) detected in edge_logits_vl (Phase 1): 259200 of 259200 values -- sanitizing to 0.0 (neutral logit). Results derived from this run are faithful only up to this event.
16-Aug-26 05:21:54 - epoch 91: Non-finite (NaN/Inf) detected in edge_logits_vl (Phase 2): 259200 of 259200 values -- sanitizing to 0.0 (neutral logit). Results derived from this run are faithful only up to this event.
16-Aug-26 05:21:56 - epoch 91: Non-finite (NaN/Inf) detected in edge_logits_vl (Phase 1): 259200 of 259200 values -- sanitizing to 0.0 (neutral logit). Results derived from this run are faithful only up to this event.
16-Aug-26 05:21:57 - epoch 91: Non-finite (NaN/Inf) detected in edge_logits_vl (Phase 2): 259200 of 259200 values -- sanitizing to 0.0 (neutral logit). Results derived from this run are faithful only up to this event.
16-Aug-26 05:21:59 - epoch 91: Non-finite (NaN/Inf) detected in edge_logits_vl (Phase 1): 259200 of 259200 values -- sanitizing to 0.0 (neutral logit). Results derived from this run are faithful only up to this event.
16-Aug-26 05:22:00 - epoch 91: Non-finite (NaN/Inf) detected in edge_logits_vl (Phase 2): 259200 of 259200 values -- sanitizing to 0.0 (neutral logit). Results derived from this run are faithful only up to this event.
16-Aug-26 05:22:02 - epoch 91: Non-finite (NaN/Inf) detected in edge_logits_vl (Phase 1): 259200 of 259200 values -- sanitizing to 0.0 (neutral logit). Results derived from this run are faithful only up to this event.
16-Aug-26 05:22:03 - epoch 91: Non-finite (NaN/Inf) detected in edge_logits_vl (Phase 2): 259200 of 259200 values -- sanitizing to 0.0 (neutral logit). Results derived from this run are faithful only up to this event.
16-Aug-26 05:22:05 - epoch 91: Non-finite (NaN/Inf) detected in edge_logits_vl (Phase 1): 259200 of 259200 values -- sanitizing to 0.0 (neutral logit). Results derived from this run are faithful only up to this event.
16-Aug-26 05:22:06 - epoch 91: Non-finite (NaN/Inf) detected in edge_logits_vl (Phase 2): 259200 of 259200 values -- sanitizing to 0.0 (neutral logit). Results derived from this run are faithful only up to this event.
16-Aug-26 05:22:08 - epoch 91: Non-finite (NaN/Inf) detected in edge_logits_vl (Phase 1): 259200 of 259200 values -- sanitizing to 0.0 (neutral logit). Results derived from this run are faithful only up to this event.
16-Aug-26 05:22:09 - epoch 91: Non-finite (NaN/Inf) detected in edge_logits_vl (Phase 2): 259200 of 259200 values -- sanitizing to 0.0 (neutral logit). Results derived from this run are faithful only up to this event.
16-Aug-26 05:22:11 - epoch 91: Non-finite (NaN/Inf) detected in edge_logits_vl (Phase 1): 259200 of 259200 values -- sanitizing to 0.0 (neutral logit). Results derived from this run are faithful only up to this event.
16-Aug-26 05:22:12 - epoch 91: Non-finite (NaN/Inf) detected in edge_logits_vl (Phase 2): 259200 of 259200 values -- sanitizing to 0.0 (neutral logit). Results derived from this run are faithful only up to this event.
16-Aug-26 05:22:14 - epoch 91: Non-finite (NaN/Inf) detected in edge_logits_vl (Phase 1): 259200 of 259200 values -- sanitizing to 0.0 (neutral logit). Results derived from this run are faithful only up to this event.
16-Aug-26 05:22:15 - epoch 91: Non-finite (NaN/Inf) detected in edge_logits_vl (Phase 2): 259200 of 259200 values -- sanitizing to 0.0 (neutral logit). Results derived from this run are faithful only up to this event.
16-Aug-26 05:22:17 - epoch 91: Non-finite (NaN/Inf) detected in edge_logits_vl (Phase 1): 259200 of 259200 values -- sanitizing to 0.0 (neutral logit). Results derived from this run are faithful only up to this event.
16-Aug-26 05:22:19 - epoch 91: Non-finite (NaN/Inf) detected in edge_logits_vl (Phase 2): 259200 of 259200 values -- sanitizing to 0.0 (neutral logit). Results derived from this run are faithful only up to this event.
16-Aug-26 05:22:20 - epoch 91: Non-finite (NaN/Inf) detected in edge_logits_vl (Phase 1): 259200 of 259200 values -- sanitizing to 0.0 (neutral logit). Results derived from this run are faithful only up to this event.
16-Aug-26 05:22:22 - epoch 91: Non-finite (NaN/Inf) detected in edge_logits_vl (Phase 2): 259200 of 259200 values -- sanitizing to 0.0 (neutral logit). Results derived from this run are faithful only up to this event.
16-Aug-26 05:22:23 - epoch 91: Non-finite (NaN/Inf) detected in edge_logits_vl (Phase 1): 259200 of 259200 values -- sanitizing to 0.0 (neutral logit). Results derived from this run are faithful only up to this event.
16-Aug-26 05:22:25 - epoch 91: Non-finite (NaN/Inf) detected in edge_logits_vl (Phase 2): 259200 of 259200 values -- sanitizing to 0.0 (neutral logit). Results derived from this run are faithful only up to this event.
16-Aug-26 05:22:26 - epoch 91: Non-finite (NaN/Inf) detected in edge_logits_vl (Phase 1): 259200 of 259200 values -- sanitizing to 0.0 (neutral logit). Results derived from this run are faithful only up to this event.
16-Aug-26 05:22:28 - epoch 91: Non-finite (NaN/Inf) detected in edge_logits_vl (Phase 2): 259200 of 259200 values -- sanitizing to 0.0 (neutral logit). Results derived from this run are faithful only up to this event.
16-Aug-26 05:22:29 - epoch 91: Non-finite (NaN/Inf) detected in edge_logits_vl (Phase 1): 259200 of 259200 values -- sanitizing to 0.0 (neutral logit). Results derived from this run are faithful only up to this event.
16-Aug-26 05:22:31 - epoch 91: Non-finite (NaN/Inf) detected in edge_logits_vl (Phase 2): 259200 of 259200 values -- sanitizing to 0.0 (neutral logit). Results derived from this run are faithful only up to this event.
16-Aug-26 05:22:32 - epoch 91: Non-finite (NaN/Inf) detected in edge_logits_vl (Phase 1): 259200 of 259200 values -- sanitizing to 0.0 (neutral logit). Results derived from this run are faithful only up to this event.
16-Aug-26 05:22:34 - epoch 91: Non-finite (NaN/Inf) detected in edge_logits_vl (Phase 2): 259200 of 259200 values -- sanitizing to 0.0 (neutral logit). Results derived from this run are faithful only up to this event.
16-Aug-26 05:22:35 - epoch 91: Non-finite (NaN/Inf) detected in edge_logits_vl (Phase 1): 259200 of 259200 values -- sanitizing to 0.0 (neutral logit). Results derived from this run are faithful only up to this event.
16-Aug-26 05:22:37 - epoch 91: Non-finite (NaN/Inf) detected in edge_logits_vl (Phase 2): 259200 of 259200 values -- sanitizing to 0.0 (neutral logit). Results derived from this run are faithful only up to this event.
16-Aug-26 05:22:38 - epoch 91: Non-finite (NaN/Inf) detected in edge_logits_vl (Phase 1): 259200 of 259200 values -- sanitizing to 0.0 (neutral logit). Results derived from this run are faithful only up to this event.
16-Aug-26 05:22:40 - epoch 91: Non-finite (NaN/Inf) detected in edge_logits_vl (Phase 2): 259200 of 259200 values -- sanitizing to 0.0 (neutral logit). Results derived from this run are faithful only up to this event.
16-Aug-26 05:22:41 - epoch 91: Non-finite (NaN/Inf) detected in edge_logits_vl (Phase 1): 259200 of 259200 values -- sanitizing to 0.0 (neutral logit). Results derived from this run are faithful only up to this event.
16-Aug-26 05:22:43 - epoch 91: Non-finite (NaN/Inf) detected in edge_logits_vl (Phase 2): 259200 of 259200 values -- sanitizing to 0.0 (neutral logit). Results derived from this run are faithful only up to this event.
16-Aug-26 05:22:44 - epoch 91: Non-finite (NaN/Inf) detected in edge_logits_vl (Phase 1): 226800 of 226800 values -- sanitizing to 0.0 (neutral logit). Results derived from this run are faithful only up to this event.
16-Aug-26 05:22:46 - epoch 91: Non-finite (NaN/Inf) detected in edge_logits_vl (Phase 2): 226800 of 226800 values -- sanitizing to 0.0 (neutral logit). Results derived from this run are faithful only up to this event.
16-Aug-26 05:22:46 - Epoch 91, Model Loss 2.032311174660048, View Loss nan, Reg 0.5000434131303093
16-Aug-26 05:22:47 - epoch 92: Non-finite (NaN/Inf) detected in edge_logits_vl (Phase 1): 259200 of 259200 values -- sanitizing to 0.0 (neutral logit). Results derived from this run are faithful only up to this event.
16-Aug-26 05:22:48 - epoch 92: Non-finite (NaN/Inf) detected in edge_logits_vl (Phase 2): 259200 of 259200 values -- sanitizing to 0.0 (neutral logit). Results derived from this run are faithful only up to this event.
16-Aug-26 05:22:50 - epoch 92: Non-finite (NaN/Inf) detected in edge_logits_vl (Phase 1): 259200 of 259200 values -- sanitizing to 0.0 (neutral logit). Results derived from this run are faithful only up to this event.
16-Aug-26 05:22:51 - epoch 92: Non-finite (NaN/Inf) detected in edge_logits_vl (Phase 2): 259200 of 259200 values -- sanitizing to 0.0 (neutral logit). Results derived from this run are faithful only up to this event.
16-Aug-26 05:22:53 - epoch 92: Non-finite (NaN/Inf) detected in edge_logits_vl (Phase 1): 259200 of 259200 values -- sanitizing to 0.0 (neutral logit). Results derived from this run are faithful only up to this event.
16-Aug-26 05:22:54 - epoch 92: Non-finite (NaN/Inf) detected in edge_logits_vl (Phase 2): 259200 of 259200 values -- sanitizing to 0.0 (neutral logit). Results derived from this run are faithful only up to this event.
16-Aug-26 05:22:55 - epoch 92: Non-finite (NaN/Inf) detected in edge_logits_vl (Phase 1): 259200 of 259200 values -- sanitizing to 0.0 (neutral logit). Results derived from this run are faithful only up to this event.
16-Aug-26 05:22:57 - epoch 92: Non-finite (NaN/Inf) detected in edge_logits_vl (Phase 2): 259200 of 259200 values -- sanitizing to 0.0 (neutral logit). Results derived from this run are faithful only up to this event.
16-Aug-26 05:22:58 - epoch 92: Non-finite (NaN/Inf) detected in edge_logits_vl (Phase 1): 259200 of 259200 values -- sanitizing to 0.0 (neutral logit). Results derived from this run are faithful only up to this event.
16-Aug-26 05:23:00 - epoch 92: Non-finite (NaN/Inf) detected in edge_logits_vl (Phase 2): 259200 of 259200 values -- sanitizing to 0.0 (neutral logit). Results derived from this run are faithful only up to this event.
16-Aug-26 05:23:01 - epoch 92: Non-finite (NaN/Inf) detected in edge_logits_vl (Phase 1): 259200 of 259200 values -- sanitizing to 0.0 (neutral logit). Results derived from this run are faithful only up to this event.
16-Aug-26 05:23:03 - epoch 92: Non-finite (NaN/Inf) detected in edge_logits_vl (Phase 2): 259200 of 259200 values -- sanitizing to 0.0 (neutral logit). Results derived from this run are faithful only up to this event.
16-Aug-26 05:23:04 - epoch 92: Non-finite (NaN/Inf) detected in edge_logits_vl (Phase 1): 259200 of 259200 values -- sanitizing to 0.0 (neutral logit). Results derived from this run are faithful only up to this event.
16-Aug-26 05:23:06 - epoch 92: Non-finite (NaN/Inf) detected in edge_logits_vl (Phase 2): 259200 of 259200 values -- sanitizing to 0.0 (neutral logit). Results derived from this run are faithful only up to this event.
16-Aug-26 05:23:07 - epoch 92: Non-finite (NaN/Inf) detected in edge_logits_vl (Phase 1): 259200 of 259200 values -- sanitizing to 0.0 (neutral logit). Results derived from this run are faithful only up to this event.
16-Aug-26 05:23:09 - epoch 92: Non-finite (NaN/Inf) detected in edge_logits_vl (Phase 2): 259200 of 259200 values -- sanitizing to 0.0 (neutral logit). Results derived from this run are faithful only up to this event.
16-Aug-26 05:23:10 - epoch 92: Non-finite (NaN/Inf) detected in edge_logits_vl (Phase 1): 259200 of 259200 values -- sanitizing to 0.0 (neutral logit). Results derived from this run are faithful only up to this event.
16-Aug-26 05:23:12 - epoch 92: Non-finite (NaN/Inf) detected in edge_logits_vl (Phase 2): 259200 of 259200 values -- sanitizing to 0.0 (neutral logit). Results derived from this run are faithful only up to this event.
16-Aug-26 05:23:13 - epoch 92: Non-finite (NaN/Inf) detected in edge_logits_vl (Phase 1): 259200 of 259200 values -- sanitizing to 0.0 (neutral logit). Results derived from this run are faithful only up to this event.
16-Aug-26 05:23:15 - epoch 92: Non-finite (NaN/Inf) detected in edge_logits_vl (Phase 2): 259200 of 259200 values -- sanitizing to 0.0 (neutral logit). Results derived from this run are faithful only up to this event.
16-Aug-26 05:23:16 - epoch 92: Non-finite (NaN/Inf) detected in edge_logits_vl (Phase 1): 259200 of 259200 values -- sanitizing to 0.0 (neutral logit). Results derived from this run are faithful only up to this event.
16-Aug-26 05:23:18 - epoch 92: Non-finite (NaN/Inf) detected in edge_logits_vl (Phase 2): 259200 of 259200 values -- sanitizing to 0.0 (neutral logit). Results derived from this run are faithful only up to this event.
16-Aug-26 05:23:19 - epoch 92: Non-finite (NaN/Inf) detected in edge_logits_vl (Phase 1): 259200 of 259200 values -- sanitizing to 0.0 (neutral logit). Results derived from this run are faithful only up to this event.
16-Aug-26 05:23:21 - epoch 92: Non-finite (NaN/Inf) detected in edge_logits_vl (Phase 2): 259200 of 259200 values -- sanitizing to 0.0 (neutral logit). Results derived from this run are faithful only up to this event.
16-Aug-26 05:23:22 - epoch 92: Non-finite (NaN/Inf) detected in edge_logits_vl (Phase 1): 259200 of 259200 values -- sanitizing to 0.0 (neutral logit). Results derived from this run are faithful only up to this event.
16-Aug-26 05:23:24 - epoch 92: Non-finite (NaN/Inf) detected in edge_logits_vl (Phase 2): 259200 of 259200 values -- sanitizing to 0.0 (neutral logit). Results derived from this run are faithful only up to this event.
16-Aug-26 05:23:25 - epoch 92: Non-finite (NaN/Inf) detected in edge_logits_vl (Phase 1): 259200 of 259200 values -- sanitizing to 0.0 (neutral logit). Results derived from this run are faithful only up to this event.
16-Aug-26 05:23:27 - epoch 92: Non-finite (NaN/Inf) detected in edge_logits_vl (Phase 2): 259200 of 259200 values -- sanitizing to 0.0 (neutral logit). Results derived from this run are faithful only up to this event.
16-Aug-26 05:23:28 - epoch 92: Non-finite (NaN/Inf) detected in edge_logits_vl (Phase 1): 259200 of 259200 values -- sanitizing to 0.0 (neutral logit). Results derived from this run are faithful only up to this event.
16-Aug-26 05:23:30 - epoch 92: Non-finite (NaN/Inf) detected in edge_logits_vl (Phase 2): 259200 of 259200 values -- sanitizing to 0.0 (neutral logit). Results derived from this run are faithful only up to this event.
16-Aug-26 05:23:31 - epoch 92: Non-finite (NaN/Inf) detected in edge_logits_vl (Phase 1): 259200 of 259200 values -- sanitizing to 0.0 (neutral logit). Results derived from this run are faithful only up to this event.
16-Aug-26 05:23:33 - epoch 92: Non-finite (NaN/Inf) detected in edge_logits_vl (Phase 2): 259200 of 259200 values -- sanitizing to 0.0 (neutral logit). Results derived from this run are faithful only up to this event.
16-Aug-26 05:23:34 - epoch 92: Non-finite (NaN/Inf) detected in edge_logits_vl (Phase 1): 259200 of 259200 values -- sanitizing to 0.0 (neutral logit). Results derived from this run are faithful only up to this event.
16-Aug-26 05:23:36 - epoch 92: Non-finite (NaN/Inf) detected in edge_logits_vl (Phase 2): 259200 of 259200 values -- sanitizing to 0.0 (neutral logit). Results derived from this run are faithful only up to this event.
16-Aug-26 05:23:37 - epoch 92: Non-finite (NaN/Inf) detected in edge_logits_vl (Phase 1): 259200 of 259200 values -- sanitizing to 0.0 (neutral logit). Results derived from this run are faithful only up to this event.
16-Aug-26 05:23:39 - epoch 92: Non-finite (NaN/Inf) detected in edge_logits_vl (Phase 2): 259200 of 259200 values -- sanitizing to 0.0 (neutral logit). Results derived from this run are faithful only up to this event.
16-Aug-26 05:23:41 - epoch 92: Non-finite (NaN/Inf) detected in edge_logits_vl (Phase 1): 259200 of 259200 values -- sanitizing to 0.0 (neutral logit). Results derived from this run are faithful only up to this event.
16-Aug-26 05:23:42 - epoch 92: Non-finite (NaN/Inf) detected in edge_logits_vl (Phase 2): 259200 of 259200 values -- sanitizing to 0.0 (neutral logit). Results derived from this run are faithful only up to this event.
16-Aug-26 05:23:44 - epoch 92: Non-finite (NaN/Inf) detected in edge_logits_vl (Phase 1): 259200 of 259200 values -- sanitizing to 0.0 (neutral logit). Results derived from this run are faithful only up to this event.
16-Aug-26 05:23:45 - epoch 92: Non-finite (NaN/Inf) detected in edge_logits_vl (Phase 2): 259200 of 259200 values -- sanitizing to 0.0 (neutral logit). Results derived from this run are faithful only up to this event.
16-Aug-26 05:23:47 - epoch 92: Non-finite (NaN/Inf) detected in edge_logits_vl (Phase 1): 259200 of 259200 values -- sanitizing to 0.0 (neutral logit). Results derived from this run are faithful only up to this event.
16-Aug-26 05:23:48 - epoch 92: Non-finite (NaN/Inf) detected in edge_logits_vl (Phase 2): 259200 of 259200 values -- sanitizing to 0.0 (neutral logit). Results derived from this run are faithful only up to this event.
16-Aug-26 05:23:50 - epoch 92: Non-finite (NaN/Inf) detected in edge_logits_vl (Phase 1): 259200 of 259200 values -- sanitizing to 0.0 (neutral logit). Results derived from this run are faithful only up to this event.
16-Aug-26 05:23:51 - epoch 92: Non-finite (NaN/Inf) detected in edge_logits_vl (Phase 2): 259200 of 259200 values -- sanitizing to 0.0 (neutral logit). Results derived from this run are faithful only up to this event.
16-Aug-26 05:23:53 - epoch 92: Non-finite (NaN/Inf) detected in edge_logits_vl (Phase 1): 259200 of 259200 values -- sanitizing to 0.0 (neutral logit). Results derived from this run are faithful only up to this event.
16-Aug-26 05:23:54 - epoch 92: Non-finite (NaN/Inf) detected in edge_logits_vl (Phase 2): 259200 of 259200 values -- sanitizing to 0.0 (neutral logit). Results derived from this run are faithful only up to this event.
16-Aug-26 05:23:56 - epoch 92: Non-finite (NaN/Inf) detected in edge_logits_vl (Phase 1): 259200 of 259200 values -- sanitizing to 0.0 (neutral logit). Results derived from this run are faithful only up to this event.
16-Aug-26 05:23:57 - epoch 92: Non-finite (NaN/Inf) detected in edge_logits_vl (Phase 2): 259200 of 259200 values -- sanitizing to 0.0 (neutral logit). Results derived from this run are faithful only up to this event.
16-Aug-26 05:23:59 - epoch 92: Non-finite (NaN/Inf) detected in edge_logits_vl (Phase 1): 259200 of 259200 values -- sanitizing to 0.0 (neutral logit). Results derived from this run are faithful only up to this event.
16-Aug-26 05:24:00 - epoch 92: Non-finite (NaN/Inf) detected in edge_logits_vl (Phase 2): 259200 of 259200 values -- sanitizing to 0.0 (neutral logit). Results derived from this run are faithful only up to this event.
16-Aug-26 05:24:02 - epoch 92: Non-finite (NaN/Inf) detected in edge_logits_vl (Phase 1): 259200 of 259200 values -- sanitizing to 0.0 (neutral logit). Results derived from this run are faithful only up to this event.
16-Aug-26 05:24:03 - epoch 92: Non-finite (NaN/Inf) detected in edge_logits_vl (Phase 2): 259200 of 259200 values -- sanitizing to 0.0 (neutral logit). Results derived from this run are faithful only up to this event.
16-Aug-26 05:24:05 - epoch 92: Non-finite (NaN/Inf) detected in edge_logits_vl (Phase 1): 259200 of 259200 values -- sanitizing to 0.0 (neutral logit). Results derived from this run are faithful only up to this event.
16-Aug-26 05:24:06 - epoch 92: Non-finite (NaN/Inf) detected in edge_logits_vl (Phase 2): 259200 of 259200 values -- sanitizing to 0.0 (neutral logit). Results derived from this run are faithful only up to this event.
16-Aug-26 05:24:08 - epoch 92: Non-finite (NaN/Inf) detected in edge_logits_vl (Phase 1): 259200 of 259200 values -- sanitizing to 0.0 (neutral logit). Results derived from this run are faithful only up to this event.
16-Aug-26 05:24:09 - epoch 92: Non-finite (NaN/Inf) detected in edge_logits_vl (Phase 2): 259200 of 259200 values -- sanitizing to 0.0 (neutral logit). Results derived from this run are faithful only up to this event.
16-Aug-26 05:24:11 - epoch 92: Non-finite (NaN/Inf) detected in edge_logits_vl (Phase 1): 259200 of 259200 values -- sanitizing to 0.0 (neutral logit). Results derived from this run are faithful only up to this event.
16-Aug-26 05:24:12 - epoch 92: Non-finite (NaN/Inf) detected in edge_logits_vl (Phase 2): 259200 of 259200 values -- sanitizing to 0.0 (neutral logit). Results derived from this run are faithful only up to this event.
16-Aug-26 05:24:14 - epoch 92: Non-finite (NaN/Inf) detected in edge_logits_vl (Phase 1): 226800 of 226800 values -- sanitizing to 0.0 (neutral logit). Results derived from this run are faithful only up to this event.
16-Aug-26 05:24:15 - epoch 92: Non-finite (NaN/Inf) detected in edge_logits_vl (Phase 2): 226800 of 226800 values -- sanitizing to 0.0 (neutral logit). Results derived from this run are faithful only up to this event.
16-Aug-26 05:24:16 - Epoch 92, Model Loss 1.9719128399214485, View Loss nan, Reg 0.5000747605597125
16-Aug-26 05:24:17 - epoch 93: Non-finite (NaN/Inf) detected in edge_logits_vl (Phase 1): 259200 of 259200 values -- sanitizing to 0.0 (neutral logit). Results derived from this run are faithful only up to this event.
16-Aug-26 05:24:18 - epoch 93: Non-finite (NaN/Inf) detected in edge_logits_vl (Phase 2): 259200 of 259200 values -- sanitizing to 0.0 (neutral logit). Results derived from this run are faithful only up to this event.
16-Aug-26 05:24:19 - epoch 93: Non-finite (NaN/Inf) detected in edge_logits_vl (Phase 1): 259200 of 259200 values -- sanitizing to 0.0 (neutral logit). Results derived from this run are faithful only up to this event.
16-Aug-26 05:24:21 - epoch 93: Non-finite (NaN/Inf) detected in edge_logits_vl (Phase 2): 259200 of 259200 values -- sanitizing to 0.0 (neutral logit). Results derived from this run are faithful only up to this event.
16-Aug-26 05:24:22 - epoch 93: Non-finite (NaN/Inf) detected in edge_logits_vl (Phase 1): 259200 of 259200 values -- sanitizing to 0.0 (neutral logit). Results derived from this run are faithful only up to this event.
16-Aug-26 05:24:24 - epoch 93: Non-finite (NaN/Inf) detected in edge_logits_vl (Phase 2): 259200 of 259200 values -- sanitizing to 0.0 (neutral logit). Results derived from this run are faithful only up to this event.
16-Aug-26 05:24:25 - epoch 93: Non-finite (NaN/Inf) detected in edge_logits_vl (Phase 1): 259200 of 259200 values -- sanitizing to 0.0 (neutral logit). Results derived from this run are faithful only up to this event.
16-Aug-26 05:24:26 - epoch 93: Non-finite (NaN/Inf) detected in edge_logits_vl (Phase 2): 259200 of 259200 values -- sanitizing to 0.0 (neutral logit). Results derived from this run are faithful only up to this event.
16-Aug-26 05:24:28 - epoch 93: Non-finite (NaN/Inf) detected in edge_logits_vl (Phase 1): 259200 of 259200 values -- sanitizing to 0.0 (neutral logit). Results derived from this run are faithful only up to this event.
16-Aug-26 05:24:30 - epoch 93: Non-finite (NaN/Inf) detected in edge_logits_vl (Phase 2): 259200 of 259200 values -- sanitizing to 0.0 (neutral logit). Results derived from this run are faithful only up to this event.
16-Aug-26 05:24:31 - epoch 93: Non-finite (NaN/Inf) detected in edge_logits_vl (Phase 1): 259200 of 259200 values -- sanitizing to 0.0 (neutral logit). Results derived from this run are faithful only up to this event.
16-Aug-26 05:24:32 - epoch 93: Non-finite (NaN/Inf) detected in edge_logits_vl (Phase 2): 259200 of 259200 values -- sanitizing to 0.0 (neutral logit). Results derived from this run are faithful only up to this event.
16-Aug-26 05:24:34 - epoch 93: Non-finite (NaN/Inf) detected in edge_logits_vl (Phase 1): 259200 of 259200 values -- sanitizing to 0.0 (neutral logit). Results derived from this run are faithful only up to this event.
16-Aug-26 05:24:35 - epoch 93: Non-finite (NaN/Inf) detected in edge_logits_vl (Phase 2): 259200 of 259200 values -- sanitizing to 0.0 (neutral logit). Results derived from this run are faithful only up to this event.
16-Aug-26 05:24:37 - epoch 93: Non-finite (NaN/Inf) detected in edge_logits_vl (Phase 1): 259200 of 259200 values -- sanitizing to 0.0 (neutral logit). Results derived from this run are faithful only up to this event.
16-Aug-26 05:24:38 - epoch 93: Non-finite (NaN/Inf) detected in edge_logits_vl (Phase 2): 259200 of 259200 values -- sanitizing to 0.0 (neutral logit). Results derived from this run are faithful only up to this event.
16-Aug-26 05:24:40 - epoch 93: Non-finite (NaN/Inf) detected in edge_logits_vl (Phase 1): 259200 of 259200 values -- sanitizing to 0.0 (neutral logit). Results derived from this run are faithful only up to this event.
16-Aug-26 05:24:41 - epoch 93: Non-finite (NaN/Inf) detected in edge_logits_vl (Phase 2): 259200 of 259200 values -- sanitizing to 0.0 (neutral logit). Results derived from this run are faithful only up to this event.
16-Aug-26 05:24:43 - epoch 93: Non-finite (NaN/Inf) detected in edge_logits_vl (Phase 1): 259200 of 259200 values -- sanitizing to 0.0 (neutral logit). Results derived from this run are faithful only up to this event.
16-Aug-26 05:24:44 - epoch 93: Non-finite (NaN/Inf) detected in edge_logits_vl (Phase 2): 259200 of 259200 values -- sanitizing to 0.0 (neutral logit). Results derived from this run are faithful only up to this event.
16-Aug-26 05:24:46 - epoch 93: Non-finite (NaN/Inf) detected in edge_logits_vl (Phase 1): 259200 of 259200 values -- sanitizing to 0.0 (neutral logit). Results derived from this run are faithful only up to this event.
16-Aug-26 05:24:48 - epoch 93: Non-finite (NaN/Inf) detected in edge_logits_vl (Phase 2): 259200 of 259200 values -- sanitizing to 0.0 (neutral logit). Results derived from this run are faithful only up to this event.
16-Aug-26 05:24:49 - epoch 93: Non-finite (NaN/Inf) detected in edge_logits_vl (Phase 1): 259200 of 259200 values -- sanitizing to 0.0 (neutral logit). Results derived from this run are faithful only up to this event.
16-Aug-26 05:24:50 - epoch 93: Non-finite (NaN/Inf) detected in edge_logits_vl (Phase 2): 259200 of 259200 values -- sanitizing to 0.0 (neutral logit). Results derived from this run are faithful only up to this event.
16-Aug-26 05:24:52 - epoch 93: Non-finite (NaN/Inf) detected in edge_logits_vl (Phase 1): 259200 of 259200 values -- sanitizing to 0.0 (neutral logit). Results derived from this run are faithful only up to this event.
16-Aug-26 05:24:53 - epoch 93: Non-finite (NaN/Inf) detected in edge_logits_vl (Phase 2): 259200 of 259200 values -- sanitizing to 0.0 (neutral logit). Results derived from this run are faithful only up to this event.
16-Aug-26 05:24:55 - epoch 93: Non-finite (NaN/Inf) detected in edge_logits_vl (Phase 1): 259200 of 259200 values -- sanitizing to 0.0 (neutral logit). Results derived from this run are faithful only up to this event.
16-Aug-26 05:24:57 - epoch 93: Non-finite (NaN/Inf) detected in edge_logits_vl (Phase 2): 259200 of 259200 values -- sanitizing to 0.0 (neutral logit). Results derived from this run are faithful only up to this event.
16-Aug-26 05:24:58 - epoch 93: Non-finite (NaN/Inf) detected in edge_logits_vl (Phase 1): 259200 of 259200 values -- sanitizing to 0.0 (neutral logit). Results derived from this run are faithful only up to this event.
16-Aug-26 05:25:00 - epoch 93: Non-finite (NaN/Inf) detected in edge_logits_vl (Phase 2): 259200 of 259200 values -- sanitizing to 0.0 (neutral logit). Results derived from this run are faithful only up to this event.
16-Aug-26 05:25:01 - epoch 93: Non-finite (NaN/Inf) detected in edge_logits_vl (Phase 1): 259200 of 259200 values -- sanitizing to 0.0 (neutral logit). Results derived from this run are faithful only up to this event.
16-Aug-26 05:25:03 - epoch 93: Non-finite (NaN/Inf) detected in edge_logits_vl (Phase 2): 259200 of 259200 values -- sanitizing to 0.0 (neutral logit). Results derived from this run are faithful only up to this event.
16-Aug-26 05:25:04 - epoch 93: Non-finite (NaN/Inf) detected in edge_logits_vl (Phase 1): 259200 of 259200 values -- sanitizing to 0.0 (neutral logit). Results derived from this run are faithful only up to this event.
16-Aug-26 05:25:06 - epoch 93: Non-finite (NaN/Inf) detected in edge_logits_vl (Phase 2): 259200 of 259200 values -- sanitizing to 0.0 (neutral logit). Results derived from this run are faithful only up to this event.
16-Aug-26 05:25:07 - epoch 93: Non-finite (NaN/Inf) detected in edge_logits_vl (Phase 1): 259200 of 259200 values -- sanitizing to 0.0 (neutral logit). Results derived from this run are faithful only up to this event.
16-Aug-26 05:25:09 - epoch 93: Non-finite (NaN/Inf) detected in edge_logits_vl (Phase 2): 259200 of 259200 values -- sanitizing to 0.0 (neutral logit). Results derived from this run are faithful only up to this event.
16-Aug-26 05:25:10 - epoch 93: Non-finite (NaN/Inf) detected in edge_logits_vl (Phase 1): 259200 of 259200 values -- sanitizing to 0.0 (neutral logit). Results derived from this run are faithful only up to this event.
16-Aug-26 05:25:12 - epoch 93: Non-finite (NaN/Inf) detected in edge_logits_vl (Phase 2): 259200 of 259200 values -- sanitizing to 0.0 (neutral logit). Results derived from this run are faithful only up to this event.
16-Aug-26 05:25:13 - epoch 93: Non-finite (NaN/Inf) detected in edge_logits_vl (Phase 1): 259200 of 259200 values -- sanitizing to 0.0 (neutral logit). Results derived from this run are faithful only up to this event.
16-Aug-26 05:25:15 - epoch 93: Non-finite (NaN/Inf) detected in edge_logits_vl (Phase 2): 259200 of 259200 values -- sanitizing to 0.0 (neutral logit). Results derived from this run are faithful only up to this event.
16-Aug-26 05:25:16 - epoch 93: Non-finite (NaN/Inf) detected in edge_logits_vl (Phase 1): 259200 of 259200 values -- sanitizing to 0.0 (neutral logit). Results derived from this run are faithful only up to this event.
16-Aug-26 05:25:18 - epoch 93: Non-finite (NaN/Inf) detected in edge_logits_vl (Phase 2): 259200 of 259200 values -- sanitizing to 0.0 (neutral logit). Results derived from this run are faithful only up to this event.
16-Aug-26 05:25:19 - epoch 93: Non-finite (NaN/Inf) detected in edge_logits_vl (Phase 1): 259200 of 259200 values -- sanitizing to 0.0 (neutral logit). Results derived from this run are faithful only up to this event.
16-Aug-26 05:25:21 - epoch 93: Non-finite (NaN/Inf) detected in edge_logits_vl (Phase 2): 259200 of 259200 values -- sanitizing to 0.0 (neutral logit). Results derived from this run are faithful only up to this event.
16-Aug-26 05:25:22 - epoch 93: Non-finite (NaN/Inf) detected in edge_logits_vl (Phase 1): 259200 of 259200 values -- sanitizing to 0.0 (neutral logit). Results derived from this run are faithful only up to this event.
16-Aug-26 05:25:24 - epoch 93: Non-finite (NaN/Inf) detected in edge_logits_vl (Phase 2): 259200 of 259200 values -- sanitizing to 0.0 (neutral logit). Results derived from this run are faithful only up to this event.
16-Aug-26 05:25:25 - epoch 93: Non-finite (NaN/Inf) detected in edge_logits_vl (Phase 1): 259200 of 259200 values -- sanitizing to 0.0 (neutral logit). Results derived from this run are faithful only up to this event.
16-Aug-26 05:25:27 - epoch 93: Non-finite (NaN/Inf) detected in edge_logits_vl (Phase 2): 259200 of 259200 values -- sanitizing to 0.0 (neutral logit). Results derived from this run are faithful only up to this event.
16-Aug-26 05:25:28 - epoch 93: Non-finite (NaN/Inf) detected in edge_logits_vl (Phase 1): 259200 of 259200 values -- sanitizing to 0.0 (neutral logit). Results derived from this run are faithful only up to this event.
16-Aug-26 05:25:30 - epoch 93: Non-finite (NaN/Inf) detected in edge_logits_vl (Phase 2): 259200 of 259200 values -- sanitizing to 0.0 (neutral logit). Results derived from this run are faithful only up to this event.
16-Aug-26 05:25:31 - epoch 93: Non-finite (NaN/Inf) detected in edge_logits_vl (Phase 1): 259200 of 259200 values -- sanitizing to 0.0 (neutral logit). Results derived from this run are faithful only up to this event.
16-Aug-26 05:25:33 - epoch 93: Non-finite (NaN/Inf) detected in edge_logits_vl (Phase 2): 259200 of 259200 values -- sanitizing to 0.0 (neutral logit). Results derived from this run are faithful only up to this event.
16-Aug-26 05:25:34 - epoch 93: Non-finite (NaN/Inf) detected in edge_logits_vl (Phase 1): 259200 of 259200 values -- sanitizing to 0.0 (neutral logit). Results derived from this run are faithful only up to this event.
16-Aug-26 05:25:36 - epoch 93: Non-finite (NaN/Inf) detected in edge_logits_vl (Phase 2): 259200 of 259200 values -- sanitizing to 0.0 (neutral logit). Results derived from this run are faithful only up to this event.
16-Aug-26 05:25:38 - epoch 93: Non-finite (NaN/Inf) detected in edge_logits_vl (Phase 1): 259200 of 259200 values -- sanitizing to 0.0 (neutral logit). Results derived from this run are faithful only up to this event.
16-Aug-26 05:25:39 - epoch 93: Non-finite (NaN/Inf) detected in edge_logits_vl (Phase 2): 259200 of 259200 values -- sanitizing to 0.0 (neutral logit). Results derived from this run are faithful only up to this event.
16-Aug-26 05:25:40 - epoch 93: Non-finite (NaN/Inf) detected in edge_logits_vl (Phase 1): 259200 of 259200 values -- sanitizing to 0.0 (neutral logit). Results derived from this run are faithful only up to this event.
16-Aug-26 05:25:42 - epoch 93: Non-finite (NaN/Inf) detected in edge_logits_vl (Phase 2): 259200 of 259200 values -- sanitizing to 0.0 (neutral logit). Results derived from this run are faithful only up to this event.
16-Aug-26 05:25:43 - epoch 93: Non-finite (NaN/Inf) detected in edge_logits_vl (Phase 1): 226800 of 226800 values -- sanitizing to 0.0 (neutral logit). Results derived from this run are faithful only up to this event.
16-Aug-26 05:25:45 - epoch 93: Non-finite (NaN/Inf) detected in edge_logits_vl (Phase 2): 226800 of 226800 values -- sanitizing to 0.0 (neutral logit). Results derived from this run are faithful only up to this event.
16-Aug-26 05:25:46 - Epoch 93, Model Loss 1.9366066650366682, View Loss nan, Reg 0.49994806627349375
16-Aug-26 05:25:46 - epoch 94: Non-finite (NaN/Inf) detected in edge_logits_vl (Phase 1): 259200 of 259200 values -- sanitizing to 0.0 (neutral logit). Results derived from this run are faithful only up to this event.
16-Aug-26 05:25:48 - epoch 94: Non-finite (NaN/Inf) detected in edge_logits_vl (Phase 2): 259200 of 259200 values -- sanitizing to 0.0 (neutral logit). Results derived from this run are faithful only up to this event.
16-Aug-26 05:25:49 - epoch 94: Non-finite (NaN/Inf) detected in edge_logits_vl (Phase 1): 259200 of 259200 values -- sanitizing to 0.0 (neutral logit). Results derived from this run are faithful only up to this event.
16-Aug-26 05:25:50 - epoch 94: Non-finite (NaN/Inf) detected in edge_logits_vl (Phase 2): 259200 of 259200 values -- sanitizing to 0.0 (neutral logit). Results derived from this run are faithful only up to this event.
16-Aug-26 05:25:52 - epoch 94: Non-finite (NaN/Inf) detected in edge_logits_vl (Phase 1): 259200 of 259200 values -- sanitizing to 0.0 (neutral logit). Results derived from this run are faithful only up to this event.
16-Aug-26 05:25:53 - epoch 94: Non-finite (NaN/Inf) detected in edge_logits_vl (Phase 2): 259200 of 259200 values -- sanitizing to 0.0 (neutral logit). Results derived from this run are faithful only up to this event.
16-Aug-26 05:25:55 - epoch 94: Non-finite (NaN/Inf) detected in edge_logits_vl (Phase 1): 259200 of 259200 values -- sanitizing to 0.0 (neutral logit). Results derived from this run are faithful only up to this event.
16-Aug-26 05:25:56 - epoch 94: Non-finite (NaN/Inf) detected in edge_logits_vl (Phase 2): 259200 of 259200 values -- sanitizing to 0.0 (neutral logit). Results derived from this run are faithful only up to this event.
16-Aug-26 05:25:58 - epoch 94: Non-finite (NaN/Inf) detected in edge_logits_vl (Phase 1): 259200 of 259200 values -- sanitizing to 0.0 (neutral logit). Results derived from this run are faithful only up to this event.
16-Aug-26 05:25:59 - epoch 94: Non-finite (NaN/Inf) detected in edge_logits_vl (Phase 2): 259200 of 259200 values -- sanitizing to 0.0 (neutral logit). Results derived from this run are faithful only up to this event.
16-Aug-26 05:26:01 - epoch 94: Non-finite (NaN/Inf) detected in edge_logits_vl (Phase 1): 259200 of 259200 values -- sanitizing to 0.0 (neutral logit). Results derived from this run are faithful only up to this event.
16-Aug-26 05:26:02 - epoch 94: Non-finite (NaN/Inf) detected in edge_logits_vl (Phase 2): 259200 of 259200 values -- sanitizing to 0.0 (neutral logit). Results derived from this run are faithful only up to this event.
16-Aug-26 05:26:04 - epoch 94: Non-finite (NaN/Inf) detected in edge_logits_vl (Phase 1): 259200 of 259200 values -- sanitizing to 0.0 (neutral logit). Results derived from this run are faithful only up to this event.
16-Aug-26 05:26:05 - epoch 94: Non-finite (NaN/Inf) detected in edge_logits_vl (Phase 2): 259200 of 259200 values -- sanitizing to 0.0 (neutral logit). Results derived from this run are faithful only up to this event.
16-Aug-26 05:26:07 - epoch 94: Non-finite (NaN/Inf) detected in edge_logits_vl (Phase 1): 259200 of 259200 values -- sanitizing to 0.0 (neutral logit). Results derived from this run are faithful only up to this event.
16-Aug-26 05:26:08 - epoch 94: Non-finite (NaN/Inf) detected in edge_logits_vl (Phase 2): 259200 of 259200 values -- sanitizing to 0.0 (neutral logit). Results derived from this run are faithful only up to this event.
16-Aug-26 05:26:10 - epoch 94: Non-finite (NaN/Inf) detected in edge_logits_vl (Phase 1): 259200 of 259200 values -- sanitizing to 0.0 (neutral logit). Results derived from this run are faithful only up to this event.
16-Aug-26 05:26:11 - epoch 94: Non-finite (NaN/Inf) detected in edge_logits_vl (Phase 2): 259200 of 259200 values -- sanitizing to 0.0 (neutral logit). Results derived from this run are faithful only up to this event.
16-Aug-26 05:26:13 - epoch 94: Non-finite (NaN/Inf) detected in edge_logits_vl (Phase 1): 259200 of 259200 values -- sanitizing to 0.0 (neutral logit). Results derived from this run are faithful only up to this event.
16-Aug-26 05:26:14 - epoch 94: Non-finite (NaN/Inf) detected in edge_logits_vl (Phase 2): 259200 of 259200 values -- sanitizing to 0.0 (neutral logit). Results derived from this run are faithful only up to this event.
16-Aug-26 05:26:16 - epoch 94: Non-finite (NaN/Inf) detected in edge_logits_vl (Phase 1): 259200 of 259200 values -- sanitizing to 0.0 (neutral logit). Results derived from this run are faithful only up to this event.
16-Aug-26 05:26:17 - epoch 94: Non-finite (NaN/Inf) detected in edge_logits_vl (Phase 2): 259200 of 259200 values -- sanitizing to 0.0 (neutral logit). Results derived from this run are faithful only up to this event.
16-Aug-26 05:26:21 - epoch 94: Non-finite (NaN/Inf) detected in edge_logits_vl (Phase 1): 259200 of 259200 values -- sanitizing to 0.0 (neutral logit). Results derived from this run are faithful only up to this event.
16-Aug-26 05:26:24 - epoch 94: Non-finite (NaN/Inf) detected in edge_logits_vl (Phase 2): 259200 of 259200 values -- sanitizing to 0.0 (neutral logit). Results derived from this run are faithful only up to this event.
16-Aug-26 05:26:27 - epoch 94: Non-finite (NaN/Inf) detected in edge_logits_vl (Phase 1): 259200 of 259200 values -- sanitizing to 0.0 (neutral logit). Results derived from this run are faithful only up to this event.
16-Aug-26 05:26:29 - epoch 94: Non-finite (NaN/Inf) detected in edge_logits_vl (Phase 2): 259200 of 259200 values -- sanitizing to 0.0 (neutral logit). Results derived from this run are faithful only up to this event.
16-Aug-26 05:26:31 - epoch 94: Non-finite (NaN/Inf) detected in edge_logits_vl (Phase 1): 259200 of 259200 values -- sanitizing to 0.0 (neutral logit). Results derived from this run are faithful only up to this event.
16-Aug-26 05:26:32 - epoch 94: Non-finite (NaN/Inf) detected in edge_logits_vl (Phase 2): 259200 of 259200 values -- sanitizing to 0.0 (neutral logit). Results derived from this run are faithful only up to this event.
16-Aug-26 05:26:34 - epoch 94: Non-finite (NaN/Inf) detected in edge_logits_vl (Phase 1): 259200 of 259200 values -- sanitizing to 0.0 (neutral logit). Results derived from this run are faithful only up to this event.
16-Aug-26 05:26:35 - epoch 94: Non-finite (NaN/Inf) detected in edge_logits_vl (Phase 2): 259200 of 259200 values -- sanitizing to 0.0 (neutral logit). Results derived from this run are faithful only up to this event.
16-Aug-26 05:26:37 - epoch 94: Non-finite (NaN/Inf) detected in edge_logits_vl (Phase 1): 259200 of 259200 values -- sanitizing to 0.0 (neutral logit). Results derived from this run are faithful only up to this event.
16-Aug-26 05:26:38 - epoch 94: Non-finite (NaN/Inf) detected in edge_logits_vl (Phase 2): 259200 of 259200 values -- sanitizing to 0.0 (neutral logit). Results derived from this run are faithful only up to this event.
16-Aug-26 05:26:40 - epoch 94: Non-finite (NaN/Inf) detected in edge_logits_vl (Phase 1): 259200 of 259200 values -- sanitizing to 0.0 (neutral logit). Results derived from this run are faithful only up to this event.
16-Aug-26 05:26:41 - epoch 94: Non-finite (NaN/Inf) detected in edge_logits_vl (Phase 2): 259200 of 259200 values -- sanitizing to 0.0 (neutral logit). Results derived from this run are faithful only up to this event.
16-Aug-26 05:26:43 - epoch 94: Non-finite (NaN/Inf) detected in edge_logits_vl (Phase 1): 259200 of 259200 values -- sanitizing to 0.0 (neutral logit). Results derived from this run are faithful only up to this event.
16-Aug-26 05:26:44 - epoch 94: Non-finite (NaN/Inf) detected in edge_logits_vl (Phase 2): 259200 of 259200 values -- sanitizing to 0.0 (neutral logit). Results derived from this run are faithful only up to this event.
16-Aug-26 05:26:46 - epoch 94: Non-finite (NaN/Inf) detected in edge_logits_vl (Phase 1): 259200 of 259200 values -- sanitizing to 0.0 (neutral logit). Results derived from this run are faithful only up to this event.
16-Aug-26 05:26:47 - epoch 94: Non-finite (NaN/Inf) detected in edge_logits_vl (Phase 2): 259200 of 259200 values -- sanitizing to 0.0 (neutral logit). Results derived from this run are faithful only up to this event.
16-Aug-26 05:26:49 - epoch 94: Non-finite (NaN/Inf) detected in edge_logits_vl (Phase 1): 259200 of 259200 values -- sanitizing to 0.0 (neutral logit). Results derived from this run are faithful only up to this event.
16-Aug-26 05:26:50 - epoch 94: Non-finite (NaN/Inf) detected in edge_logits_vl (Phase 2): 259200 of 259200 values -- sanitizing to 0.0 (neutral logit). Results derived from this run are faithful only up to this event.
16-Aug-26 05:26:52 - epoch 94: Non-finite (NaN/Inf) detected in edge_logits_vl (Phase 1): 259200 of 259200 values -- sanitizing to 0.0 (neutral logit). Results derived from this run are faithful only up to this event.
16-Aug-26 05:26:53 - epoch 94: Non-finite (NaN/Inf) detected in edge_logits_vl (Phase 2): 259200 of 259200 values -- sanitizing to 0.0 (neutral logit). Results derived from this run are faithful only up to this event.
16-Aug-26 05:26:55 - epoch 94: Non-finite (NaN/Inf) detected in edge_logits_vl (Phase 1): 259200 of 259200 values -- sanitizing to 0.0 (neutral logit). Results derived from this run are faithful only up to this event.
16-Aug-26 05:26:56 - epoch 94: Non-finite (NaN/Inf) detected in edge_logits_vl (Phase 2): 259200 of 259200 values -- sanitizing to 0.0 (neutral logit). Results derived from this run are faithful only up to this event.
16-Aug-26 05:26:58 - epoch 94: Non-finite (NaN/Inf) detected in edge_logits_vl (Phase 1): 259200 of 259200 values -- sanitizing to 0.0 (neutral logit). Results derived from this run are faithful only up to this event.
16-Aug-26 05:26:59 - epoch 94: Non-finite (NaN/Inf) detected in edge_logits_vl (Phase 2): 259200 of 259200 values -- sanitizing to 0.0 (neutral logit). Results derived from this run are faithful only up to this event.
16-Aug-26 05:27:01 - epoch 94: Non-finite (NaN/Inf) detected in edge_logits_vl (Phase 1): 259200 of 259200 values -- sanitizing to 0.0 (neutral logit). Results derived from this run are faithful only up to this event.
16-Aug-26 05:27:02 - epoch 94: Non-finite (NaN/Inf) detected in edge_logits_vl (Phase 2): 259200 of 259200 values -- sanitizing to 0.0 (neutral logit). Results derived from this run are faithful only up to this event.
16-Aug-26 05:27:04 - epoch 94: Non-finite (NaN/Inf) detected in edge_logits_vl (Phase 1): 259200 of 259200 values -- sanitizing to 0.0 (neutral logit). Results derived from this run are faithful only up to this event.
16-Aug-26 05:27:05 - epoch 94: Non-finite (NaN/Inf) detected in edge_logits_vl (Phase 2): 259200 of 259200 values -- sanitizing to 0.0 (neutral logit). Results derived from this run are faithful only up to this event.
16-Aug-26 05:27:07 - epoch 94: Non-finite (NaN/Inf) detected in edge_logits_vl (Phase 1): 259200 of 259200 values -- sanitizing to 0.0 (neutral logit). Results derived from this run are faithful only up to this event.
16-Aug-26 05:27:08 - epoch 94: Non-finite (NaN/Inf) detected in edge_logits_vl (Phase 2): 259200 of 259200 values -- sanitizing to 0.0 (neutral logit). Results derived from this run are faithful only up to this event.
16-Aug-26 05:27:10 - epoch 94: Non-finite (NaN/Inf) detected in edge_logits_vl (Phase 1): 259200 of 259200 values -- sanitizing to 0.0 (neutral logit). Results derived from this run are faithful only up to this event.
16-Aug-26 05:27:11 - epoch 94: Non-finite (NaN/Inf) detected in edge_logits_vl (Phase 2): 259200 of 259200 values -- sanitizing to 0.0 (neutral logit). Results derived from this run are faithful only up to this event.
16-Aug-26 05:27:13 - epoch 94: Non-finite (NaN/Inf) detected in edge_logits_vl (Phase 1): 259200 of 259200 values -- sanitizing to 0.0 (neutral logit). Results derived from this run are faithful only up to this event.
16-Aug-26 05:27:15 - epoch 94: Non-finite (NaN/Inf) detected in edge_logits_vl (Phase 2): 259200 of 259200 values -- sanitizing to 0.0 (neutral logit). Results derived from this run are faithful only up to this event.
16-Aug-26 05:27:16 - epoch 94: Non-finite (NaN/Inf) detected in edge_logits_vl (Phase 1): 259200 of 259200 values -- sanitizing to 0.0 (neutral logit). Results derived from this run are faithful only up to this event.
16-Aug-26 05:27:18 - epoch 94: Non-finite (NaN/Inf) detected in edge_logits_vl (Phase 2): 259200 of 259200 values -- sanitizing to 0.0 (neutral logit). Results derived from this run are faithful only up to this event.
16-Aug-26 05:27:19 - epoch 94: Non-finite (NaN/Inf) detected in edge_logits_vl (Phase 1): 226800 of 226800 values -- sanitizing to 0.0 (neutral logit). Results derived from this run are faithful only up to this event.
16-Aug-26 05:27:20 - epoch 94: Non-finite (NaN/Inf) detected in edge_logits_vl (Phase 2): 226800 of 226800 values -- sanitizing to 0.0 (neutral logit). Results derived from this run are faithful only up to this event.
16-Aug-26 05:27:21 - Epoch 94, Model Loss 1.9634097954219356, View Loss nan, Reg 0.5001877167234859
16-Aug-26 05:27:22 - epoch 95: Non-finite (NaN/Inf) detected in edge_logits_vl (Phase 1): 259200 of 259200 values -- sanitizing to 0.0 (neutral logit). Results derived from this run are faithful only up to this event.
16-Aug-26 05:27:23 - epoch 95: Non-finite (NaN/Inf) detected in edge_logits_vl (Phase 2): 259200 of 259200 values -- sanitizing to 0.0 (neutral logit). Results derived from this run are faithful only up to this event.
16-Aug-26 05:27:24 - epoch 95: Non-finite (NaN/Inf) detected in edge_logits_vl (Phase 1): 259200 of 259200 values -- sanitizing to 0.0 (neutral logit). Results derived from this run are faithful only up to this event.
16-Aug-26 05:27:26 - epoch 95: Non-finite (NaN/Inf) detected in edge_logits_vl (Phase 2): 259200 of 259200 values -- sanitizing to 0.0 (neutral logit). Results derived from this run are faithful only up to this event.
16-Aug-26 05:27:27 - epoch 95: Non-finite (NaN/Inf) detected in edge_logits_vl (Phase 1): 259200 of 259200 values -- sanitizing to 0.0 (neutral logit). Results derived from this run are faithful only up to this event.
16-Aug-26 05:27:29 - epoch 95: Non-finite (NaN/Inf) detected in edge_logits_vl (Phase 2): 259200 of 259200 values -- sanitizing to 0.0 (neutral logit). Results derived from this run are faithful only up to this event.
16-Aug-26 05:27:30 - epoch 95: Non-finite (NaN/Inf) detected in edge_logits_vl (Phase 1): 259200 of 259200 values -- sanitizing to 0.0 (neutral logit). Results derived from this run are faithful only up to this event.
16-Aug-26 05:27:32 - epoch 95: Non-finite (NaN/Inf) detected in edge_logits_vl (Phase 2): 259200 of 259200 values -- sanitizing to 0.0 (neutral logit). Results derived from this run are faithful only up to this event.
16-Aug-26 05:27:33 - epoch 95: Non-finite (NaN/Inf) detected in edge_logits_vl (Phase 1): 259200 of 259200 values -- sanitizing to 0.0 (neutral logit). Results derived from this run are faithful only up to this event.
16-Aug-26 05:27:35 - epoch 95: Non-finite (NaN/Inf) detected in edge_logits_vl (Phase 2): 259200 of 259200 values -- sanitizing to 0.0 (neutral logit). Results derived from this run are faithful only up to this event.
16-Aug-26 05:27:36 - epoch 95: Non-finite (NaN/Inf) detected in edge_logits_vl (Phase 1): 259200 of 259200 values -- sanitizing to 0.0 (neutral logit). Results derived from this run are faithful only up to this event.
16-Aug-26 05:27:38 - epoch 95: Non-finite (NaN/Inf) detected in edge_logits_vl (Phase 2): 259200 of 259200 values -- sanitizing to 0.0 (neutral logit). Results derived from this run are faithful only up to this event.
16-Aug-26 05:27:39 - epoch 95: Non-finite (NaN/Inf) detected in edge_logits_vl (Phase 1): 259200 of 259200 values -- sanitizing to 0.0 (neutral logit). Results derived from this run are faithful only up to this event.
16-Aug-26 05:27:41 - epoch 95: Non-finite (NaN/Inf) detected in edge_logits_vl (Phase 2): 259200 of 259200 values -- sanitizing to 0.0 (neutral logit). Results derived from this run are faithful only up to this event.
16-Aug-26 05:27:42 - epoch 95: Non-finite (NaN/Inf) detected in edge_logits_vl (Phase 1): 259200 of 259200 values -- sanitizing to 0.0 (neutral logit). Results derived from this run are faithful only up to this event.
16-Aug-26 05:27:44 - epoch 95: Non-finite (NaN/Inf) detected in edge_logits_vl (Phase 2): 259200 of 259200 values -- sanitizing to 0.0 (neutral logit). Results derived from this run are faithful only up to this event.
16-Aug-26 05:27:45 - epoch 95: Non-finite (NaN/Inf) detected in edge_logits_vl (Phase 1): 259200 of 259200 values -- sanitizing to 0.0 (neutral logit). Results derived from this run are faithful only up to this event.
16-Aug-26 05:27:47 - epoch 95: Non-finite (NaN/Inf) detected in edge_logits_vl (Phase 2): 259200 of 259200 values -- sanitizing to 0.0 (neutral logit). Results derived from this run are faithful only up to this event.
16-Aug-26 05:27:48 - epoch 95: Non-finite (NaN/Inf) detected in edge_logits_vl (Phase 1): 259200 of 259200 values -- sanitizing to 0.0 (neutral logit). Results derived from this run are faithful only up to this event.
16-Aug-26 05:27:50 - epoch 95: Non-finite (NaN/Inf) detected in edge_logits_vl (Phase 2): 259200 of 259200 values -- sanitizing to 0.0 (neutral logit). Results derived from this run are faithful only up to this event.
16-Aug-26 05:27:51 - epoch 95: Non-finite (NaN/Inf) detected in edge_logits_vl (Phase 1): 259200 of 259200 values -- sanitizing to 0.0 (neutral logit). Results derived from this run are faithful only up to this event.
16-Aug-26 05:27:53 - epoch 95: Non-finite (NaN/Inf) detected in edge_logits_vl (Phase 2): 259200 of 259200 values -- sanitizing to 0.0 (neutral logit). Results derived from this run are faithful only up to this event.
16-Aug-26 05:27:54 - epoch 95: Non-finite (NaN/Inf) detected in edge_logits_vl (Phase 1): 259200 of 259200 values -- sanitizing to 0.0 (neutral logit). Results derived from this run are faithful only up to this event.
16-Aug-26 05:27:56 - epoch 95: Non-finite (NaN/Inf) detected in edge_logits_vl (Phase 2): 259200 of 259200 values -- sanitizing to 0.0 (neutral logit). Results derived from this run are faithful only up to this event.
16-Aug-26 05:27:57 - epoch 95: Non-finite (NaN/Inf) detected in edge_logits_vl (Phase 1): 259200 of 259200 values -- sanitizing to 0.0 (neutral logit). Results derived from this run are faithful only up to this event.
16-Aug-26 05:27:59 - epoch 95: Non-finite (NaN/Inf) detected in edge_logits_vl (Phase 2): 259200 of 259200 values -- sanitizing to 0.0 (neutral logit). Results derived from this run are faithful only up to this event.
16-Aug-26 05:28:00 - epoch 95: Non-finite (NaN/Inf) detected in edge_logits_vl (Phase 1): 259200 of 259200 values -- sanitizing to 0.0 (neutral logit). Results derived from this run are faithful only up to this event.
16-Aug-26 05:28:02 - epoch 95: Non-finite (NaN/Inf) detected in edge_logits_vl (Phase 2): 259200 of 259200 values -- sanitizing to 0.0 (neutral logit). Results derived from this run are faithful only up to this event.
16-Aug-26 05:28:03 - epoch 95: Non-finite (NaN/Inf) detected in edge_logits_vl (Phase 1): 259200 of 259200 values -- sanitizing to 0.0 (neutral logit). Results derived from this run are faithful only up to this event.
16-Aug-26 05:28:05 - epoch 95: Non-finite (NaN/Inf) detected in edge_logits_vl (Phase 2): 259200 of 259200 values -- sanitizing to 0.0 (neutral logit). Results derived from this run are faithful only up to this event.
16-Aug-26 05:28:06 - epoch 95: Non-finite (NaN/Inf) detected in edge_logits_vl (Phase 1): 259200 of 259200 values -- sanitizing to 0.0 (neutral logit). Results derived from this run are faithful only up to this event.
16-Aug-26 05:28:08 - epoch 95: Non-finite (NaN/Inf) detected in edge_logits_vl (Phase 2): 259200 of 259200 values -- sanitizing to 0.0 (neutral logit). Results derived from this run are faithful only up to this event.
16-Aug-26 05:28:09 - epoch 95: Non-finite (NaN/Inf) detected in edge_logits_vl (Phase 1): 259200 of 259200 values -- sanitizing to 0.0 (neutral logit). Results derived from this run are faithful only up to this event.
16-Aug-26 05:28:11 - epoch 95: Non-finite (NaN/Inf) detected in edge_logits_vl (Phase 2): 259200 of 259200 values -- sanitizing to 0.0 (neutral logit). Results derived from this run are faithful only up to this event.
16-Aug-26 05:28:12 - epoch 95: Non-finite (NaN/Inf) detected in edge_logits_vl (Phase 1): 259200 of 259200 values -- sanitizing to 0.0 (neutral logit). Results derived from this run are faithful only up to this event.
16-Aug-26 05:28:14 - epoch 95: Non-finite (NaN/Inf) detected in edge_logits_vl (Phase 2): 259200 of 259200 values -- sanitizing to 0.0 (neutral logit). Results derived from this run are faithful only up to this event.
16-Aug-26 05:28:15 - epoch 95: Non-finite (NaN/Inf) detected in edge_logits_vl (Phase 1): 259200 of 259200 values -- sanitizing to 0.0 (neutral logit). Results derived from this run are faithful only up to this event.
16-Aug-26 05:28:17 - epoch 95: Non-finite (NaN/Inf) detected in edge_logits_vl (Phase 2): 259200 of 259200 values -- sanitizing to 0.0 (neutral logit). Results derived from this run are faithful only up to this event.
16-Aug-26 05:28:18 - epoch 95: Non-finite (NaN/Inf) detected in edge_logits_vl (Phase 1): 259200 of 259200 values -- sanitizing to 0.0 (neutral logit). Results derived from this run are faithful only up to this event.
16-Aug-26 05:28:20 - epoch 95: Non-finite (NaN/Inf) detected in edge_logits_vl (Phase 2): 259200 of 259200 values -- sanitizing to 0.0 (neutral logit). Results derived from this run are faithful only up to this event.
16-Aug-26 05:28:21 - epoch 95: Non-finite (NaN/Inf) detected in edge_logits_vl (Phase 1): 259200 of 259200 values -- sanitizing to 0.0 (neutral logit). Results derived from this run are faithful only up to this event.
16-Aug-26 05:28:23 - epoch 95: Non-finite (NaN/Inf) detected in edge_logits_vl (Phase 2): 259200 of 259200 values -- sanitizing to 0.0 (neutral logit). Results derived from this run are faithful only up to this event.
16-Aug-26 05:28:24 - epoch 95: Non-finite (NaN/Inf) detected in edge_logits_vl (Phase 1): 259200 of 259200 values -- sanitizing to 0.0 (neutral logit). Results derived from this run are faithful only up to this event.
16-Aug-26 05:28:26 - epoch 95: Non-finite (NaN/Inf) detected in edge_logits_vl (Phase 2): 259200 of 259200 values -- sanitizing to 0.0 (neutral logit). Results derived from this run are faithful only up to this event.
16-Aug-26 05:28:27 - epoch 95: Non-finite (NaN/Inf) detected in edge_logits_vl (Phase 1): 259200 of 259200 values -- sanitizing to 0.0 (neutral logit). Results derived from this run are faithful only up to this event.
16-Aug-26 05:28:29 - epoch 95: Non-finite (NaN/Inf) detected in edge_logits_vl (Phase 2): 259200 of 259200 values -- sanitizing to 0.0 (neutral logit). Results derived from this run are faithful only up to this event.
16-Aug-26 05:28:30 - epoch 95: Non-finite (NaN/Inf) detected in edge_logits_vl (Phase 1): 259200 of 259200 values -- sanitizing to 0.0 (neutral logit). Results derived from this run are faithful only up to this event.
16-Aug-26 05:28:32 - epoch 95: Non-finite (NaN/Inf) detected in edge_logits_vl (Phase 2): 259200 of 259200 values -- sanitizing to 0.0 (neutral logit). Results derived from this run are faithful only up to this event.
16-Aug-26 05:28:33 - epoch 95: Non-finite (NaN/Inf) detected in edge_logits_vl (Phase 1): 259200 of 259200 values -- sanitizing to 0.0 (neutral logit). Results derived from this run are faithful only up to this event.
16-Aug-26 05:28:35 - epoch 95: Non-finite (NaN/Inf) detected in edge_logits_vl (Phase 2): 259200 of 259200 values -- sanitizing to 0.0 (neutral logit). Results derived from this run are faithful only up to this event.
16-Aug-26 05:28:36 - epoch 95: Non-finite (NaN/Inf) detected in edge_logits_vl (Phase 1): 259200 of 259200 values -- sanitizing to 0.0 (neutral logit). Results derived from this run are faithful only up to this event.
16-Aug-26 05:28:38 - epoch 95: Non-finite (NaN/Inf) detected in edge_logits_vl (Phase 2): 259200 of 259200 values -- sanitizing to 0.0 (neutral logit). Results derived from this run are faithful only up to this event.
16-Aug-26 05:28:39 - epoch 95: Non-finite (NaN/Inf) detected in edge_logits_vl (Phase 1): 259200 of 259200 values -- sanitizing to 0.0 (neutral logit). Results derived from this run are faithful only up to this event.
16-Aug-26 05:28:41 - epoch 95: Non-finite (NaN/Inf) detected in edge_logits_vl (Phase 2): 259200 of 259200 values -- sanitizing to 0.0 (neutral logit). Results derived from this run are faithful only up to this event.
16-Aug-26 05:28:42 - epoch 95: Non-finite (NaN/Inf) detected in edge_logits_vl (Phase 1): 259200 of 259200 values -- sanitizing to 0.0 (neutral logit). Results derived from this run are faithful only up to this event.
16-Aug-26 05:28:44 - epoch 95: Non-finite (NaN/Inf) detected in edge_logits_vl (Phase 2): 259200 of 259200 values -- sanitizing to 0.0 (neutral logit). Results derived from this run are faithful only up to this event.
16-Aug-26 05:28:46 - epoch 95: Non-finite (NaN/Inf) detected in edge_logits_vl (Phase 1): 259200 of 259200 values -- sanitizing to 0.0 (neutral logit). Results derived from this run are faithful only up to this event.
16-Aug-26 05:28:47 - epoch 95: Non-finite (NaN/Inf) detected in edge_logits_vl (Phase 2): 259200 of 259200 values -- sanitizing to 0.0 (neutral logit). Results derived from this run are faithful only up to this event.
16-Aug-26 05:28:48 - epoch 95: Non-finite (NaN/Inf) detected in edge_logits_vl (Phase 1): 226800 of 226800 values -- sanitizing to 0.0 (neutral logit). Results derived from this run are faithful only up to this event.
16-Aug-26 05:28:50 - epoch 95: Non-finite (NaN/Inf) detected in edge_logits_vl (Phase 2): 226800 of 226800 values -- sanitizing to 0.0 (neutral logit). Results derived from this run are faithful only up to this event.
16-Aug-26 05:28:51 - Epoch 95, Model Loss 1.9420811661117745, View Loss nan, Reg 0.5000233027974931
/users/3171356m/miniconda3/envs/grastiacl/lib/python3.12/site-packages/torch_geometric/data/in_memory_dataset.py:300: UserWarning: It is not recommended to directly access the internal storage format `data` of an 'InMemoryDataset'. The data of the dataset is already cached, so any modifications to `data` will not be reflected when accessing its elements. Clearing the cache now by removing all elements in `dataset._data_list`. If you are absolutely certain what you are doing, access the internal storage via `InMemoryDataset._data` instead to suppress this warning. Alternatively, you can access stacked individual attributes of every graph via `dataset.{attr_name}`.
  warnings.warn(msg)
16-Aug-26 05:29:32 - Metric: accuracy Train_mean: 0.5727463816950676 Val_mean: 0.5137254901960784 Test_mean: 0.5146433246073299
16-Aug-26 05:29:32 - Metric: accuracy Train_std: 0.016662787968567634 Val_std: 0.04327567413659306 Test_std: 0.03317851447256626
16-Aug-26 05:29:32 - Metric: f1 Train_mean: 0.5093265296676959 Val_mean: 0.4767296654012846 Test_mean: 0.462690041874063
16-Aug-26 05:29:32 - Metric: f1 Train_std: 0.035756408539097305 Val_std: 0.05709927660798404 Test_std: 0.041075744087463624
16-Aug-26 05:29:32 - Metric: sen Train_mean: 0.4687285207260189 Val_mean: 0.4684931442672172 Test_mean: 0.4417582369037557
16-Aug-26 05:29:32 - Metric: sen Train_std: 0.04973210296346505 Val_std: 0.07720001430468677 Test_std: 0.05913680834827117
16-Aug-26 05:29:32 - Metric: spe Train_mean: 0.6670911194158352 Val_mean: 0.5549999930625 Test_mean: 0.5809504892503912
16-Aug-26 05:29:32 - Metric: spe Train_std: 0.032845626463486995 Val_std: 0.06782329898346143 Test_std: 0.0738210962209105
16-Aug-26 05:29:32 - Metric: precision Train_mean: 0.5604704505242706 Val_mean: 0.48964363618286166 Test_mean: 0.4910474811530962
16-Aug-26 05:29:32 - Metric: precision Train_std: 0.019029089392845075 Val_std: 0.04341541619268728 Test_std: 0.03828549596516087
16-Aug-26 05:29:32 - epoch 96: Non-finite (NaN/Inf) detected in edge_logits_vl (Phase 1): 259200 of 259200 values -- sanitizing to 0.0 (neutral logit). Results derived from this run are faithful only up to this event.
16-Aug-26 05:29:34 - epoch 96: Non-finite (NaN/Inf) detected in edge_logits_vl (Phase 2): 259200 of 259200 values -- sanitizing to 0.0 (neutral logit). Results derived from this run are faithful only up to this event.
16-Aug-26 05:29:35 - epoch 96: Non-finite (NaN/Inf) detected in edge_logits_vl (Phase 1): 259200 of 259200 values -- sanitizing to 0.0 (neutral logit). Results derived from this run are faithful only up to this event.
16-Aug-26 05:29:36 - epoch 96: Non-finite (NaN/Inf) detected in edge_logits_vl (Phase 2): 259200 of 259200 values -- sanitizing to 0.0 (neutral logit). Results derived from this run are faithful only up to this event.
16-Aug-26 05:29:38 - epoch 96: Non-finite (NaN/Inf) detected in edge_logits_vl (Phase 1): 259200 of 259200 values -- sanitizing to 0.0 (neutral logit). Results derived from this run are faithful only up to this event.
16-Aug-26 05:29:39 - epoch 96: Non-finite (NaN/Inf) detected in edge_logits_vl (Phase 2): 259200 of 259200 values -- sanitizing to 0.0 (neutral logit). Results derived from this run are faithful only up to this event.
16-Aug-26 05:29:41 - epoch 96: Non-finite (NaN/Inf) detected in edge_logits_vl (Phase 1): 259200 of 259200 values -- sanitizing to 0.0 (neutral logit). Results derived from this run are faithful only up to this event.
16-Aug-26 05:29:42 - epoch 96: Non-finite (NaN/Inf) detected in edge_logits_vl (Phase 2): 259200 of 259200 values -- sanitizing to 0.0 (neutral logit). Results derived from this run are faithful only up to this event.
16-Aug-26 05:29:44 - epoch 96: Non-finite (NaN/Inf) detected in edge_logits_vl (Phase 1): 259200 of 259200 values -- sanitizing to 0.0 (neutral logit). Results derived from this run are faithful only up to this event.
16-Aug-26 05:29:45 - epoch 96: Non-finite (NaN/Inf) detected in edge_logits_vl (Phase 2): 259200 of 259200 values -- sanitizing to 0.0 (neutral logit). Results derived from this run are faithful only up to this event.
16-Aug-26 05:29:47 - epoch 96: Non-finite (NaN/Inf) detected in edge_logits_vl (Phase 1): 259200 of 259200 values -- sanitizing to 0.0 (neutral logit). Results derived from this run are faithful only up to this event.
16-Aug-26 05:29:48 - epoch 96: Non-finite (NaN/Inf) detected in edge_logits_vl (Phase 2): 259200 of 259200 values -- sanitizing to 0.0 (neutral logit). Results derived from this run are faithful only up to this event.
16-Aug-26 05:29:50 - epoch 96: Non-finite (NaN/Inf) detected in edge_logits_vl (Phase 1): 259200 of 259200 values -- sanitizing to 0.0 (neutral logit). Results derived from this run are faithful only up to this event.
16-Aug-26 05:29:51 - epoch 96: Non-finite (NaN/Inf) detected in edge_logits_vl (Phase 2): 259200 of 259200 values -- sanitizing to 0.0 (neutral logit). Results derived from this run are faithful only up to this event.
16-Aug-26 05:29:52 - epoch 96: Non-finite (NaN/Inf) detected in edge_logits_vl (Phase 1): 259200 of 259200 values -- sanitizing to 0.0 (neutral logit). Results derived from this run are faithful only up to this event.
16-Aug-26 05:29:54 - epoch 96: Non-finite (NaN/Inf) detected in edge_logits_vl (Phase 2): 259200 of 259200 values -- sanitizing to 0.0 (neutral logit). Results derived from this run are faithful only up to this event.
16-Aug-26 05:29:56 - epoch 96: Non-finite (NaN/Inf) detected in edge_logits_vl (Phase 1): 259200 of 259200 values -- sanitizing to 0.0 (neutral logit). Results derived from this run are faithful only up to this event.
16-Aug-26 05:29:57 - epoch 96: Non-finite (NaN/Inf) detected in edge_logits_vl (Phase 2): 259200 of 259200 values -- sanitizing to 0.0 (neutral logit). Results derived from this run are faithful only up to this event.
16-Aug-26 05:29:59 - epoch 96: Non-finite (NaN/Inf) detected in edge_logits_vl (Phase 1): 259200 of 259200 values -- sanitizing to 0.0 (neutral logit). Results derived from this run are faithful only up to this event.
16-Aug-26 05:30:00 - epoch 96: Non-finite (NaN/Inf) detected in edge_logits_vl (Phase 2): 259200 of 259200 values -- sanitizing to 0.0 (neutral logit). Results derived from this run are faithful only up to this event.
16-Aug-26 05:30:01 - epoch 96: Non-finite (NaN/Inf) detected in edge_logits_vl (Phase 1): 259200 of 259200 values -- sanitizing to 0.0 (neutral logit). Results derived from this run are faithful only up to this event.
16-Aug-26 05:30:03 - epoch 96: Non-finite (NaN/Inf) detected in edge_logits_vl (Phase 2): 259200 of 259200 values -- sanitizing to 0.0 (neutral logit). Results derived from this run are faithful only up to this event.
16-Aug-26 05:30:05 - epoch 96: Non-finite (NaN/Inf) detected in edge_logits_vl (Phase 1): 259200 of 259200 values -- sanitizing to 0.0 (neutral logit). Results derived from this run are faithful only up to this event.
16-Aug-26 05:30:06 - epoch 96: Non-finite (NaN/Inf) detected in edge_logits_vl (Phase 2): 259200 of 259200 values -- sanitizing to 0.0 (neutral logit). Results derived from this run are faithful only up to this event.
16-Aug-26 05:30:08 - epoch 96: Non-finite (NaN/Inf) detected in edge_logits_vl (Phase 1): 259200 of 259200 values -- sanitizing to 0.0 (neutral logit). Results derived from this run are faithful only up to this event.
16-Aug-26 05:30:09 - epoch 96: Non-finite (NaN/Inf) detected in edge_logits_vl (Phase 2): 259200 of 259200 values -- sanitizing to 0.0 (neutral logit). Results derived from this run are faithful only up to this event.
16-Aug-26 05:30:11 - epoch 96: Non-finite (NaN/Inf) detected in edge_logits_vl (Phase 1): 259200 of 259200 values -- sanitizing to 0.0 (neutral logit). Results derived from this run are faithful only up to this event.
16-Aug-26 05:30:12 - epoch 96: Non-finite (NaN/Inf) detected in edge_logits_vl (Phase 2): 259200 of 259200 values -- sanitizing to 0.0 (neutral logit). Results derived from this run are faithful only up to this event.
16-Aug-26 05:30:14 - epoch 96: Non-finite (NaN/Inf) detected in edge_logits_vl (Phase 1): 259200 of 259200 values -- sanitizing to 0.0 (neutral logit). Results derived from this run are faithful only up to this event.
16-Aug-26 05:30:15 - epoch 96: Non-finite (NaN/Inf) detected in edge_logits_vl (Phase 2): 259200 of 259200 values -- sanitizing to 0.0 (neutral logit). Results derived from this run are faithful only up to this event.
16-Aug-26 05:30:17 - epoch 96: Non-finite (NaN/Inf) detected in edge_logits_vl (Phase 1): 259200 of 259200 values -- sanitizing to 0.0 (neutral logit). Results derived from this run are faithful only up to this event.
16-Aug-26 05:30:18 - epoch 96: Non-finite (NaN/Inf) detected in edge_logits_vl (Phase 2): 259200 of 259200 values -- sanitizing to 0.0 (neutral logit). Results derived from this run are faithful only up to this event.
16-Aug-26 05:30:20 - epoch 96: Non-finite (NaN/Inf) detected in edge_logits_vl (Phase 1): 259200 of 259200 values -- sanitizing to 0.0 (neutral logit). Results derived from this run are faithful only up to this event.
16-Aug-26 05:30:21 - epoch 96: Non-finite (NaN/Inf) detected in edge_logits_vl (Phase 2): 259200 of 259200 values -- sanitizing to 0.0 (neutral logit). Results derived from this run are faithful only up to this event.
16-Aug-26 05:30:23 - epoch 96: Non-finite (NaN/Inf) detected in edge_logits_vl (Phase 1): 259200 of 259200 values -- sanitizing to 0.0 (neutral logit). Results derived from this run are faithful only up to this event.
16-Aug-26 05:30:24 - epoch 96: Non-finite (NaN/Inf) detected in edge_logits_vl (Phase 2): 259200 of 259200 values -- sanitizing to 0.0 (neutral logit). Results derived from this run are faithful only up to this event.
16-Aug-26 05:30:26 - epoch 96: Non-finite (NaN/Inf) detected in edge_logits_vl (Phase 1): 259200 of 259200 values -- sanitizing to 0.0 (neutral logit). Results derived from this run are faithful only up to this event.
16-Aug-26 05:30:27 - epoch 96: Non-finite (NaN/Inf) detected in edge_logits_vl (Phase 2): 259200 of 259200 values -- sanitizing to 0.0 (neutral logit). Results derived from this run are faithful only up to this event.
16-Aug-26 05:30:29 - epoch 96: Non-finite (NaN/Inf) detected in edge_logits_vl (Phase 1): 259200 of 259200 values -- sanitizing to 0.0 (neutral logit). Results derived from this run are faithful only up to this event.
16-Aug-26 05:30:30 - epoch 96: Non-finite (NaN/Inf) detected in edge_logits_vl (Phase 2): 259200 of 259200 values -- sanitizing to 0.0 (neutral logit). Results derived from this run are faithful only up to this event.
16-Aug-26 05:30:32 - epoch 96: Non-finite (NaN/Inf) detected in edge_logits_vl (Phase 1): 259200 of 259200 values -- sanitizing to 0.0 (neutral logit). Results derived from this run are faithful only up to this event.
16-Aug-26 05:30:33 - epoch 96: Non-finite (NaN/Inf) detected in edge_logits_vl (Phase 2): 259200 of 259200 values -- sanitizing to 0.0 (neutral logit). Results derived from this run are faithful only up to this event.
16-Aug-26 05:30:35 - epoch 96: Non-finite (NaN/Inf) detected in edge_logits_vl (Phase 1): 259200 of 259200 values -- sanitizing to 0.0 (neutral logit). Results derived from this run are faithful only up to this event.
16-Aug-26 05:30:36 - epoch 96: Non-finite (NaN/Inf) detected in edge_logits_vl (Phase 2): 259200 of 259200 values -- sanitizing to 0.0 (neutral logit). Results derived from this run are faithful only up to this event.
16-Aug-26 05:30:38 - epoch 96: Non-finite (NaN/Inf) detected in edge_logits_vl (Phase 1): 259200 of 259200 values -- sanitizing to 0.0 (neutral logit). Results derived from this run are faithful only up to this event.
16-Aug-26 05:30:39 - epoch 96: Non-finite (NaN/Inf) detected in edge_logits_vl (Phase 2): 259200 of 259200 values -- sanitizing to 0.0 (neutral logit). Results derived from this run are faithful only up to this event.
16-Aug-26 05:30:41 - epoch 96: Non-finite (NaN/Inf) detected in edge_logits_vl (Phase 1): 259200 of 259200 values -- sanitizing to 0.0 (neutral logit). Results derived from this run are faithful only up to this event.
16-Aug-26 05:30:42 - epoch 96: Non-finite (NaN/Inf) detected in edge_logits_vl (Phase 2): 259200 of 259200 values -- sanitizing to 0.0 (neutral logit). Results derived from this run are faithful only up to this event.
16-Aug-26 05:30:44 - epoch 96: Non-finite (NaN/Inf) detected in edge_logits_vl (Phase 1): 259200 of 259200 values -- sanitizing to 0.0 (neutral logit). Results derived from this run are faithful only up to this event.
16-Aug-26 05:30:45 - epoch 96: Non-finite (NaN/Inf) detected in edge_logits_vl (Phase 2): 259200 of 259200 values -- sanitizing to 0.0 (neutral logit). Results derived from this run are faithful only up to this event.
16-Aug-26 05:30:47 - epoch 96: Non-finite (NaN/Inf) detected in edge_logits_vl (Phase 1): 259200 of 259200 values -- sanitizing to 0.0 (neutral logit). Results derived from this run are faithful only up to this event.
16-Aug-26 05:30:48 - epoch 96: Non-finite (NaN/Inf) detected in edge_logits_vl (Phase 2): 259200 of 259200 values -- sanitizing to 0.0 (neutral logit). Results derived from this run are faithful only up to this event.
16-Aug-26 05:30:50 - epoch 96: Non-finite (NaN/Inf) detected in edge_logits_vl (Phase 1): 259200 of 259200 values -- sanitizing to 0.0 (neutral logit). Results derived from this run are faithful only up to this event.
16-Aug-26 05:30:51 - epoch 96: Non-finite (NaN/Inf) detected in edge_logits_vl (Phase 2): 259200 of 259200 values -- sanitizing to 0.0 (neutral logit). Results derived from this run are faithful only up to this event.
16-Aug-26 05:30:53 - epoch 96: Non-finite (NaN/Inf) detected in edge_logits_vl (Phase 1): 259200 of 259200 values -- sanitizing to 0.0 (neutral logit). Results derived from this run are faithful only up to this event.
16-Aug-26 05:30:54 - epoch 96: Non-finite (NaN/Inf) detected in edge_logits_vl (Phase 2): 259200 of 259200 values -- sanitizing to 0.0 (neutral logit). Results derived from this run are faithful only up to this event.
16-Aug-26 05:30:56 - epoch 96: Non-finite (NaN/Inf) detected in edge_logits_vl (Phase 1): 259200 of 259200 values -- sanitizing to 0.0 (neutral logit). Results derived from this run are faithful only up to this event.
16-Aug-26 05:30:57 - epoch 96: Non-finite (NaN/Inf) detected in edge_logits_vl (Phase 2): 259200 of 259200 values -- sanitizing to 0.0 (neutral logit). Results derived from this run are faithful only up to this event.
16-Aug-26 05:30:59 - epoch 96: Non-finite (NaN/Inf) detected in edge_logits_vl (Phase 1): 226800 of 226800 values -- sanitizing to 0.0 (neutral logit). Results derived from this run are faithful only up to this event.
16-Aug-26 05:31:00 - epoch 96: Non-finite (NaN/Inf) detected in edge_logits_vl (Phase 2): 226800 of 226800 values -- sanitizing to 0.0 (neutral logit). Results derived from this run are faithful only up to this event.
16-Aug-26 05:31:01 - Epoch 96, Model Loss 1.9746939532427608, View Loss nan, Reg 0.4999430017491265
16-Aug-26 05:31:02 - epoch 97: Non-finite (NaN/Inf) detected in edge_logits_vl (Phase 1): 259200 of 259200 values -- sanitizing to 0.0 (neutral logit). Results derived from this run are faithful only up to this event.
16-Aug-26 05:31:03 - epoch 97: Non-finite (NaN/Inf) detected in edge_logits_vl (Phase 2): 259200 of 259200 values -- sanitizing to 0.0 (neutral logit). Results derived from this run are faithful only up to this event.
16-Aug-26 05:31:04 - epoch 97: Non-finite (NaN/Inf) detected in edge_logits_vl (Phase 1): 259200 of 259200 values -- sanitizing to 0.0 (neutral logit). Results derived from this run are faithful only up to this event.
16-Aug-26 05:31:06 - epoch 97: Non-finite (NaN/Inf) detected in edge_logits_vl (Phase 2): 259200 of 259200 values -- sanitizing to 0.0 (neutral logit). Results derived from this run are faithful only up to this event.
16-Aug-26 05:31:07 - epoch 97: Non-finite (NaN/Inf) detected in edge_logits_vl (Phase 1): 259200 of 259200 values -- sanitizing to 0.0 (neutral logit). Results derived from this run are faithful only up to this event.
16-Aug-26 05:31:09 - epoch 97: Non-finite (NaN/Inf) detected in edge_logits_vl (Phase 2): 259200 of 259200 values -- sanitizing to 0.0 (neutral logit). Results derived from this run are faithful only up to this event.
16-Aug-26 05:31:10 - epoch 97: Non-finite (NaN/Inf) detected in edge_logits_vl (Phase 1): 259200 of 259200 values -- sanitizing to 0.0 (neutral logit). Results derived from this run are faithful only up to this event.
16-Aug-26 05:31:12 - epoch 97: Non-finite (NaN/Inf) detected in edge_logits_vl (Phase 2): 259200 of 259200 values -- sanitizing to 0.0 (neutral logit). Results derived from this run are faithful only up to this event.
16-Aug-26 05:31:13 - epoch 97: Non-finite (NaN/Inf) detected in edge_logits_vl (Phase 1): 259200 of 259200 values -- sanitizing to 0.0 (neutral logit). Results derived from this run are faithful only up to this event.
16-Aug-26 05:31:15 - epoch 97: Non-finite (NaN/Inf) detected in edge_logits_vl (Phase 2): 259200 of 259200 values -- sanitizing to 0.0 (neutral logit). Results derived from this run are faithful only up to this event.
16-Aug-26 05:31:16 - epoch 97: Non-finite (NaN/Inf) detected in edge_logits_vl (Phase 1): 259200 of 259200 values -- sanitizing to 0.0 (neutral logit). Results derived from this run are faithful only up to this event.
16-Aug-26 05:31:18 - epoch 97: Non-finite (NaN/Inf) detected in edge_logits_vl (Phase 2): 259200 of 259200 values -- sanitizing to 0.0 (neutral logit). Results derived from this run are faithful only up to this event.
16-Aug-26 05:31:19 - epoch 97: Non-finite (NaN/Inf) detected in edge_logits_vl (Phase 1): 259200 of 259200 values -- sanitizing to 0.0 (neutral logit). Results derived from this run are faithful only up to this event.
16-Aug-26 05:31:21 - epoch 97: Non-finite (NaN/Inf) detected in edge_logits_vl (Phase 2): 259200 of 259200 values -- sanitizing to 0.0 (neutral logit). Results derived from this run are faithful only up to this event.
16-Aug-26 05:31:22 - epoch 97: Non-finite (NaN/Inf) detected in edge_logits_vl (Phase 1): 259200 of 259200 values -- sanitizing to 0.0 (neutral logit). Results derived from this run are faithful only up to this event.
16-Aug-26 05:31:24 - epoch 97: Non-finite (NaN/Inf) detected in edge_logits_vl (Phase 2): 259200 of 259200 values -- sanitizing to 0.0 (neutral logit). Results derived from this run are faithful only up to this event.
16-Aug-26 05:31:25 - epoch 97: Non-finite (NaN/Inf) detected in edge_logits_vl (Phase 1): 259200 of 259200 values -- sanitizing to 0.0 (neutral logit). Results derived from this run are faithful only up to this event.
16-Aug-26 05:31:27 - epoch 97: Non-finite (NaN/Inf) detected in edge_logits_vl (Phase 2): 259200 of 259200 values -- sanitizing to 0.0 (neutral logit). Results derived from this run are faithful only up to this event.
16-Aug-26 05:31:28 - epoch 97: Non-finite (NaN/Inf) detected in edge_logits_vl (Phase 1): 259200 of 259200 values -- sanitizing to 0.0 (neutral logit). Results derived from this run are faithful only up to this event.
16-Aug-26 05:31:30 - epoch 97: Non-finite (NaN/Inf) detected in edge_logits_vl (Phase 2): 259200 of 259200 values -- sanitizing to 0.0 (neutral logit). Results derived from this run are faithful only up to this event.
16-Aug-26 05:31:31 - epoch 97: Non-finite (NaN/Inf) detected in edge_logits_vl (Phase 1): 259200 of 259200 values -- sanitizing to 0.0 (neutral logit). Results derived from this run are faithful only up to this event.
16-Aug-26 05:31:33 - epoch 97: Non-finite (NaN/Inf) detected in edge_logits_vl (Phase 2): 259200 of 259200 values -- sanitizing to 0.0 (neutral logit). Results derived from this run are faithful only up to this event.
16-Aug-26 05:31:34 - epoch 97: Non-finite (NaN/Inf) detected in edge_logits_vl (Phase 1): 259200 of 259200 values -- sanitizing to 0.0 (neutral logit). Results derived from this run are faithful only up to this event.
16-Aug-26 05:31:36 - epoch 97: Non-finite (NaN/Inf) detected in edge_logits_vl (Phase 2): 259200 of 259200 values -- sanitizing to 0.0 (neutral logit). Results derived from this run are faithful only up to this event.
16-Aug-26 05:31:37 - epoch 97: Non-finite (NaN/Inf) detected in edge_logits_vl (Phase 1): 259200 of 259200 values -- sanitizing to 0.0 (neutral logit). Results derived from this run are faithful only up to this event.
16-Aug-26 05:31:39 - epoch 97: Non-finite (NaN/Inf) detected in edge_logits_vl (Phase 2): 259200 of 259200 values -- sanitizing to 0.0 (neutral logit). Results derived from this run are faithful only up to this event.
16-Aug-26 05:31:40 - epoch 97: Non-finite (NaN/Inf) detected in edge_logits_vl (Phase 1): 259200 of 259200 values -- sanitizing to 0.0 (neutral logit). Results derived from this run are faithful only up to this event.
16-Aug-26 05:31:42 - epoch 97: Non-finite (NaN/Inf) detected in edge_logits_vl (Phase 2): 259200 of 259200 values -- sanitizing to 0.0 (neutral logit). Results derived from this run are faithful only up to this event.
16-Aug-26 05:31:43 - epoch 97: Non-finite (NaN/Inf) detected in edge_logits_vl (Phase 1): 259200 of 259200 values -- sanitizing to 0.0 (neutral logit). Results derived from this run are faithful only up to this event.
16-Aug-26 05:31:45 - epoch 97: Non-finite (NaN/Inf) detected in edge_logits_vl (Phase 2): 259200 of 259200 values -- sanitizing to 0.0 (neutral logit). Results derived from this run are faithful only up to this event.
16-Aug-26 05:31:46 - epoch 97: Non-finite (NaN/Inf) detected in edge_logits_vl (Phase 1): 259200 of 259200 values -- sanitizing to 0.0 (neutral logit). Results derived from this run are faithful only up to this event.
16-Aug-26 05:31:48 - epoch 97: Non-finite (NaN/Inf) detected in edge_logits_vl (Phase 2): 259200 of 259200 values -- sanitizing to 0.0 (neutral logit). Results derived from this run are faithful only up to this event.
16-Aug-26 05:31:49 - epoch 97: Non-finite (NaN/Inf) detected in edge_logits_vl (Phase 1): 259200 of 259200 values -- sanitizing to 0.0 (neutral logit). Results derived from this run are faithful only up to this event.
16-Aug-26 05:31:51 - epoch 97: Non-finite (NaN/Inf) detected in edge_logits_vl (Phase 2): 259200 of 259200 values -- sanitizing to 0.0 (neutral logit). Results derived from this run are faithful only up to this event.
16-Aug-26 05:31:52 - epoch 97: Non-finite (NaN/Inf) detected in edge_logits_vl (Phase 1): 259200 of 259200 values -- sanitizing to 0.0 (neutral logit). Results derived from this run are faithful only up to this event.
16-Aug-26 05:31:54 - epoch 97: Non-finite (NaN/Inf) detected in edge_logits_vl (Phase 2): 259200 of 259200 values -- sanitizing to 0.0 (neutral logit). Results derived from this run are faithful only up to this event.
16-Aug-26 05:31:55 - epoch 97: Non-finite (NaN/Inf) detected in edge_logits_vl (Phase 1): 259200 of 259200 values -- sanitizing to 0.0 (neutral logit). Results derived from this run are faithful only up to this event.
16-Aug-26 05:31:57 - epoch 97: Non-finite (NaN/Inf) detected in edge_logits_vl (Phase 2): 259200 of 259200 values -- sanitizing to 0.0 (neutral logit). Results derived from this run are faithful only up to this event.
16-Aug-26 05:31:58 - epoch 97: Non-finite (NaN/Inf) detected in edge_logits_vl (Phase 1): 259200 of 259200 values -- sanitizing to 0.0 (neutral logit). Results derived from this run are faithful only up to this event.
16-Aug-26 05:32:00 - epoch 97: Non-finite (NaN/Inf) detected in edge_logits_vl (Phase 2): 259200 of 259200 values -- sanitizing to 0.0 (neutral logit). Results derived from this run are faithful only up to this event.
16-Aug-26 05:32:01 - epoch 97: Non-finite (NaN/Inf) detected in edge_logits_vl (Phase 1): 259200 of 259200 values -- sanitizing to 0.0 (neutral logit). Results derived from this run are faithful only up to this event.
16-Aug-26 05:32:03 - epoch 97: Non-finite (NaN/Inf) detected in edge_logits_vl (Phase 2): 259200 of 259200 values -- sanitizing to 0.0 (neutral logit). Results derived from this run are faithful only up to this event.
16-Aug-26 05:32:04 - epoch 97: Non-finite (NaN/Inf) detected in edge_logits_vl (Phase 1): 259200 of 259200 values -- sanitizing to 0.0 (neutral logit). Results derived from this run are faithful only up to this event.
16-Aug-26 05:32:06 - epoch 97: Non-finite (NaN/Inf) detected in edge_logits_vl (Phase 2): 259200 of 259200 values -- sanitizing to 0.0 (neutral logit). Results derived from this run are faithful only up to this event.
16-Aug-26 05:32:08 - epoch 97: Non-finite (NaN/Inf) detected in edge_logits_vl (Phase 1): 259200 of 259200 values -- sanitizing to 0.0 (neutral logit). Results derived from this run are faithful only up to this event.
16-Aug-26 05:32:09 - epoch 97: Non-finite (NaN/Inf) detected in edge_logits_vl (Phase 2): 259200 of 259200 values -- sanitizing to 0.0 (neutral logit). Results derived from this run are faithful only up to this event.
16-Aug-26 05:32:11 - epoch 97: Non-finite (NaN/Inf) detected in edge_logits_vl (Phase 1): 259200 of 259200 values -- sanitizing to 0.0 (neutral logit). Results derived from this run are faithful only up to this event.
16-Aug-26 05:32:12 - epoch 97: Non-finite (NaN/Inf) detected in edge_logits_vl (Phase 2): 259200 of 259200 values -- sanitizing to 0.0 (neutral logit). Results derived from this run are faithful only up to this event.
16-Aug-26 05:32:14 - epoch 97: Non-finite (NaN/Inf) detected in edge_logits_vl (Phase 1): 259200 of 259200 values -- sanitizing to 0.0 (neutral logit). Results derived from this run are faithful only up to this event.
16-Aug-26 05:32:15 - epoch 97: Non-finite (NaN/Inf) detected in edge_logits_vl (Phase 2): 259200 of 259200 values -- sanitizing to 0.0 (neutral logit). Results derived from this run are faithful only up to this event.
16-Aug-26 05:32:17 - epoch 97: Non-finite (NaN/Inf) detected in edge_logits_vl (Phase 1): 259200 of 259200 values -- sanitizing to 0.0 (neutral logit). Results derived from this run are faithful only up to this event.
16-Aug-26 05:32:18 - epoch 97: Non-finite (NaN/Inf) detected in edge_logits_vl (Phase 2): 259200 of 259200 values -- sanitizing to 0.0 (neutral logit). Results derived from this run are faithful only up to this event.
16-Aug-26 05:32:20 - epoch 97: Non-finite (NaN/Inf) detected in edge_logits_vl (Phase 1): 259200 of 259200 values -- sanitizing to 0.0 (neutral logit). Results derived from this run are faithful only up to this event.
16-Aug-26 05:32:21 - epoch 97: Non-finite (NaN/Inf) detected in edge_logits_vl (Phase 2): 259200 of 259200 values -- sanitizing to 0.0 (neutral logit). Results derived from this run are faithful only up to this event.
16-Aug-26 05:32:23 - epoch 97: Non-finite (NaN/Inf) detected in edge_logits_vl (Phase 1): 259200 of 259200 values -- sanitizing to 0.0 (neutral logit). Results derived from this run are faithful only up to this event.
16-Aug-26 05:32:24 - epoch 97: Non-finite (NaN/Inf) detected in edge_logits_vl (Phase 2): 259200 of 259200 values -- sanitizing to 0.0 (neutral logit). Results derived from this run are faithful only up to this event.
16-Aug-26 05:32:26 - epoch 97: Non-finite (NaN/Inf) detected in edge_logits_vl (Phase 1): 259200 of 259200 values -- sanitizing to 0.0 (neutral logit). Results derived from this run are faithful only up to this event.
16-Aug-26 05:32:27 - epoch 97: Non-finite (NaN/Inf) detected in edge_logits_vl (Phase 2): 259200 of 259200 values -- sanitizing to 0.0 (neutral logit). Results derived from this run are faithful only up to this event.
16-Aug-26 05:32:29 - epoch 97: Non-finite (NaN/Inf) detected in edge_logits_vl (Phase 1): 226800 of 226800 values -- sanitizing to 0.0 (neutral logit). Results derived from this run are faithful only up to this event.
16-Aug-26 05:32:30 - epoch 97: Non-finite (NaN/Inf) detected in edge_logits_vl (Phase 2): 226800 of 226800 values -- sanitizing to 0.0 (neutral logit). Results derived from this run are faithful only up to this event.
16-Aug-26 05:32:31 - Epoch 97, Model Loss 1.9501741426260402, View Loss nan, Reg 0.4999776372849692
16-Aug-26 05:32:31 - epoch 98: Non-finite (NaN/Inf) detected in edge_logits_vl (Phase 1): 259200 of 259200 values -- sanitizing to 0.0 (neutral logit). Results derived from this run are faithful only up to this event.
16-Aug-26 05:32:33 - epoch 98: Non-finite (NaN/Inf) detected in edge_logits_vl (Phase 2): 259200 of 259200 values -- sanitizing to 0.0 (neutral logit). Results derived from this run are faithful only up to this event.
16-Aug-26 05:32:34 - epoch 98: Non-finite (NaN/Inf) detected in edge_logits_vl (Phase 1): 259200 of 259200 values -- sanitizing to 0.0 (neutral logit). Results derived from this run are faithful only up to this event.
16-Aug-26 05:32:36 - epoch 98: Non-finite (NaN/Inf) detected in edge_logits_vl (Phase 2): 259200 of 259200 values -- sanitizing to 0.0 (neutral logit). Results derived from this run are faithful only up to this event.
16-Aug-26 05:32:37 - epoch 98: Non-finite (NaN/Inf) detected in edge_logits_vl (Phase 1): 259200 of 259200 values -- sanitizing to 0.0 (neutral logit). Results derived from this run are faithful only up to this event.
16-Aug-26 05:32:38 - epoch 98: Non-finite (NaN/Inf) detected in edge_logits_vl (Phase 2): 259200 of 259200 values -- sanitizing to 0.0 (neutral logit). Results derived from this run are faithful only up to this event.
16-Aug-26 05:32:40 - epoch 98: Non-finite (NaN/Inf) detected in edge_logits_vl (Phase 1): 259200 of 259200 values -- sanitizing to 0.0 (neutral logit). Results derived from this run are faithful only up to this event.
16-Aug-26 05:32:41 - epoch 98: Non-finite (NaN/Inf) detected in edge_logits_vl (Phase 2): 259200 of 259200 values -- sanitizing to 0.0 (neutral logit). Results derived from this run are faithful only up to this event.
16-Aug-26 05:32:43 - epoch 98: Non-finite (NaN/Inf) detected in edge_logits_vl (Phase 1): 259200 of 259200 values -- sanitizing to 0.0 (neutral logit). Results derived from this run are faithful only up to this event.
16-Aug-26 05:32:44 - epoch 98: Non-finite (NaN/Inf) detected in edge_logits_vl (Phase 2): 259200 of 259200 values -- sanitizing to 0.0 (neutral logit). Results derived from this run are faithful only up to this event.
16-Aug-26 05:32:46 - epoch 98: Non-finite (NaN/Inf) detected in edge_logits_vl (Phase 1): 259200 of 259200 values -- sanitizing to 0.0 (neutral logit). Results derived from this run are faithful only up to this event.
16-Aug-26 05:32:47 - epoch 98: Non-finite (NaN/Inf) detected in edge_logits_vl (Phase 2): 259200 of 259200 values -- sanitizing to 0.0 (neutral logit). Results derived from this run are faithful only up to this event.
16-Aug-26 05:32:49 - epoch 98: Non-finite (NaN/Inf) detected in edge_logits_vl (Phase 1): 259200 of 259200 values -- sanitizing to 0.0 (neutral logit). Results derived from this run are faithful only up to this event.
16-Aug-26 05:32:50 - epoch 98: Non-finite (NaN/Inf) detected in edge_logits_vl (Phase 2): 259200 of 259200 values -- sanitizing to 0.0 (neutral logit). Results derived from this run are faithful only up to this event.
16-Aug-26 05:32:52 - epoch 98: Non-finite (NaN/Inf) detected in edge_logits_vl (Phase 1): 259200 of 259200 values -- sanitizing to 0.0 (neutral logit). Results derived from this run are faithful only up to this event.
16-Aug-26 05:32:53 - epoch 98: Non-finite (NaN/Inf) detected in edge_logits_vl (Phase 2): 259200 of 259200 values -- sanitizing to 0.0 (neutral logit). Results derived from this run are faithful only up to this event.
16-Aug-26 05:32:55 - epoch 98: Non-finite (NaN/Inf) detected in edge_logits_vl (Phase 1): 259200 of 259200 values -- sanitizing to 0.0 (neutral logit). Results derived from this run are faithful only up to this event.
16-Aug-26 05:32:56 - epoch 98: Non-finite (NaN/Inf) detected in edge_logits_vl (Phase 2): 259200 of 259200 values -- sanitizing to 0.0 (neutral logit). Results derived from this run are faithful only up to this event.
16-Aug-26 05:32:58 - epoch 98: Non-finite (NaN/Inf) detected in edge_logits_vl (Phase 1): 259200 of 259200 values -- sanitizing to 0.0 (neutral logit). Results derived from this run are faithful only up to this event.
16-Aug-26 05:32:59 - epoch 98: Non-finite (NaN/Inf) detected in edge_logits_vl (Phase 2): 259200 of 259200 values -- sanitizing to 0.0 (neutral logit). Results derived from this run are faithful only up to this event.
16-Aug-26 05:33:01 - epoch 98: Non-finite (NaN/Inf) detected in edge_logits_vl (Phase 1): 259200 of 259200 values -- sanitizing to 0.0 (neutral logit). Results derived from this run are faithful only up to this event.
16-Aug-26 05:33:02 - epoch 98: Non-finite (NaN/Inf) detected in edge_logits_vl (Phase 2): 259200 of 259200 values -- sanitizing to 0.0 (neutral logit). Results derived from this run are faithful only up to this event.
16-Aug-26 05:33:04 - epoch 98: Non-finite (NaN/Inf) detected in edge_logits_vl (Phase 1): 259200 of 259200 values -- sanitizing to 0.0 (neutral logit). Results derived from this run are faithful only up to this event.
16-Aug-26 05:33:05 - epoch 98: Non-finite (NaN/Inf) detected in edge_logits_vl (Phase 2): 259200 of 259200 values -- sanitizing to 0.0 (neutral logit). Results derived from this run are faithful only up to this event.
16-Aug-26 05:33:07 - epoch 98: Non-finite (NaN/Inf) detected in edge_logits_vl (Phase 1): 259200 of 259200 values -- sanitizing to 0.0 (neutral logit). Results derived from this run are faithful only up to this event.
16-Aug-26 05:33:08 - epoch 98: Non-finite (NaN/Inf) detected in edge_logits_vl (Phase 2): 259200 of 259200 values -- sanitizing to 0.0 (neutral logit). Results derived from this run are faithful only up to this event.
16-Aug-26 05:33:10 - epoch 98: Non-finite (NaN/Inf) detected in edge_logits_vl (Phase 1): 259200 of 259200 values -- sanitizing to 0.0 (neutral logit). Results derived from this run are faithful only up to this event.
16-Aug-26 05:33:11 - epoch 98: Non-finite (NaN/Inf) detected in edge_logits_vl (Phase 2): 259200 of 259200 values -- sanitizing to 0.0 (neutral logit). Results derived from this run are faithful only up to this event.
16-Aug-26 05:33:13 - epoch 98: Non-finite (NaN/Inf) detected in edge_logits_vl (Phase 1): 259200 of 259200 values -- sanitizing to 0.0 (neutral logit). Results derived from this run are faithful only up to this event.
16-Aug-26 05:33:14 - epoch 98: Non-finite (NaN/Inf) detected in edge_logits_vl (Phase 2): 259200 of 259200 values -- sanitizing to 0.0 (neutral logit). Results derived from this run are faithful only up to this event.
16-Aug-26 05:33:16 - epoch 98: Non-finite (NaN/Inf) detected in edge_logits_vl (Phase 1): 259200 of 259200 values -- sanitizing to 0.0 (neutral logit). Results derived from this run are faithful only up to this event.
16-Aug-26 05:33:17 - epoch 98: Non-finite (NaN/Inf) detected in edge_logits_vl (Phase 2): 259200 of 259200 values -- sanitizing to 0.0 (neutral logit). Results derived from this run are faithful only up to this event.
16-Aug-26 05:33:19 - epoch 98: Non-finite (NaN/Inf) detected in edge_logits_vl (Phase 1): 259200 of 259200 values -- sanitizing to 0.0 (neutral logit). Results derived from this run are faithful only up to this event.
16-Aug-26 05:33:21 - epoch 98: Non-finite (NaN/Inf) detected in edge_logits_vl (Phase 2): 259200 of 259200 values -- sanitizing to 0.0 (neutral logit). Results derived from this run are faithful only up to this event.
16-Aug-26 05:33:22 - epoch 98: Non-finite (NaN/Inf) detected in edge_logits_vl (Phase 1): 259200 of 259200 values -- sanitizing to 0.0 (neutral logit). Results derived from this run are faithful only up to this event.
16-Aug-26 05:33:24 - epoch 98: Non-finite (NaN/Inf) detected in edge_logits_vl (Phase 2): 259200 of 259200 values -- sanitizing to 0.0 (neutral logit). Results derived from this run are faithful only up to this event.
16-Aug-26 05:33:25 - epoch 98: Non-finite (NaN/Inf) detected in edge_logits_vl (Phase 1): 259200 of 259200 values -- sanitizing to 0.0 (neutral logit). Results derived from this run are faithful only up to this event.
16-Aug-26 05:33:26 - epoch 98: Non-finite (NaN/Inf) detected in edge_logits_vl (Phase 2): 259200 of 259200 values -- sanitizing to 0.0 (neutral logit). Results derived from this run are faithful only up to this event.
16-Aug-26 05:33:28 - epoch 98: Non-finite (NaN/Inf) detected in edge_logits_vl (Phase 1): 259200 of 259200 values -- sanitizing to 0.0 (neutral logit). Results derived from this run are faithful only up to this event.
16-Aug-26 05:33:30 - epoch 98: Non-finite (NaN/Inf) detected in edge_logits_vl (Phase 2): 259200 of 259200 values -- sanitizing to 0.0 (neutral logit). Results derived from this run are faithful only up to this event.
16-Aug-26 05:33:31 - epoch 98: Non-finite (NaN/Inf) detected in edge_logits_vl (Phase 1): 259200 of 259200 values -- sanitizing to 0.0 (neutral logit). Results derived from this run are faithful only up to this event.
16-Aug-26 05:33:33 - epoch 98: Non-finite (NaN/Inf) detected in edge_logits_vl (Phase 2): 259200 of 259200 values -- sanitizing to 0.0 (neutral logit). Results derived from this run are faithful only up to this event.
16-Aug-26 05:33:34 - epoch 98: Non-finite (NaN/Inf) detected in edge_logits_vl (Phase 1): 259200 of 259200 values -- sanitizing to 0.0 (neutral logit). Results derived from this run are faithful only up to this event.
16-Aug-26 05:33:36 - epoch 98: Non-finite (NaN/Inf) detected in edge_logits_vl (Phase 2): 259200 of 259200 values -- sanitizing to 0.0 (neutral logit). Results derived from this run are faithful only up to this event.
16-Aug-26 05:33:37 - epoch 98: Non-finite (NaN/Inf) detected in edge_logits_vl (Phase 1): 259200 of 259200 values -- sanitizing to 0.0 (neutral logit). Results derived from this run are faithful only up to this event.
16-Aug-26 05:33:39 - epoch 98: Non-finite (NaN/Inf) detected in edge_logits_vl (Phase 2): 259200 of 259200 values -- sanitizing to 0.0 (neutral logit). Results derived from this run are faithful only up to this event.
16-Aug-26 05:33:40 - epoch 98: Non-finite (NaN/Inf) detected in edge_logits_vl (Phase 1): 259200 of 259200 values -- sanitizing to 0.0 (neutral logit). Results derived from this run are faithful only up to this event.
16-Aug-26 05:33:42 - epoch 98: Non-finite (NaN/Inf) detected in edge_logits_vl (Phase 2): 259200 of 259200 values -- sanitizing to 0.0 (neutral logit). Results derived from this run are faithful only up to this event.
16-Aug-26 05:33:43 - epoch 98: Non-finite (NaN/Inf) detected in edge_logits_vl (Phase 1): 259200 of 259200 values -- sanitizing to 0.0 (neutral logit). Results derived from this run are faithful only up to this event.
16-Aug-26 05:33:45 - epoch 98: Non-finite (NaN/Inf) detected in edge_logits_vl (Phase 2): 259200 of 259200 values -- sanitizing to 0.0 (neutral logit). Results derived from this run are faithful only up to this event.
16-Aug-26 05:33:46 - epoch 98: Non-finite (NaN/Inf) detected in edge_logits_vl (Phase 1): 259200 of 259200 values -- sanitizing to 0.0 (neutral logit). Results derived from this run are faithful only up to this event.
16-Aug-26 05:33:48 - epoch 98: Non-finite (NaN/Inf) detected in edge_logits_vl (Phase 2): 259200 of 259200 values -- sanitizing to 0.0 (neutral logit). Results derived from this run are faithful only up to this event.
16-Aug-26 05:33:49 - epoch 98: Non-finite (NaN/Inf) detected in edge_logits_vl (Phase 1): 259200 of 259200 values -- sanitizing to 0.0 (neutral logit). Results derived from this run are faithful only up to this event.
16-Aug-26 05:33:51 - epoch 98: Non-finite (NaN/Inf) detected in edge_logits_vl (Phase 2): 259200 of 259200 values -- sanitizing to 0.0 (neutral logit). Results derived from this run are faithful only up to this event.
16-Aug-26 05:33:52 - epoch 98: Non-finite (NaN/Inf) detected in edge_logits_vl (Phase 1): 259200 of 259200 values -- sanitizing to 0.0 (neutral logit). Results derived from this run are faithful only up to this event.
16-Aug-26 05:33:54 - epoch 98: Non-finite (NaN/Inf) detected in edge_logits_vl (Phase 2): 259200 of 259200 values -- sanitizing to 0.0 (neutral logit). Results derived from this run are faithful only up to this event.
16-Aug-26 05:33:55 - epoch 98: Non-finite (NaN/Inf) detected in edge_logits_vl (Phase 1): 259200 of 259200 values -- sanitizing to 0.0 (neutral logit). Results derived from this run are faithful only up to this event.
16-Aug-26 05:33:57 - epoch 98: Non-finite (NaN/Inf) detected in edge_logits_vl (Phase 2): 259200 of 259200 values -- sanitizing to 0.0 (neutral logit). Results derived from this run are faithful only up to this event.
16-Aug-26 05:33:58 - epoch 98: Non-finite (NaN/Inf) detected in edge_logits_vl (Phase 1): 226800 of 226800 values -- sanitizing to 0.0 (neutral logit). Results derived from this run are faithful only up to this event.
16-Aug-26 05:34:00 - epoch 98: Non-finite (NaN/Inf) detected in edge_logits_vl (Phase 2): 226800 of 226800 values -- sanitizing to 0.0 (neutral logit). Results derived from this run are faithful only up to this event.
16-Aug-26 05:34:00 - Epoch 98, Model Loss 1.9320327527353454, View Loss nan, Reg 0.5000937154602306
16-Aug-26 05:34:01 - epoch 99: Non-finite (NaN/Inf) detected in edge_logits_vl (Phase 1): 259200 of 259200 values -- sanitizing to 0.0 (neutral logit). Results derived from this run are faithful only up to this event.
16-Aug-26 05:34:02 - epoch 99: Non-finite (NaN/Inf) detected in edge_logits_vl (Phase 2): 259200 of 259200 values -- sanitizing to 0.0 (neutral logit). Results derived from this run are faithful only up to this event.
16-Aug-26 05:34:04 - epoch 99: Non-finite (NaN/Inf) detected in edge_logits_vl (Phase 1): 259200 of 259200 values -- sanitizing to 0.0 (neutral logit). Results derived from this run are faithful only up to this event.
16-Aug-26 05:34:05 - epoch 99: Non-finite (NaN/Inf) detected in edge_logits_vl (Phase 2): 259200 of 259200 values -- sanitizing to 0.0 (neutral logit). Results derived from this run are faithful only up to this event.
16-Aug-26 05:34:07 - epoch 99: Non-finite (NaN/Inf) detected in edge_logits_vl (Phase 1): 259200 of 259200 values -- sanitizing to 0.0 (neutral logit). Results derived from this run are faithful only up to this event.
16-Aug-26 05:34:08 - epoch 99: Non-finite (NaN/Inf) detected in edge_logits_vl (Phase 2): 259200 of 259200 values -- sanitizing to 0.0 (neutral logit). Results derived from this run are faithful only up to this event.
16-Aug-26 05:34:10 - epoch 99: Non-finite (NaN/Inf) detected in edge_logits_vl (Phase 1): 259200 of 259200 values -- sanitizing to 0.0 (neutral logit). Results derived from this run are faithful only up to this event.
16-Aug-26 05:34:11 - epoch 99: Non-finite (NaN/Inf) detected in edge_logits_vl (Phase 2): 259200 of 259200 values -- sanitizing to 0.0 (neutral logit). Results derived from this run are faithful only up to this event.
16-Aug-26 05:34:12 - epoch 99: Non-finite (NaN/Inf) detected in edge_logits_vl (Phase 1): 259200 of 259200 values -- sanitizing to 0.0 (neutral logit). Results derived from this run are faithful only up to this event.
16-Aug-26 05:34:14 - epoch 99: Non-finite (NaN/Inf) detected in edge_logits_vl (Phase 2): 259200 of 259200 values -- sanitizing to 0.0 (neutral logit). Results derived from this run are faithful only up to this event.
16-Aug-26 05:34:15 - epoch 99: Non-finite (NaN/Inf) detected in edge_logits_vl (Phase 1): 259200 of 259200 values -- sanitizing to 0.0 (neutral logit). Results derived from this run are faithful only up to this event.
16-Aug-26 05:34:17 - epoch 99: Non-finite (NaN/Inf) detected in edge_logits_vl (Phase 2): 259200 of 259200 values -- sanitizing to 0.0 (neutral logit). Results derived from this run are faithful only up to this event.
16-Aug-26 05:34:18 - epoch 99: Non-finite (NaN/Inf) detected in edge_logits_vl (Phase 1): 259200 of 259200 values -- sanitizing to 0.0 (neutral logit). Results derived from this run are faithful only up to this event.
16-Aug-26 05:34:20 - epoch 99: Non-finite (NaN/Inf) detected in edge_logits_vl (Phase 2): 259200 of 259200 values -- sanitizing to 0.0 (neutral logit). Results derived from this run are faithful only up to this event.
16-Aug-26 05:34:21 - epoch 99: Non-finite (NaN/Inf) detected in edge_logits_vl (Phase 1): 259200 of 259200 values -- sanitizing to 0.0 (neutral logit). Results derived from this run are faithful only up to this event.
16-Aug-26 05:34:23 - epoch 99: Non-finite (NaN/Inf) detected in edge_logits_vl (Phase 2): 259200 of 259200 values -- sanitizing to 0.0 (neutral logit). Results derived from this run are faithful only up to this event.
16-Aug-26 05:34:24 - epoch 99: Non-finite (NaN/Inf) detected in edge_logits_vl (Phase 1): 259200 of 259200 values -- sanitizing to 0.0 (neutral logit). Results derived from this run are faithful only up to this event.
16-Aug-26 05:34:26 - epoch 99: Non-finite (NaN/Inf) detected in edge_logits_vl (Phase 2): 259200 of 259200 values -- sanitizing to 0.0 (neutral logit). Results derived from this run are faithful only up to this event.
16-Aug-26 05:34:27 - epoch 99: Non-finite (NaN/Inf) detected in edge_logits_vl (Phase 1): 259200 of 259200 values -- sanitizing to 0.0 (neutral logit). Results derived from this run are faithful only up to this event.
16-Aug-26 05:34:29 - epoch 99: Non-finite (NaN/Inf) detected in edge_logits_vl (Phase 2): 259200 of 259200 values -- sanitizing to 0.0 (neutral logit). Results derived from this run are faithful only up to this event.
16-Aug-26 05:34:30 - epoch 99: Non-finite (NaN/Inf) detected in edge_logits_vl (Phase 1): 259200 of 259200 values -- sanitizing to 0.0 (neutral logit). Results derived from this run are faithful only up to this event.
16-Aug-26 05:34:32 - epoch 99: Non-finite (NaN/Inf) detected in edge_logits_vl (Phase 2): 259200 of 259200 values -- sanitizing to 0.0 (neutral logit). Results derived from this run are faithful only up to this event.
16-Aug-26 05:34:35 - epoch 99: Non-finite (NaN/Inf) detected in edge_logits_vl (Phase 1): 259200 of 259200 values -- sanitizing to 0.0 (neutral logit). Results derived from this run are faithful only up to this event.
16-Aug-26 05:34:39 - epoch 99: Non-finite (NaN/Inf) detected in edge_logits_vl (Phase 2): 259200 of 259200 values -- sanitizing to 0.0 (neutral logit). Results derived from this run are faithful only up to this event.
16-Aug-26 05:34:42 - epoch 99: Non-finite (NaN/Inf) detected in edge_logits_vl (Phase 1): 259200 of 259200 values -- sanitizing to 0.0 (neutral logit). Results derived from this run are faithful only up to this event.
16-Aug-26 05:34:44 - epoch 99: Non-finite (NaN/Inf) detected in edge_logits_vl (Phase 2): 259200 of 259200 values -- sanitizing to 0.0 (neutral logit). Results derived from this run are faithful only up to this event.
16-Aug-26 05:34:45 - epoch 99: Non-finite (NaN/Inf) detected in edge_logits_vl (Phase 1): 259200 of 259200 values -- sanitizing to 0.0 (neutral logit). Results derived from this run are faithful only up to this event.
16-Aug-26 05:34:47 - epoch 99: Non-finite (NaN/Inf) detected in edge_logits_vl (Phase 2): 259200 of 259200 values -- sanitizing to 0.0 (neutral logit). Results derived from this run are faithful only up to this event.
16-Aug-26 05:34:48 - epoch 99: Non-finite (NaN/Inf) detected in edge_logits_vl (Phase 1): 259200 of 259200 values -- sanitizing to 0.0 (neutral logit). Results derived from this run are faithful only up to this event.
16-Aug-26 05:34:50 - epoch 99: Non-finite (NaN/Inf) detected in edge_logits_vl (Phase 2): 259200 of 259200 values -- sanitizing to 0.0 (neutral logit). Results derived from this run are faithful only up to this event.
16-Aug-26 05:34:51 - epoch 99: Non-finite (NaN/Inf) detected in edge_logits_vl (Phase 1): 259200 of 259200 values -- sanitizing to 0.0 (neutral logit). Results derived from this run are faithful only up to this event.
16-Aug-26 05:34:53 - epoch 99: Non-finite (NaN/Inf) detected in edge_logits_vl (Phase 2): 259200 of 259200 values -- sanitizing to 0.0 (neutral logit). Results derived from this run are faithful only up to this event.
16-Aug-26 05:34:54 - epoch 99: Non-finite (NaN/Inf) detected in edge_logits_vl (Phase 1): 259200 of 259200 values -- sanitizing to 0.0 (neutral logit). Results derived from this run are faithful only up to this event.
16-Aug-26 05:34:56 - epoch 99: Non-finite (NaN/Inf) detected in edge_logits_vl (Phase 2): 259200 of 259200 values -- sanitizing to 0.0 (neutral logit). Results derived from this run are faithful only up to this event.
16-Aug-26 05:34:58 - epoch 99: Non-finite (NaN/Inf) detected in edge_logits_vl (Phase 1): 259200 of 259200 values -- sanitizing to 0.0 (neutral logit). Results derived from this run are faithful only up to this event.
16-Aug-26 05:34:59 - epoch 99: Non-finite (NaN/Inf) detected in edge_logits_vl (Phase 2): 259200 of 259200 values -- sanitizing to 0.0 (neutral logit). Results derived from this run are faithful only up to this event.
16-Aug-26 05:35:01 - epoch 99: Non-finite (NaN/Inf) detected in edge_logits_vl (Phase 1): 259200 of 259200 values -- sanitizing to 0.0 (neutral logit). Results derived from this run are faithful only up to this event.
16-Aug-26 05:35:02 - epoch 99: Non-finite (NaN/Inf) detected in edge_logits_vl (Phase 2): 259200 of 259200 values -- sanitizing to 0.0 (neutral logit). Results derived from this run are faithful only up to this event.
16-Aug-26 05:35:04 - epoch 99: Non-finite (NaN/Inf) detected in edge_logits_vl (Phase 1): 259200 of 259200 values -- sanitizing to 0.0 (neutral logit). Results derived from this run are faithful only up to this event.
16-Aug-26 05:35:05 - epoch 99: Non-finite (NaN/Inf) detected in edge_logits_vl (Phase 2): 259200 of 259200 values -- sanitizing to 0.0 (neutral logit). Results derived from this run are faithful only up to this event.
16-Aug-26 05:35:07 - epoch 99: Non-finite (NaN/Inf) detected in edge_logits_vl (Phase 1): 259200 of 259200 values -- sanitizing to 0.0 (neutral logit). Results derived from this run are faithful only up to this event.
16-Aug-26 05:35:08 - epoch 99: Non-finite (NaN/Inf) detected in edge_logits_vl (Phase 2): 259200 of 259200 values -- sanitizing to 0.0 (neutral logit). Results derived from this run are faithful only up to this event.
16-Aug-26 05:35:10 - epoch 99: Non-finite (NaN/Inf) detected in edge_logits_vl (Phase 1): 259200 of 259200 values -- sanitizing to 0.0 (neutral logit). Results derived from this run are faithful only up to this event.
16-Aug-26 05:35:11 - epoch 99: Non-finite (NaN/Inf) detected in edge_logits_vl (Phase 2): 259200 of 259200 values -- sanitizing to 0.0 (neutral logit). Results derived from this run are faithful only up to this event.
16-Aug-26 05:35:13 - epoch 99: Non-finite (NaN/Inf) detected in edge_logits_vl (Phase 1): 259200 of 259200 values -- sanitizing to 0.0 (neutral logit). Results derived from this run are faithful only up to this event.
16-Aug-26 05:35:14 - epoch 99: Non-finite (NaN/Inf) detected in edge_logits_vl (Phase 2): 259200 of 259200 values -- sanitizing to 0.0 (neutral logit). Results derived from this run are faithful only up to this event.
16-Aug-26 05:35:16 - epoch 99: Non-finite (NaN/Inf) detected in edge_logits_vl (Phase 1): 259200 of 259200 values -- sanitizing to 0.0 (neutral logit). Results derived from this run are faithful only up to this event.
16-Aug-26 05:35:17 - epoch 99: Non-finite (NaN/Inf) detected in edge_logits_vl (Phase 2): 259200 of 259200 values -- sanitizing to 0.0 (neutral logit). Results derived from this run are faithful only up to this event.
16-Aug-26 05:35:19 - epoch 99: Non-finite (NaN/Inf) detected in edge_logits_vl (Phase 1): 259200 of 259200 values -- sanitizing to 0.0 (neutral logit). Results derived from this run are faithful only up to this event.
16-Aug-26 05:35:20 - epoch 99: Non-finite (NaN/Inf) detected in edge_logits_vl (Phase 2): 259200 of 259200 values -- sanitizing to 0.0 (neutral logit). Results derived from this run are faithful only up to this event.
16-Aug-26 05:35:22 - epoch 99: Non-finite (NaN/Inf) detected in edge_logits_vl (Phase 1): 259200 of 259200 values -- sanitizing to 0.0 (neutral logit). Results derived from this run are faithful only up to this event.
16-Aug-26 05:35:23 - epoch 99: Non-finite (NaN/Inf) detected in edge_logits_vl (Phase 2): 259200 of 259200 values -- sanitizing to 0.0 (neutral logit). Results derived from this run are faithful only up to this event.
16-Aug-26 05:35:25 - epoch 99: Non-finite (NaN/Inf) detected in edge_logits_vl (Phase 1): 259200 of 259200 values -- sanitizing to 0.0 (neutral logit). Results derived from this run are faithful only up to this event.
16-Aug-26 05:35:26 - epoch 99: Non-finite (NaN/Inf) detected in edge_logits_vl (Phase 2): 259200 of 259200 values -- sanitizing to 0.0 (neutral logit). Results derived from this run are faithful only up to this event.
16-Aug-26 05:35:28 - epoch 99: Non-finite (NaN/Inf) detected in edge_logits_vl (Phase 1): 259200 of 259200 values -- sanitizing to 0.0 (neutral logit). Results derived from this run are faithful only up to this event.
16-Aug-26 05:35:29 - epoch 99: Non-finite (NaN/Inf) detected in edge_logits_vl (Phase 2): 259200 of 259200 values -- sanitizing to 0.0 (neutral logit). Results derived from this run are faithful only up to this event.
16-Aug-26 05:35:31 - epoch 99: Non-finite (NaN/Inf) detected in edge_logits_vl (Phase 1): 259200 of 259200 values -- sanitizing to 0.0 (neutral logit). Results derived from this run are faithful only up to this event.
16-Aug-26 05:35:32 - epoch 99: Non-finite (NaN/Inf) detected in edge_logits_vl (Phase 2): 259200 of 259200 values -- sanitizing to 0.0 (neutral logit). Results derived from this run are faithful only up to this event.
16-Aug-26 05:35:34 - epoch 99: Non-finite (NaN/Inf) detected in edge_logits_vl (Phase 1): 226800 of 226800 values -- sanitizing to 0.0 (neutral logit). Results derived from this run are faithful only up to this event.
16-Aug-26 05:35:35 - epoch 99: Non-finite (NaN/Inf) detected in edge_logits_vl (Phase 2): 226800 of 226800 values -- sanitizing to 0.0 (neutral logit). Results derived from this run are faithful only up to this event.
16-Aug-26 05:35:36 - Epoch 99, Model Loss 1.938204344845217, View Loss nan, Reg 0.5000374501719136
16-Aug-26 05:35:36 - epoch 100: Non-finite (NaN/Inf) detected in edge_logits_vl (Phase 1): 259200 of 259200 values -- sanitizing to 0.0 (neutral logit). Results derived from this run are faithful only up to this event.
16-Aug-26 05:35:38 - epoch 100: Non-finite (NaN/Inf) detected in edge_logits_vl (Phase 2): 259200 of 259200 values -- sanitizing to 0.0 (neutral logit). Results derived from this run are faithful only up to this event.
16-Aug-26 05:35:39 - epoch 100: Non-finite (NaN/Inf) detected in edge_logits_vl (Phase 1): 259200 of 259200 values -- sanitizing to 0.0 (neutral logit). Results derived from this run are faithful only up to this event.
16-Aug-26 05:35:41 - epoch 100: Non-finite (NaN/Inf) detected in edge_logits_vl (Phase 2): 259200 of 259200 values -- sanitizing to 0.0 (neutral logit). Results derived from this run are faithful only up to this event.
16-Aug-26 05:35:42 - epoch 100: Non-finite (NaN/Inf) detected in edge_logits_vl (Phase 1): 259200 of 259200 values -- sanitizing to 0.0 (neutral logit). Results derived from this run are faithful only up to this event.
16-Aug-26 05:35:44 - epoch 100: Non-finite (NaN/Inf) detected in edge_logits_vl (Phase 2): 259200 of 259200 values -- sanitizing to 0.0 (neutral logit). Results derived from this run are faithful only up to this event.
16-Aug-26 05:35:45 - epoch 100: Non-finite (NaN/Inf) detected in edge_logits_vl (Phase 1): 259200 of 259200 values -- sanitizing to 0.0 (neutral logit). Results derived from this run are faithful only up to this event.
16-Aug-26 05:35:47 - epoch 100: Non-finite (NaN/Inf) detected in edge_logits_vl (Phase 2): 259200 of 259200 values -- sanitizing to 0.0 (neutral logit). Results derived from this run are faithful only up to this event.
16-Aug-26 05:35:48 - epoch 100: Non-finite (NaN/Inf) detected in edge_logits_vl (Phase 1): 259200 of 259200 values -- sanitizing to 0.0 (neutral logit). Results derived from this run are faithful only up to this event.
16-Aug-26 05:35:49 - epoch 100: Non-finite (NaN/Inf) detected in edge_logits_vl (Phase 2): 259200 of 259200 values -- sanitizing to 0.0 (neutral logit). Results derived from this run are faithful only up to this event.
16-Aug-26 05:35:51 - epoch 100: Non-finite (NaN/Inf) detected in edge_logits_vl (Phase 1): 259200 of 259200 values -- sanitizing to 0.0 (neutral logit). Results derived from this run are faithful only up to this event.
16-Aug-26 05:35:52 - epoch 100: Non-finite (NaN/Inf) detected in edge_logits_vl (Phase 2): 259200 of 259200 values -- sanitizing to 0.0 (neutral logit). Results derived from this run are faithful only up to this event.
16-Aug-26 05:35:54 - epoch 100: Non-finite (NaN/Inf) detected in edge_logits_vl (Phase 1): 259200 of 259200 values -- sanitizing to 0.0 (neutral logit). Results derived from this run are faithful only up to this event.
16-Aug-26 05:35:55 - epoch 100: Non-finite (NaN/Inf) detected in edge_logits_vl (Phase 2): 259200 of 259200 values -- sanitizing to 0.0 (neutral logit). Results derived from this run are faithful only up to this event.
16-Aug-26 05:35:57 - epoch 100: Non-finite (NaN/Inf) detected in edge_logits_vl (Phase 1): 259200 of 259200 values -- sanitizing to 0.0 (neutral logit). Results derived from this run are faithful only up to this event.
16-Aug-26 05:35:58 - epoch 100: Non-finite (NaN/Inf) detected in edge_logits_vl (Phase 2): 259200 of 259200 values -- sanitizing to 0.0 (neutral logit). Results derived from this run are faithful only up to this event.
16-Aug-26 05:36:00 - epoch 100: Non-finite (NaN/Inf) detected in edge_logits_vl (Phase 1): 259200 of 259200 values -- sanitizing to 0.0 (neutral logit). Results derived from this run are faithful only up to this event.
16-Aug-26 05:36:01 - epoch 100: Non-finite (NaN/Inf) detected in edge_logits_vl (Phase 2): 259200 of 259200 values -- sanitizing to 0.0 (neutral logit). Results derived from this run are faithful only up to this event.
16-Aug-26 05:36:03 - epoch 100: Non-finite (NaN/Inf) detected in edge_logits_vl (Phase 1): 259200 of 259200 values -- sanitizing to 0.0 (neutral logit). Results derived from this run are faithful only up to this event.
16-Aug-26 05:36:04 - epoch 100: Non-finite (NaN/Inf) detected in edge_logits_vl (Phase 2): 259200 of 259200 values -- sanitizing to 0.0 (neutral logit). Results derived from this run are faithful only up to this event.
16-Aug-26 05:36:06 - epoch 100: Non-finite (NaN/Inf) detected in edge_logits_vl (Phase 1): 259200 of 259200 values -- sanitizing to 0.0 (neutral logit). Results derived from this run are faithful only up to this event.
16-Aug-26 05:36:07 - epoch 100: Non-finite (NaN/Inf) detected in edge_logits_vl (Phase 2): 259200 of 259200 values -- sanitizing to 0.0 (neutral logit). Results derived from this run are faithful only up to this event.
16-Aug-26 05:36:09 - epoch 100: Non-finite (NaN/Inf) detected in edge_logits_vl (Phase 1): 259200 of 259200 values -- sanitizing to 0.0 (neutral logit). Results derived from this run are faithful only up to this event.
16-Aug-26 05:36:10 - epoch 100: Non-finite (NaN/Inf) detected in edge_logits_vl (Phase 2): 259200 of 259200 values -- sanitizing to 0.0 (neutral logit). Results derived from this run are faithful only up to this event.
16-Aug-26 05:36:12 - epoch 100: Non-finite (NaN/Inf) detected in edge_logits_vl (Phase 1): 259200 of 259200 values -- sanitizing to 0.0 (neutral logit). Results derived from this run are faithful only up to this event.
16-Aug-26 05:36:13 - epoch 100: Non-finite (NaN/Inf) detected in edge_logits_vl (Phase 2): 259200 of 259200 values -- sanitizing to 0.0 (neutral logit). Results derived from this run are faithful only up to this event.
16-Aug-26 05:36:15 - epoch 100: Non-finite (NaN/Inf) detected in edge_logits_vl (Phase 1): 259200 of 259200 values -- sanitizing to 0.0 (neutral logit). Results derived from this run are faithful only up to this event.
16-Aug-26 05:36:16 - epoch 100: Non-finite (NaN/Inf) detected in edge_logits_vl (Phase 2): 259200 of 259200 values -- sanitizing to 0.0 (neutral logit). Results derived from this run are faithful only up to this event.
16-Aug-26 05:36:18 - epoch 100: Non-finite (NaN/Inf) detected in edge_logits_vl (Phase 1): 259200 of 259200 values -- sanitizing to 0.0 (neutral logit). Results derived from this run are faithful only up to this event.
16-Aug-26 05:36:20 - epoch 100: Non-finite (NaN/Inf) detected in edge_logits_vl (Phase 2): 259200 of 259200 values -- sanitizing to 0.0 (neutral logit). Results derived from this run are faithful only up to this event.
16-Aug-26 05:36:21 - epoch 100: Non-finite (NaN/Inf) detected in edge_logits_vl (Phase 1): 259200 of 259200 values -- sanitizing to 0.0 (neutral logit). Results derived from this run are faithful only up to this event.
16-Aug-26 05:36:22 - epoch 100: Non-finite (NaN/Inf) detected in edge_logits_vl (Phase 2): 259200 of 259200 values -- sanitizing to 0.0 (neutral logit). Results derived from this run are faithful only up to this event.
16-Aug-26 05:36:24 - epoch 100: Non-finite (NaN/Inf) detected in edge_logits_vl (Phase 1): 259200 of 259200 values -- sanitizing to 0.0 (neutral logit). Results derived from this run are faithful only up to this event.
16-Aug-26 05:36:25 - epoch 100: Non-finite (NaN/Inf) detected in edge_logits_vl (Phase 2): 259200 of 259200 values -- sanitizing to 0.0 (neutral logit). Results derived from this run are faithful only up to this event.
16-Aug-26 05:36:27 - epoch 100: Non-finite (NaN/Inf) detected in edge_logits_vl (Phase 1): 259200 of 259200 values -- sanitizing to 0.0 (neutral logit). Results derived from this run are faithful only up to this event.
16-Aug-26 05:36:29 - epoch 100: Non-finite (NaN/Inf) detected in edge_logits_vl (Phase 2): 259200 of 259200 values -- sanitizing to 0.0 (neutral logit). Results derived from this run are faithful only up to this event.
16-Aug-26 05:36:30 - epoch 100: Non-finite (NaN/Inf) detected in edge_logits_vl (Phase 1): 259200 of 259200 values -- sanitizing to 0.0 (neutral logit). Results derived from this run are faithful only up to this event.
16-Aug-26 05:36:32 - epoch 100: Non-finite (NaN/Inf) detected in edge_logits_vl (Phase 2): 259200 of 259200 values -- sanitizing to 0.0 (neutral logit). Results derived from this run are faithful only up to this event.
16-Aug-26 05:36:33 - epoch 100: Non-finite (NaN/Inf) detected in edge_logits_vl (Phase 1): 259200 of 259200 values -- sanitizing to 0.0 (neutral logit). Results derived from this run are faithful only up to this event.
16-Aug-26 05:36:35 - epoch 100: Non-finite (NaN/Inf) detected in edge_logits_vl (Phase 2): 259200 of 259200 values -- sanitizing to 0.0 (neutral logit). Results derived from this run are faithful only up to this event.
16-Aug-26 05:36:36 - epoch 100: Non-finite (NaN/Inf) detected in edge_logits_vl (Phase 1): 259200 of 259200 values -- sanitizing to 0.0 (neutral logit). Results derived from this run are faithful only up to this event.
16-Aug-26 05:36:38 - epoch 100: Non-finite (NaN/Inf) detected in edge_logits_vl (Phase 2): 259200 of 259200 values -- sanitizing to 0.0 (neutral logit). Results derived from this run are faithful only up to this event.
16-Aug-26 05:36:39 - epoch 100: Non-finite (NaN/Inf) detected in edge_logits_vl (Phase 1): 259200 of 259200 values -- sanitizing to 0.0 (neutral logit). Results derived from this run are faithful only up to this event.
16-Aug-26 05:36:41 - epoch 100: Non-finite (NaN/Inf) detected in edge_logits_vl (Phase 2): 259200 of 259200 values -- sanitizing to 0.0 (neutral logit). Results derived from this run are faithful only up to this event.
16-Aug-26 05:36:42 - epoch 100: Non-finite (NaN/Inf) detected in edge_logits_vl (Phase 1): 259200 of 259200 values -- sanitizing to 0.0 (neutral logit). Results derived from this run are faithful only up to this event.
16-Aug-26 05:36:44 - epoch 100: Non-finite (NaN/Inf) detected in edge_logits_vl (Phase 2): 259200 of 259200 values -- sanitizing to 0.0 (neutral logit). Results derived from this run are faithful only up to this event.
16-Aug-26 05:36:45 - epoch 100: Non-finite (NaN/Inf) detected in edge_logits_vl (Phase 1): 259200 of 259200 values -- sanitizing to 0.0 (neutral logit). Results derived from this run are faithful only up to this event.
16-Aug-26 05:36:47 - epoch 100: Non-finite (NaN/Inf) detected in edge_logits_vl (Phase 2): 259200 of 259200 values -- sanitizing to 0.0 (neutral logit). Results derived from this run are faithful only up to this event.
16-Aug-26 05:36:48 - epoch 100: Non-finite (NaN/Inf) detected in edge_logits_vl (Phase 1): 259200 of 259200 values -- sanitizing to 0.0 (neutral logit). Results derived from this run are faithful only up to this event.
16-Aug-26 05:36:50 - epoch 100: Non-finite (NaN/Inf) detected in edge_logits_vl (Phase 2): 259200 of 259200 values -- sanitizing to 0.0 (neutral logit). Results derived from this run are faithful only up to this event.
16-Aug-26 05:36:51 - epoch 100: Non-finite (NaN/Inf) detected in edge_logits_vl (Phase 1): 259200 of 259200 values -- sanitizing to 0.0 (neutral logit). Results derived from this run are faithful only up to this event.
16-Aug-26 05:36:53 - epoch 100: Non-finite (NaN/Inf) detected in edge_logits_vl (Phase 2): 259200 of 259200 values -- sanitizing to 0.0 (neutral logit). Results derived from this run are faithful only up to this event.
16-Aug-26 05:36:54 - epoch 100: Non-finite (NaN/Inf) detected in edge_logits_vl (Phase 1): 259200 of 259200 values -- sanitizing to 0.0 (neutral logit). Results derived from this run are faithful only up to this event.
16-Aug-26 05:36:56 - epoch 100: Non-finite (NaN/Inf) detected in edge_logits_vl (Phase 2): 259200 of 259200 values -- sanitizing to 0.0 (neutral logit). Results derived from this run are faithful only up to this event.
16-Aug-26 05:36:57 - epoch 100: Non-finite (NaN/Inf) detected in edge_logits_vl (Phase 1): 259200 of 259200 values -- sanitizing to 0.0 (neutral logit). Results derived from this run are faithful only up to this event.
16-Aug-26 05:36:59 - epoch 100: Non-finite (NaN/Inf) detected in edge_logits_vl (Phase 2): 259200 of 259200 values -- sanitizing to 0.0 (neutral logit). Results derived from this run are faithful only up to this event.
16-Aug-26 05:37:00 - epoch 100: Non-finite (NaN/Inf) detected in edge_logits_vl (Phase 1): 259200 of 259200 values -- sanitizing to 0.0 (neutral logit). Results derived from this run are faithful only up to this event.
16-Aug-26 05:37:02 - epoch 100: Non-finite (NaN/Inf) detected in edge_logits_vl (Phase 2): 259200 of 259200 values -- sanitizing to 0.0 (neutral logit). Results derived from this run are faithful only up to this event.
16-Aug-26 05:37:03 - epoch 100: Non-finite (NaN/Inf) detected in edge_logits_vl (Phase 1): 226800 of 226800 values -- sanitizing to 0.0 (neutral logit). Results derived from this run are faithful only up to this event.
16-Aug-26 05:37:05 - epoch 100: Non-finite (NaN/Inf) detected in edge_logits_vl (Phase 2): 226800 of 226800 values -- sanitizing to 0.0 (neutral logit). Results derived from this run are faithful only up to this event.
16-Aug-26 05:37:06 - Epoch 100, Model Loss 1.895862218226349, View Loss nan, Reg 0.5000070378371363
/users/3171356m/miniconda3/envs/grastiacl/lib/python3.12/site-packages/torch_geometric/data/in_memory_dataset.py:300: UserWarning: It is not recommended to directly access the internal storage format `data` of an 'InMemoryDataset'. The data of the dataset is already cached, so any modifications to `data` will not be reflected when accessing its elements. Clearing the cache now by removing all elements in `dataset._data_list`. If you are absolutely certain what you are doing, access the internal storage via `InMemoryDataset._data` instead to suppress this warning. Alternatively, you can access stacked individual attributes of every graph via `dataset.{attr_name}`.
  warnings.warn(msg)
16-Aug-26 05:37:46 - Metric: accuracy Train_mean: 0.5733967673266798 Val_mean: 0.5163398692810457 Test_mean: 0.5282613438045376
16-Aug-26 05:37:46 - Metric: accuracy Train_std: 0.020086459908276764 Val_std: 0.0340873328376609 Test_std: 0.03221243663861705
16-Aug-26 05:37:46 - Metric: f1 Train_mean: 0.5137159654666984 Val_mean: 0.47694528187678875 Test_mean: 0.4786821064240419
16-Aug-26 05:37:46 - Metric: f1 Train_std: 0.04019033030397155 Val_std: 0.047469472273456756 Test_std: 0.03672466727445014
16-Aug-26 05:37:46 - Metric: sen Train_mean: 0.4769759433780895 Val_mean: 0.4657534182773505 Test_mean: 0.45714285211930933
16-Aug-26 05:37:46 - Metric: sen Train_std: 0.05731315922404932 Val_std: 0.06710930710215136 Test_std: 0.05410344391135192
16-Aug-26 05:37:46 - Metric: spe Train_mean: 0.6608625368807157 Val_mean: 0.5624999929687501 Test_mean: 0.5929306871505873
16-Aug-26 05:37:46 - Metric: spe Train_std: 0.038152925125233036 Val_std: 0.06519202323712618 Test_std: 0.07059786623438276
16-Aug-26 05:37:46 - Metric: precision Train_mean: 0.5601795639076745 Val_mean: 0.4929447711311358 Test_mean: 0.5070716502598526
16-Aug-26 05:37:46 - Metric: precision Train_std: 0.022244102771387626 Val_std: 0.0348577008192363 Test_std: 0.03571993981199323
16-Aug-26 05:37:46 - FinishedTraining!
16-Aug-26 05:37:46 - BestEpoch: 0
16-Aug-26 05:37:46 - BestTrainScore: acc_mean: 0.5724094220339527 acc_std: 0.00854790323026708 f1_mean: 0.49950685942758843 f1_std: 0.010998126084264304 sen_mean: 0.44879724931684795 sen_std: 0.01605954832357257 spe_mean: 0.6845346551870451 spe_std: 0.019605964559500626 pre_mean: 0.5637182584983829 pre_std: 0.012754142907667135
16-Aug-26 05:37:46 - BestValidationScore: acc_mean: 0.5411764705882354 acc_std: 0.027232243994770807 f1_mean: 0.4806594491537092 f1_std: 0.05026758991383822 sen_mean: 0.44931506233814983 sen_std: 0.06843833329151215 spe_mean: 0.6249999921875001 spe_std: 0.05062114119552719 pre_mean: 0.5212504488975077 pre_std: 0.03155826951575686
16-Aug-26 05:37:46 - BestTestScore: acc_mean: 0.512532722513089 acc_std: 0.025646518834848954 f1_mean: 0.4360620880091794 f1_std: 0.03258166823399877 sen_mean: 0.39780219343074513 sen_std: 0.04784954025896603 spe_mean: 0.6168514789913715 spe_std: 0.06023755805665781 pre_mean: 0.48662120077936316 pre_std: 0.029702521452610306 auc_mean:0.5316766401914916 auc_std:0.026518635307867442
