08-Aug-26 12:25:55 - Using Device: cuda
08-Aug-26 12:25:55 - Seed: 123
08-Aug-26 12:25:55 - Namespace(name='GraSTIACL_ABIDE_979', path='/users/3171356m/muhammad/GraSTIACL/data/GraSTIACL_ABIDE_979', template=90, num_dyn_windows=3, model_lr=0.0005, view_lr=0.0005, num_gc_layers=2, pooling_type='standard', emb_dim=512, vib_hidden_dim=400, batch_size=256, drop_ratio=0.3, epochs=300, kld_lambda=0.003, reg_lambda=0.2, gamma_mode='paper_literal', node_feature_mode='alff_pcc', mij_source='alff', eval_interval=5, downstream_classifier='linear', ce_lambda=2.0, seed=123)
/users/3171356m/muhammad/GraSTIACL/datasets/Dataset.py:45: FutureWarning: You are using `torch.load` with `weights_only=False` (the current default value), which uses the default pickle module implicitly. It is possible to construct malicious pickle data which will execute arbitrary code during unpickling (See https://github.com/pytorch/pytorch/blob/main/SECURITY.md#untrusted-models for more details). In a future release, the default value for `weights_only` will be flipped to `True`. This limits the functions that could be executed during unpickling. Arbitrary objects will no longer be allowed to be loaded via this mode unless they are explicitly allowlisted by the user via `torch.serialization.add_safe_globals`. We recommend you start setting `weights_only=True` for any use case where you don't have full control of the loaded file. Please open an issue on GitHub for any issues related to this experimental feature.
  self.data, self.slices = torch.load(path)
/users/3171356m/miniconda3/envs/grastiacl/lib/python3.12/site-packages/torch_geometric/data/in_memory_dataset.py:300: UserWarning: It is not recommended to directly access the internal storage format `data` of an 'InMemoryDataset'. If you are absolutely certain what you are doing, access the internal storage via `InMemoryDataset._data` instead to suppress this warning. Alternatively, you can access stacked individual attributes of every graph via `dataset.{attr_name}`.
  warnings.warn(msg)
08-Aug-26 12:26:42 - Before training Embedding Eval Scores: Train: [0.759386733416771, 0.04600142349815104, 0.7453829089322725, 0.04833333562053081, 0.7402061830233464, 0.048090324740681784, 0.7767990629991413, 0.04755929219334705, 0.7509335501098582, 0.05064031520327274] Val: [0.6026143790849673, 0.011244869630121076, 0.5883159281223307, 0.024756086199594345, 0.5972602657909553, 0.04633297066746003, 0.6074999924062501, 0.029154759109792004, 0.5812714025971855, 0.008718854405608096] Test: [0.6139888743455497, 0.02124820205010548, 0.5908178567429182, 0.027702759080340107, 0.5868131803646903, 0.04146804847642414, 0.638673260953136, 0.03357732711293765, 0.5961599539877269, 0.02237945480934592, 0.639069742139049, 0.04212900399851647]
08-Aug-26 12:28:22 - Epoch 1, Model Loss 2.0966315154749977, View Loss -8.186201813829493, Reg 0.4557292800568138
08-Aug-26 12:29:59 - Epoch 2, Model Loss 1.1748458720650135, View Loss -6.307376831645247, Reg 0.37791254168773797
08-Aug-26 12:31:37 - Epoch 3, Model Loss 1.0560941661252137, View Loss -2.857596204869418, Reg 0.42923388209303054
08-Aug-26 12:33:15 - Epoch 4, Model Loss 0.9517218829697645, View Loss -2.02877890215758, Reg 0.4233609350655368
08-Aug-26 12:34:52 - Epoch 5, Model Loss 0.8690569812283855, View Loss -1.5254212752545728, Reg 0.4312055498735675
/users/3171356m/miniconda3/envs/grastiacl/lib/python3.12/site-packages/torch_geometric/data/in_memory_dataset.py:300: UserWarning: It is not recommended to directly access the internal storage format `data` of an 'InMemoryDataset'. The data of the dataset is already cached, so any modifications to `data` will not be reflected when accessing its elements. Clearing the cache now by removing all elements in `dataset._data_list`. If you are absolutely certain what you are doing, access the internal storage via `InMemoryDataset._data` instead to suppress this warning. Alternatively, you can access stacked individual attributes of every graph via `dataset.{attr_name}`.
  warnings.warn(msg)
08-Aug-26 12:35:56 - Metric: accuracy Train_mean: 0.7950252987174139 Val_mean: 0.6013071895424836 Test_mean: 0.580519197207679
08-Aug-26 12:35:56 - Metric: accuracy Train_std: 0.03594740386973222 Val_std: 0.013071895424836588 Test_std: 0.027129346932684418
08-Aug-26 12:35:56 - Metric: f1 Train_mean: 0.7829311681750165 Val_mean: 0.5836602507030934 Test_mean: 0.5597018787274913
08-Aug-26 12:35:56 - Metric: f1 Train_std: 0.03885431001108895 Val_std: 0.01452812240143548 Test_std: 0.02939256372955023
08-Aug-26 12:35:56 - Metric: sen Train_mean: 0.7780068701786705 Val_mean: 0.5863013618314883 Test_mean: 0.560439554280884
08-Aug-26 12:35:56 - Metric: sen Train_std: 0.04328260189616644 Val_std: 0.029252268782931412 Test_std: 0.03259867431032518
08-Aug-26 12:35:56 - Metric: spe Train_mean: 0.8104692342337346 Val_mean: 0.6149999923125001 Test_mean: 0.5987128653127438
08-Aug-26 12:35:56 - Metric: spe Train_std: 0.03218529171506119 Val_std: 0.03657184663867139 Test_std: 0.028247370057967278
08-Aug-26 12:35:56 - Metric: precision Train_mean: 0.7881435693025999 Val_mean: 0.5822282333590856 Test_mean: 0.5591819029858212
08-Aug-26 12:35:56 - Metric: precision Train_std: 0.036024779584226355 Val_std: 0.016770279317260536 Test_std: 0.028220894760028332
08-Aug-26 12:37:34 - Epoch 6, Model Loss 0.8690796701479158, View Loss -2.482112345835155, Reg 0.4293017041982467
08-Aug-26 12:39:12 - Epoch 7, Model Loss 0.8191783258605702, View Loss -3.124014240927277, Reg 0.41901189936753597
08-Aug-26 12:40:51 - Epoch 8, Model Loss 0.7946553983448938, View Loss -3.2490692437942057, Reg 0.4108322855069548
08-Aug-26 12:42:30 - Epoch 9, Model Loss 0.776640888786715, View Loss -3.175445267346115, Reg 0.40778755343608775
08-Aug-26 12:44:08 - Epoch 10, Model Loss 0.7815285561972583, View Loss -3.144560476726069, Reg 0.41019623923002424
/users/3171356m/miniconda3/envs/grastiacl/lib/python3.12/site-packages/torch_geometric/data/in_memory_dataset.py:300: UserWarning: It is not recommended to directly access the internal storage format `data` of an 'InMemoryDataset'. The data of the dataset is already cached, so any modifications to `data` will not be reflected when accessing its elements. Clearing the cache now by removing all elements in `dataset._data_list`. If you are absolutely certain what you are doing, access the internal storage via `InMemoryDataset._data` instead to suppress this warning. Alternatively, you can access stacked individual attributes of every graph via `dataset.{attr_name}`.
  warnings.warn(msg)
08-Aug-26 12:45:05 - Metric: accuracy Train_mean: 0.7813014130911502 Val_mean: 0.5869281045751634 Test_mean: 0.5867964659685864
08-Aug-26 12:45:05 - Metric: accuracy Train_std: 0.005588599572775649 Val_std: 0.011244869630121064 Test_std: 0.023089785257389625
08-Aug-26 12:45:05 - Metric: f1 Train_mean: 0.7712254351110879 Val_mean: 0.5678996869828062 Test_mean: 0.5730997774651426
08-Aug-26 12:45:05 - Metric: f1 Train_std: 0.007354498572300314 Val_std: 0.01473569100756382 Test_std: 0.01975025020659333
08-Aug-26 12:45:05 - Metric: sen Train_mean: 0.775257729294647 Val_mean: 0.5698630058922877 Test_mean: 0.5824175760173893
08-Aug-26 12:45:05 - Metric: sen Train_std: 0.014676396172289115 Val_std: 0.03421916664575609 Test_std: 0.01838813224923096
08-Aug-26 12:45:05 - Metric: spe Train_mean: 0.786783486644001 Val_mean: 0.6024999924687501 Test_mean: 0.5907524693523517
08-Aug-26 12:45:05 - Metric: spe Train_std: 0.008927951584227376 Val_std: 0.04138236287583759 Test_std: 0.03416743139762231
08-Aug-26 12:45:05 - Metric: precision Train_mean: 0.7674154443887782 Val_mean: 0.5676497436151502 Test_mean: 0.5643450210378682
08-Aug-26 12:45:05 - Metric: precision Train_std: 0.006070722861504534 Val_std: 0.01633249438469329 Test_std: 0.02403710408649938
08-Aug-26 12:46:43 - Epoch 11, Model Loss 0.8031396835917708, View Loss -3.1031595702949426, Reg 0.4152727363997423
08-Aug-26 12:48:20 - Epoch 12, Model Loss 0.9446672772263882, View Loss -3.014068773102062, Reg 0.43997318437907484
08-Aug-26 12:49:58 - Epoch 13, Model Loss 1.7816573785438696, View Loss -2.8127376803793167, Reg 0.5239637688612838
08-Aug-26 12:51:37 - Epoch 14, Model Loss 4.4757173370616705, View Loss -1.8313636440612282, Reg 0.5023053915680203
08-Aug-26 12:53:15 - Epoch 15, Model Loss 5.086728024183457, View Loss 0.7405970266174572, Reg 0.43463958057898355
/users/3171356m/miniconda3/envs/grastiacl/lib/python3.12/site-packages/torch_geometric/data/in_memory_dataset.py:300: UserWarning: It is not recommended to directly access the internal storage format `data` of an 'InMemoryDataset'. The data of the dataset is already cached, so any modifications to `data` will not be reflected when accessing its elements. Clearing the cache now by removing all elements in `dataset._data_list`. If you are absolutely certain what you are doing, access the internal storage via `InMemoryDataset._data` instead to suppress this warning. Alternatively, you can access stacked individual attributes of every graph via `dataset.{attr_name}`.
  warnings.warn(msg)
08-Aug-26 12:54:07 - Metric: accuracy Train_mean: 0.7783586320507472 Val_mean: 0.6431372549019608 Test_mean: 0.6453697643979057
08-Aug-26 12:54:07 - Metric: accuracy Train_std: 0.009950368750718554 Val_std: 0.031643708331791386 Test_std: 0.015886603179737464
08-Aug-26 12:54:07 - Metric: f1 Train_mean: 0.7662577658724975 Val_mean: 0.6256238696065854 Test_mean: 0.623633294557264
08-Aug-26 12:54:07 - Metric: f1 Train_std: 0.011796888585209995 Val_std: 0.03097230682778331 Test_std: 0.026948275002340694
08-Aug-26 12:54:07 - Metric: sen Train_mean: 0.7642611657585527 Val_mean: 0.624657525689623 Test_mean: 0.6197802129694482
08-Aug-26 12:54:07 - Metric: sen Train_std: 0.022856754764500362 Val_std: 0.03075334796316462 Test_std: 0.050882799013552665
08-Aug-26 12:54:07 - Metric: spe Train_mean: 0.7911604336708155 Val_mean: 0.6599999917500001 Test_mean: 0.6687326665925478
08-Aug-26 12:54:07 - Metric: spe Train_std: 0.018239768916597725 Val_std: 0.039051247891392686 Test_std: 0.028327796511914277
08-Aug-26 12:54:07 - Metric: precision Train_mean: 0.7688191045572029 Val_mean: 0.6269504583376249 Test_mean: 0.6295284725055008
08-Aug-26 12:54:07 - Metric: precision Train_std: 0.013539662499558732 Val_std: 0.03440436417624193 Test_std: 0.012963650208031712
08-Aug-26 12:55:45 - Epoch 16, Model Loss 3.1716556259777757, View Loss 1.050870149704203, Reg 0.4048386470543291
08-Aug-26 12:57:23 - Epoch 17, Model Loss 1.986569253969392, View Loss 0.8896899617366711, Reg 0.42698589528454894
08-Aug-26 12:59:01 - Epoch 18, Model Loss 4.7513832008489505, View Loss 1.0204163984274763, Reg 0.4028826710070526
08-Aug-26 13:00:40 - Epoch 19, Model Loss 5.2811060749836045, View Loss 1.5381020626762423, Reg 0.429610132547602
08-Aug-26 13:02:17 - Epoch 20, Model Loss 4.384106272932875, View Loss 1.6567161232856527, Reg 0.41104521699031527
/users/3171356m/miniconda3/envs/grastiacl/lib/python3.12/site-packages/torch_geometric/data/in_memory_dataset.py:300: UserWarning: It is not recommended to directly access the internal storage format `data` of an 'InMemoryDataset'. The data of the dataset is already cached, so any modifications to `data` will not be reflected when accessing its elements. Clearing the cache now by removing all elements in `dataset._data_list`. If you are absolutely certain what you are doing, access the internal storage via `InMemoryDataset._data` instead to suppress this warning. Alternatively, you can access stacked individual attributes of every graph via `dataset.{attr_name}`.
  warnings.warn(msg)
08-Aug-26 13:03:26 - Metric: accuracy Train_mean: 0.8123519784345816 Val_mean: 0.6470588235294117 Test_mean: 0.6097949389179756
08-Aug-26 13:03:26 - Metric: accuracy Train_std: 0.03912412483617082 Val_std: 0.029520496184669825 Test_std: 0.026487732929338897
08-Aug-26 13:03:26 - Metric: f1 Train_mean: 0.8001683757817389 Val_mean: 0.6307068039859727 Test_mean: 0.5817119950408444
08-Aug-26 13:03:26 - Metric: f1 Train_std: 0.04318205290314074 Val_std: 0.03575971126881938 Test_std: 0.03411996830793335
08-Aug-26 13:03:26 - Metric: sen Train_mean: 0.7924398598197944 Val_mean: 0.6328767036592232 Test_mean: 0.5714285651491366
08-Aug-26 13:03:26 - Metric: sen Train_std: 0.053617057863424765 Val_std: 0.043664047211476674 Test_std: 0.04450210221715625
08-Aug-26 13:03:26 - Metric: spe Train_mean: 0.8304186111185909 Val_mean: 0.6599999917500001 Test_mean: 0.6446930628729399
08-Aug-26 13:03:26 - Metric: spe Train_std: 0.028352388621087292 Val_std: 0.02150581289878391 Test_std: 0.02177701087574387
08-Aug-26 13:03:26 - Metric: precision Train_mean: 0.8084600081082105 Val_mean: 0.6288811204016682 Test_mean: 0.5930724260367015
08-Aug-26 13:03:26 - Metric: precision Train_std: 0.034011582229074806 Val_std: 0.029240725359032677 Test_std: 0.025936653325661727
08-Aug-26 13:04:59 - Epoch 21, Model Loss 2.5281109191383777, View Loss 1.4974259342608591, Reg 0.40522970851495177
08-Aug-26 13:06:35 - Epoch 22, Model Loss 4.460439390717191, View Loss 1.6009051355856732, Reg 0.3913412124043229
08-Aug-26 13:08:13 - Epoch 23, Model Loss 5.19083925271134, View Loss 1.6694623915221403, Reg 0.3966448444202854
08-Aug-26 13:09:51 - Epoch 24, Model Loss 4.2887894029896625, View Loss 1.5605490008158664, Reg 0.46327738332947926
08-Aug-26 13:11:29 - Epoch 25, Model Loss 1.57311967027736, View Loss 1.7652540940121129, Reg 0.46248272161104687
/users/3171356m/miniconda3/envs/grastiacl/lib/python3.12/site-packages/torch_geometric/data/in_memory_dataset.py:300: UserWarning: It is not recommended to directly access the internal storage format `data` of an 'InMemoryDataset'. The data of the dataset is already cached, so any modifications to `data` will not be reflected when accessing its elements. Clearing the cache now by removing all elements in `dataset._data_list`. If you are absolutely certain what you are doing, access the internal storage via `InMemoryDataset._data` instead to suppress this warning. Alternatively, you can access stacked individual attributes of every graph via `dataset.{attr_name}`.
  warnings.warn(msg)
08-Aug-26 13:12:44 - Metric: accuracy Train_mean: 0.8120294599018003 Val_mean: 0.6431372549019607 Test_mean: 0.6286758289703316
08-Aug-26 13:12:44 - Metric: accuracy Train_std: 0.002960046640788622 Val_std: 0.03164370833179138 Test_std: 0.029783751075130645
08-Aug-26 13:12:44 - Metric: f1 Train_mean: 0.8020212843625425 Val_mean: 0.629254347136116 Test_mean: 0.6007756526482515
08-Aug-26 13:12:44 - Metric: f1 Train_std: 0.00391917772537178 Val_std: 0.03584225743283729 Test_std: 0.03754372688872675
08-Aug-26 13:12:44 - Metric: sen Train_mean: 0.800687282471865 Val_mean: 0.63561642964909 Test_mean: 0.5890109825383408
08-Aug-26 13:12:44 - Metric: sen Train_std: 0.01669410001341013 Val_std: 0.04297092308631097 Test_std: 0.05274725216761262
08-Aug-26 13:12:44 - Metric: spe Train_mean: 0.8223306049132212 Val_mean: 0.6499999918750001 Test_mean: 0.6647722705921557
08-Aug-26 13:12:44 - Metric: spe Train_std: 0.016608061834284038 Val_std: 0.028504385271173636 Test_std: 0.040779647783845206
08-Aug-26 13:12:44 - Metric: precision Train_mean: 0.8038384272422261 Val_mean: 0.6234019045122146 Test_mean: 0.6151133925506026
08-Aug-26 13:12:44 - Metric: precision Train_std: 0.011584193997851175 Val_std: 0.0316216090394783 Test_std: 0.03283275709542254
08-Aug-26 13:14:21 - Epoch 26, Model Loss 1.1676487563544238, View Loss 1.7852091155790384, Reg 0.4320402308737384
08-Aug-26 13:15:58 - Epoch 27, Model Loss 1.070662032610203, View Loss 2.198188553295375, Reg 0.41003288521926273
08-Aug-26 13:17:35 - Epoch 28, Model Loss 0.9923865191607296, View Loss 2.4458805487245696, Reg 0.43054700957681347
08-Aug-26 13:19:11 - Epoch 29, Model Loss 0.9138035310362174, View Loss 2.572617837075908, Reg 0.4523833751927859
08-Aug-26 13:20:47 - Epoch 30, Model Loss 0.8796064088035328, View Loss 2.6524439795745467, Reg 0.43395794485403405
/users/3171356m/miniconda3/envs/grastiacl/lib/python3.12/site-packages/torch_geometric/data/in_memory_dataset.py:300: UserWarning: It is not recommended to directly access the internal storage format `data` of an 'InMemoryDataset'. The data of the dataset is already cached, so any modifications to `data` will not be reflected when accessing its elements. Clearing the cache now by removing all elements in `dataset._data_list`. If you are absolutely certain what you are doing, access the internal storage via `InMemoryDataset._data` instead to suppress this warning. Alternatively, you can access stacked individual attributes of every graph via `dataset.{attr_name}`.
  warnings.warn(msg)
/users/3171356m/miniconda3/envs/grastiacl/lib/python3.12/site-packages/sklearn/svm/_base.py:1298: ConvergenceWarning: Liblinear failed to converge, increase the number of iterations.
  warnings.warn(
08-Aug-26 13:22:07 - Metric: accuracy Train_mean: 0.8365446123894185 Val_mean: 0.6457516339869281 Test_mean: 0.6359402268760908
08-Aug-26 13:22:07 - Metric: accuracy Train_std: 0.04491595518213737 Val_std: 0.03864508627214246 Test_std: 0.028310208519705785
08-Aug-26 13:22:07 - Metric: f1 Train_mean: 0.8285514213418198 Val_mean: 0.6365364524207051 Test_mean: 0.6134285963113522
08-Aug-26 13:22:07 - Metric: f1 Train_std: 0.04691706169538734 Val_std: 0.04467450530693598 Test_std: 0.041768282632084874
08-Aug-26 13:22:07 - Metric: sen Train_mean: 0.8302405469751184 Val_mean: 0.6520547855882906 Test_mean: 0.6109890042748461
08-Aug-26 13:22:07 - Metric: sen Train_std: 0.047447575353357335 Val_std: 0.057207158169274804 Test_std: 0.06830887954790266
08-Aug-26 13:22:07 - Metric: spe Train_mean: 0.8422721936361324 Val_mean: 0.6399999920000001 Test_mean: 0.6587524686723517
08-Aug-26 13:22:07 - Metric: spe Train_std: 0.04442347396697926 Val_std: 0.03391164949173074 Test_std: 0.03100123767036982
08-Aug-26 13:22:07 - Metric: precision Train_mean: 0.8270261697553037 Val_mean: 0.6224960131586637 Test_mean: 0.6184985384985385
08-Aug-26 13:22:07 - Metric: precision Train_std: 0.04767376404791238 Val_std: 0.0372346028539851 Test_std: 0.024590351172781914
08-Aug-26 13:23:42 - Epoch 31, Model Loss 0.8546496150882673, View Loss 2.6821140624489246, Reg 0.4143315396548315
08-Aug-26 13:25:17 - Epoch 32, Model Loss 0.8376389412700381, View Loss 2.719728206490872, Reg 0.4315532268839401
08-Aug-26 13:26:52 - Epoch 33, Model Loss 0.8322160962236477, View Loss 2.7531206398329475, Reg 0.43724109188782123
08-Aug-26 13:28:26 - Epoch 34, Model Loss 0.8056090808313761, View Loss 2.780509108778822, Reg 0.4221971077400271
08-Aug-26 13:30:00 - Epoch 35, Model Loss 0.7967925912166739, View Loss 2.7997685346643295, Reg 0.41725042063322026
/users/3171356m/miniconda3/envs/grastiacl/lib/python3.12/site-packages/torch_geometric/data/in_memory_dataset.py:300: UserWarning: It is not recommended to directly access the internal storage format `data` of an 'InMemoryDataset'. The data of the dataset is already cached, so any modifications to `data` will not be reflected when accessing its elements. Clearing the cache now by removing all elements in `dataset._data_list`. If you are absolutely certain what you are doing, access the internal storage via `InMemoryDataset._data` instead to suppress this warning. Alternatively, you can access stacked individual attributes of every graph via `dataset.{attr_name}`.
  warnings.warn(msg)
08-Aug-26 13:31:16 - Metric: accuracy Train_mean: 0.8662767562016624 Val_mean: 0.6248366013071895 Test_mean: 0.6317571989528795
08-Aug-26 13:31:16 - Metric: accuracy Train_std: 0.04751959965234304 Val_std: 0.026339139450470422 Test_std: 0.023430987429287013
08-Aug-26 13:31:16 - Metric: f1 Train_mean: 0.8591263571155017 Val_mean: 0.6103927607767095 Test_mean: 0.6073389813728797
08-Aug-26 13:31:16 - Metric: f1 Train_std: 0.05080788014283342 Val_std: 0.028155305597778426 Test_std: 0.03621238686932401
08-Aug-26 13:31:16 - Metric: sen Train_mean: 0.8591065262573659 Val_mean: 0.6164383477200226 Test_mean: 0.602197795580244
08-Aug-26 13:31:16 - Metric: sen Train_std: 0.05553842963962581 Val_std: 0.035721656525471254 Test_std: 0.06571391746567586
08-Aug-26 13:31:16 - Metric: spe Train_mean: 0.8727920533541695 Val_mean: 0.6324999920937502 Test_mean: 0.6587524686723517
08-Aug-26 13:31:16 - Metric: spe Train_std: 0.041028824492474164 Val_std: 0.038405728259271445 Test_std: 0.04001345679011945
08-Aug-26 13:31:16 - Metric: precision Train_mean: 0.8592668925033582 Val_mean: 0.605316428513447 Test_mean: 0.6159753655547817
08-Aug-26 13:31:16 - Metric: precision Train_std: 0.04652456145254386 Val_std: 0.0279296832704292 Test_std: 0.022250631582125157
08-Aug-26 13:32:50 - Epoch 36, Model Loss 0.779453170848192, View Loss 2.8191199163013922, Reg 0.41946395146796894
08-Aug-26 13:34:23 - Epoch 37, Model Loss 0.7749896927358715, View Loss 2.8296573431422023, Reg 0.42146696156537683
08-Aug-26 13:35:57 - Epoch 38, Model Loss 0.7682727111433341, View Loss 2.8255607333642168, Reg 0.41947231095705073
08-Aug-26 13:37:30 - Epoch 39, Model Loss 0.7693747426675454, View Loss 2.811094207244937, Reg 0.4170237561399468
08-Aug-26 13:39:04 - Epoch 40, Model Loss 0.7604248932714741, View Loss 2.7648498343623333, Reg 0.41954769761492516
/users/3171356m/miniconda3/envs/grastiacl/lib/python3.12/site-packages/torch_geometric/data/in_memory_dataset.py:300: UserWarning: It is not recommended to directly access the internal storage format `data` of an 'InMemoryDataset'. The data of the dataset is already cached, so any modifications to `data` will not be reflected when accessing its elements. Clearing the cache now by removing all elements in `dataset._data_list`. If you are absolutely certain what you are doing, access the internal storage via `InMemoryDataset._data` instead to suppress this warning. Alternatively, you can access stacked individual attributes of every graph via `dataset.{attr_name}`.
  warnings.warn(msg)
08-Aug-26 13:40:00 - Metric: accuracy Train_mean: 0.7698565514585539 Val_mean: 0.6143790849673202 Test_mean: 0.612958115183246
08-Aug-26 13:40:00 - Metric: accuracy Train_std: 0.006590085631254812 Val_std: 0.019824510964840635 Test_std: 0.0203600307385872
08-Aug-26 13:40:00 - Metric: f1 Train_mean: 0.7592005776375144 Val_mean: 0.6039898430083644 Test_mean: 0.5894209264815867
08-Aug-26 13:40:00 - Metric: f1 Train_std: 0.007588013556838911 Val_std: 0.020660612170081666 Test_std: 0.03503564023684355
08-Aug-26 13:40:00 - Metric: sen Train_mean: 0.7628865953165409 Val_mean: 0.6164383477200226 Test_mean: 0.5868131803646903
08-Aug-26 13:40:00 - Metric: sen Train_std: 0.012485156056466768 Val_std: 0.022922192193780243 Test_std: 0.05756395916395118
08-Aug-26 13:40:00 - Metric: spe Train_mean: 0.7761857452440123 Val_mean: 0.6124999923437501 Test_mean: 0.6367920728519596
08-Aug-26 13:40:00 - Metric: spe Train_std: 0.0090808106663788 Val_std: 0.020916500401895615 Test_std: 0.031136471135009478
08-Aug-26 13:40:00 - Metric: precision Train_mean: 0.7556704353083934 Val_mean: 0.5921321949743003 Test_mean: 0.5942593513797345
08-Aug-26 13:40:00 - Metric: precision Train_std: 0.007212488207693207 Val_std: 0.019809576367707096 Test_std: 0.019106580362305888
08-Aug-26 13:41:33 - Epoch 41, Model Loss 0.7521741908963255, View Loss 2.633515959504259, Reg 0.4227149901779127
08-Aug-26 13:43:07 - Epoch 42, Model Loss 0.7411555371025117, View Loss 2.3774101544623596, Reg 0.42226947575932267
08-Aug-26 13:44:40 - Epoch 43, Model Loss 0.7382486517459279, View Loss 1.901065548593529, Reg 0.42433103906559644
08-Aug-26 13:46:13 - Epoch 44, Model Loss 0.7426275118374924, View Loss 1.1760900554297857, Reg 0.42569460803993575
08-Aug-26 13:47:46 - Epoch 45, Model Loss 0.734394994739708, View Loss 0.30596738255672373, Reg 0.42608363695723245
/users/3171356m/miniconda3/envs/grastiacl/lib/python3.12/site-packages/torch_geometric/data/in_memory_dataset.py:300: UserWarning: It is not recommended to directly access the internal storage format `data` of an 'InMemoryDataset'. The data of the dataset is already cached, so any modifications to `data` will not be reflected when accessing its elements. Clearing the cache now by removing all elements in `dataset._data_list`. If you are absolutely certain what you are doing, access the internal storage via `InMemoryDataset._data` instead to suppress this warning. Alternatively, you can access stacked individual attributes of every graph via `dataset.{attr_name}`.
  warnings.warn(msg)
08-Aug-26 13:48:36 - Metric: accuracy Train_mean: 0.7767160874169635 Val_mean: 0.6104575163398692 Test_mean: 0.5868510034904014
08-Aug-26 13:48:36 - Metric: accuracy Train_std: 0.03828492186878766 Val_std: 0.03868927735149999 Test_std: 0.019427441114110246
08-Aug-26 13:48:36 - Metric: f1 Train_mean: 0.7649396360781503 Val_mean: 0.608139503248253 Test_mean: 0.568414467548903
08-Aug-26 13:48:36 - Metric: f1 Train_std: 0.040683384087049954 Val_std: 0.0459805278473923 Test_std: 0.015709559013827784
08-Aug-26 13:48:36 - Metric: sen Train_mean: 0.7642611657585527 Val_mean: 0.63561642964909 Test_mean: 0.5714285651491366
08-Aug-26 13:48:36 - Metric: sen Train_std: 0.042953951720432454 Val_std: 0.059142555751260616 Test_std: 0.017024102433613894
08-Aug-26 13:48:36 - Metric: spe Train_mean: 0.7880159632757182 Val_mean: 0.5874999926562501 Test_mean: 0.6009306870705873
08-Aug-26 13:48:36 - Metric: spe Train_std: 0.03422044834032197 Val_std: 0.0335410192432341 Test_std: 0.035681475611125155
08-Aug-26 13:48:36 - Metric: precision Train_mean: 0.7656430185557973 Val_mean: 0.5836690209373135 Test_mean: 0.565991754703528
08-Aug-26 13:48:36 - Metric: precision Train_std: 0.03853118933395355 Val_std: 0.037683688477217425 Test_std: 0.02245456045547919
08-Aug-26 13:50:09 - Epoch 46, Model Loss 0.725308328243479, View Loss -0.4789089308622991, Reg 0.42243749252423085
08-Aug-26 13:51:42 - Epoch 47, Model Loss 0.7364523540480865, View Loss -1.031586622593293, Reg 0.4160753548394686
08-Aug-26 13:53:15 - Epoch 48, Model Loss 0.737661284382872, View Loss -1.3699227835842755, Reg 0.41173405477691394
08-Aug-26 13:54:49 - Epoch 49, Model Loss 0.7248222102181183, View Loss -1.5349371518051276, Reg 0.4082805327291768
08-Aug-26 13:56:22 - Epoch 50, Model Loss 0.7240903075768857, View Loss -1.6108528450443156, Reg 0.4075716963372969
/users/3171356m/miniconda3/envs/grastiacl/lib/python3.12/site-packages/torch_geometric/data/in_memory_dataset.py:300: UserWarning: It is not recommended to directly access the internal storage format `data` of an 'InMemoryDataset'. The data of the dataset is already cached, so any modifications to `data` will not be reflected when accessing its elements. Clearing the cache now by removing all elements in `dataset._data_list`. If you are absolutely certain what you are doing, access the internal storage via `InMemoryDataset._data` instead to suppress this warning. Alternatively, you can access stacked individual attributes of every graph via `dataset.{attr_name}`.
  warnings.warn(msg)
08-Aug-26 13:57:19 - Metric: accuracy Train_mean: 0.7718184054854893 Val_mean: 0.6013071895424836 Test_mean: 0.5784685863874346
08-Aug-26 13:57:19 - Metric: accuracy Train_std: 0.008686862578895827 Val_std: 0.02480217772681081 Test_std: 0.015242369990652255
08-Aug-26 13:57:19 - Metric: f1 Train_mean: 0.7608111152357815 Val_mean: 0.5928020925338399 Test_mean: 0.5601454197108786
08-Aug-26 13:57:19 - Metric: f1 Train_std: 0.008289315572293118 Val_std: 0.024150614980585784 Test_std: 0.02268839338757965
08-Aug-26 13:57:19 - Metric: sen Train_mean: 0.7628865953165408 Val_mean: 0.6082191697504223 Test_mean: 0.564835158628185
08-Aug-26 13:57:19 - Metric: sen Train_std: 0.009719680807651235 Val_std: 0.026843722840860545 Test_std: 0.03304021145752056
08-Aug-26 13:57:19 - Metric: spe Train_mean: 0.7799182218679169 Val_mean: 0.5949999925625 Test_mean: 0.5908514792513714
08-Aug-26 13:57:19 - Metric: spe Train_std: 0.014126637404215246 Val_std: 0.03316624748897591 Test_std: 0.015774685307091262
08-Aug-26 13:57:19 - Metric: precision Train_mean: 0.7588773647098822 Val_mean: 0.5785143949617634 Test_mean: 0.5560097322467262
08-Aug-26 13:57:19 - Metric: precision Train_std: 0.01197757410207345 Val_std: 0.02616908318811539 Test_std: 0.01501203925483515
08-Aug-26 13:58:49 - Epoch 51, Model Loss 0.7290246090130826, View Loss -1.6385641916027627, Reg 0.40630416391284896
08-Aug-26 14:00:19 - Epoch 52, Model Loss 0.7273451672188906, View Loss -1.643001141907281, Reg 0.4063006241700639
08-Aug-26 14:01:49 - Epoch 53, Model Loss 0.7300664672791708, View Loss -1.6489320354980406, Reg 0.40869567982821287
08-Aug-26 14:03:19 - Epoch 54, Model Loss 0.7353678629986911, View Loss -1.6401109221590113, Reg 0.41046337826980206
08-Aug-26 14:04:49 - Epoch 55, Model Loss 0.74679131188652, View Loss -1.6360698474500968, Reg 0.4076821141911351
/users/3171356m/miniconda3/envs/grastiacl/lib/python3.12/site-packages/torch_geometric/data/in_memory_dataset.py:300: UserWarning: It is not recommended to directly access the internal storage format `data` of an 'InMemoryDataset'. The data of the dataset is already cached, so any modifications to `data` will not be reflected when accessing its elements. Clearing the cache now by removing all elements in `dataset._data_list`. If you are absolutely certain what you are doing, access the internal storage via `InMemoryDataset._data` instead to suppress this warning. Alternatively, you can access stacked individual attributes of every graph via `dataset.{attr_name}`.
  warnings.warn(msg)
08-Aug-26 14:05:49 - Metric: accuracy Train_mean: 0.7750885187681182 Val_mean: 0.596078431372549 Test_mean: 0.5763797993019197
08-Aug-26 14:05:49 - Metric: accuracy Train_std: 0.007813869606426079 Val_std: 0.01674019408479177 Test_std: 0.017303665058978637
08-Aug-26 14:05:49 - Metric: f1 Train_mean: 0.7651447231636646 Val_mean: 0.5883601323056858 Test_mean: 0.5569531636808749
08-Aug-26 14:05:49 - Metric: f1 Train_std: 0.008984966336070727 Val_std: 0.019362276155110835 Test_std: 0.024691713482720618
08-Aug-26 14:05:49 - Metric: sen Train_mean: 0.7704467327476058 Val_mean: 0.6054794437605555 Test_mean: 0.560439554280884
08-Aug-26 14:05:49 - Metric: sen Train_std: 0.013984185484161443 Val_std: 0.027939832568455922 Test_std: 0.03543849520748268
08-Aug-26 14:05:49 - Metric: spe Train_mean: 0.7792971159508426 Val_mean: 0.5874999926562501 Test_mean: 0.5908712812311754
08-Aug-26 14:05:49 - Metric: spe Train_std: 0.008794253209973757 Val_std: 0.023717082154799334 Test_std: 0.02075474230415922
08-Aug-26 14:05:49 - Metric: precision Train_mean: 0.7600293167708749 Val_mean: 0.5726108787290222 Test_mean: 0.5541335345348615
08-Aug-26 14:05:49 - Metric: precision Train_std: 0.007687239954363212 Val_std: 0.01657985982693603 Test_std: 0.017425952380917542
08-Aug-26 14:07:19 - Epoch 56, Model Loss 0.7494697660581836, View Loss -1.617799626234685, Reg 0.41483607389438104
08-Aug-26 14:08:49 - Epoch 57, Model Loss 0.7556658158990629, View Loss -1.609737200717048, Reg 0.41497120797384734
08-Aug-26 14:10:19 - Epoch 58, Model Loss 0.7777544215134496, View Loss -1.6042757862282597, Reg 0.42078679612989706
08-Aug-26 14:11:49 - Epoch 59, Model Loss 0.8012634912295321, View Loss -1.600913818910032, Reg 0.4270663472149661
08-Aug-26 14:13:19 - Epoch 60, Model Loss 0.8660965419713423, View Loss -1.5881147783670466, Reg 0.4382260964255951
/users/3171356m/miniconda3/envs/grastiacl/lib/python3.12/site-packages/torch_geometric/data/in_memory_dataset.py:300: UserWarning: It is not recommended to directly access the internal storage format `data` of an 'InMemoryDataset'. The data of the dataset is already cached, so any modifications to `data` will not be reflected when accessing its elements. Clearing the cache now by removing all elements in `dataset._data_list`. If you are absolutely certain what you are doing, access the internal storage via `InMemoryDataset._data` instead to suppress this warning. Alternatively, you can access stacked individual attributes of every graph via `dataset.{attr_name}`.
  warnings.warn(msg)
08-Aug-26 14:14:07 - Metric: accuracy Train_mean: 0.7724725351133361 Val_mean: 0.6013071895424836 Test_mean: 0.5836878272251309
08-Aug-26 14:14:07 - Metric: accuracy Train_std: 0.00789141406190679 Val_std: 0.025481815280546292 Test_std: 0.023433180858480156
08-Aug-26 14:14:07 - Metric: f1 Train_mean: 0.7609535061448689 Val_mean: 0.5924396800694441 Test_mean: 0.5678344241739918
08-Aug-26 14:14:07 - Metric: f1 Train_std: 0.00890612559175663 Val_std: 0.02954977961523411 Test_std: 0.03122467896851301
08-Aug-26 14:14:07 - Metric: sen Train_mean: 0.7615120248745291 Val_mean: 0.6082191697504223 Test_mean: 0.5758241694964378
08-Aug-26 14:14:07 - Metric: sen Train_std: 0.013503012121562493 Val_std: 0.03932246547341096 Test_std: 0.040881483589738137
08-Aug-26 14:14:07 - Metric: spe Train_mean: 0.7824182218601043 Val_mean: 0.5949999925625 Test_mean: 0.5908316772715676
08-Aug-26 14:14:07 - Metric: spe Train_std: 0.009744932801788628 Val_std: 0.02573907503072905 Test_std: 0.015037723216180734
08-Aug-26 14:14:07 - Metric: precision Train_mean: 0.7605196623725582 Val_mean: 0.5779368570170258 Test_mean: 0.5604427944510306
08-Aug-26 14:14:07 - Metric: precision Train_std: 0.008577966503255359 Val_std: 0.024169059132727436 Test_std: 0.023106266662468178
08-Aug-26 14:15:37 - Epoch 61, Model Loss 0.9336411439225265, View Loss -1.5751067155574654, Reg 0.45509104362092756
08-Aug-26 14:17:07 - Epoch 62, Model Loss 1.050747930255395, View Loss -1.5736051588377693, Reg 0.47601022855008496
08-Aug-26 14:18:40 - Epoch 63, Model Loss 1.1277765803756075, View Loss -1.5933013141903418, Reg 0.4913097279590543
08-Aug-26 14:20:14 - Epoch 64, Model Loss 1.0717765639017816, View Loss -1.610311519151951, Reg 0.49266480289742537
08-Aug-26 14:21:47 - Epoch 65, Model Loss 0.9171043769086256, View Loss -1.6147708658393956, Reg 0.4554757199028047
/users/3171356m/miniconda3/envs/grastiacl/lib/python3.12/site-packages/torch_geometric/data/in_memory_dataset.py:300: UserWarning: It is not recommended to directly access the internal storage format `data` of an 'InMemoryDataset'. The data of the dataset is already cached, so any modifications to `data` will not be reflected when accessing its elements. Clearing the cache now by removing all elements in `dataset._data_list`. If you are absolutely certain what you are doing, access the internal storage via `InMemoryDataset._data` instead to suppress this warning. Alternatively, you can access stacked individual attributes of every graph via `dataset.{attr_name}`.
  warnings.warn(msg)
08-Aug-26 14:22:52 - Metric: accuracy Train_mean: 0.7953494218200101 Val_mean: 0.6078431372549019 Test_mean: 0.5742801047120418
08-Aug-26 14:22:52 - Metric: accuracy Train_std: 0.04307119441172943 Val_std: 0.03228520009210054 Test_std: 0.019460406196592284
08-Aug-26 14:22:52 - Metric: f1 Train_mean: 0.7853096351730123 Val_mean: 0.5986609380594343 Test_mean: 0.5569418136923419
08-Aug-26 14:22:52 - Metric: f1 Train_std: 0.04523416279202782 Val_std: 0.0360523673474283 Test_std: 0.02254266841029554
08-Aug-26 14:22:52 - Metric: sen Train_mean: 0.7869415780517471 Val_mean: 0.6136986217301559 Test_mean: 0.5626373564545346
08-Aug-26 14:22:52 - Metric: sen Train_std: 0.04558934404066069 Val_std: 0.04190974885268389 Test_std: 0.028991001787511888
08-Aug-26 14:22:52 - Metric: spe Train_mean: 0.8029770224191173 Val_mean: 0.6024999924687501 Test_mean: 0.5848910832709794
08-Aug-26 14:22:52 - Metric: spe Train_std: 0.04100570470734041 Val_std: 0.028939591895230675 Test_std: 0.02542797841343606
08-Aug-26 14:22:52 - Metric: precision Train_mean: 0.7837012258047549 Val_mean: 0.5845875301571504 Test_mean: 0.5517989562501857
08-Aug-26 14:22:52 - Metric: precision Train_std: 0.04501437270110885 Val_std: 0.03230924784242795 Test_std: 0.020314034774214756
08-Aug-26 14:24:24 - Epoch 66, Model Loss 0.8151801440506301, View Loss -1.6008367074583365, Reg 0.4393633484341609
08-Aug-26 14:25:57 - Epoch 67, Model Loss 0.769656482351375, View Loss -1.577685932235239, Reg 0.41954452934125475
08-Aug-26 14:27:29 - Epoch 68, Model Loss 0.7393495270896656, View Loss -1.5738833589035097, Reg 0.41754667093065495
08-Aug-26 14:29:02 - Epoch 69, Model Loss 0.7270416271985825, View Loss -1.5685599264240664, Reg 0.4155908521249205
08-Aug-26 14:30:36 - Epoch 70, Model Loss 0.7147262505407612, View Loss -1.569537376260159, Reg 0.41555084419050975
/users/3171356m/miniconda3/envs/grastiacl/lib/python3.12/site-packages/torch_geometric/data/in_memory_dataset.py:300: UserWarning: It is not recommended to directly access the internal storage format `data` of an 'InMemoryDataset'. The data of the dataset is already cached, so any modifications to `data` will not be reflected when accessing its elements. Clearing the cache now by removing all elements in `dataset._data_list`. If you are absolutely certain what you are doing, access the internal storage via `InMemoryDataset._data` instead to suppress this warning. Alternatively, you can access stacked individual attributes of every graph via `dataset.{attr_name}`.
  warnings.warn(msg)
08-Aug-26 14:31:36 - Metric: accuracy Train_mean: 0.7705122856562155 Val_mean: 0.6013071895424836 Test_mean: 0.5805410122164049
08-Aug-26 14:31:36 - Metric: accuracy Train_std: 0.005935980531196085 Val_std: 0.02514429289107365 Test_std: 0.01946426962492488
08-Aug-26 14:31:36 - Metric: f1 Train_mean: 0.7577460049723502 Val_mean: 0.5936120839510383 Test_mean: 0.5621624642559001
08-Aug-26 14:31:36 - Metric: f1 Train_std: 0.006664036957613376 Val_std: 0.028669737888822676 Test_std: 0.028337854652510392
08-Aug-26 14:31:36 - Metric: sen Train_mean: 0.7546391726644701 Val_mean: 0.6109588957402892 Test_mean: 0.5670329608018356
08-Aug-26 14:31:36 - Metric: sen Train_std: 0.010100988595322437 Val_std: 0.036346572547092434 Test_std: 0.03968235139968356
08-Aug-26 14:31:36 - Metric: spe Train_mean: 0.7849104336903466 Val_mean: 0.5924999925937501 Test_mean: 0.5927920732919597
08-Aug-26 14:31:36 - Metric: spe Train_std: 0.008180258396980966 Val_std: 0.02573907503072907 Test_std: 0.013826887634485781
08-Aug-26 14:31:36 - Metric: precision Train_mean: 0.7609604198907909 Val_mean: 0.5775868851307447 Test_mean: 0.5578777381418615
08-Aug-26 14:31:36 - Metric: precision Train_std: 0.0070273005088599995 Val_std: 0.02471672257157116 Test_std: 0.018594364950403845
08-Aug-26 14:33:09 - Epoch 71, Model Loss 0.703153140375305, View Loss -1.5732146202270956, Reg 0.41909341832085134
08-Aug-26 14:34:42 - Epoch 72, Model Loss 0.7069589817374321, View Loss -1.5649423469559418, Reg 0.4165834799471261
08-Aug-26 14:36:15 - Epoch 73, Model Loss 0.6992923912892282, View Loss -1.563077976514106, Reg 0.41767030193715915
08-Aug-26 14:37:48 - Epoch 74, Model Loss 0.6988123385976049, View Loss -1.5675785446765533, Reg 0.4143494923743244
08-Aug-26 14:39:20 - Epoch 75, Model Loss 0.6952176899590752, View Loss -1.562180451269429, Reg 0.4139655315975764
/users/3171356m/miniconda3/envs/grastiacl/lib/python3.12/site-packages/torch_geometric/data/in_memory_dataset.py:300: UserWarning: It is not recommended to directly access the internal storage format `data` of an 'InMemoryDataset'. The data of the dataset is already cached, so any modifications to `data` will not be reflected when accessing its elements. Clearing the cache now by removing all elements in `dataset._data_list`. If you are absolutely certain what you are doing, access the internal storage via `InMemoryDataset._data` instead to suppress this warning. Alternatively, you can access stacked individual attributes of every graph via `dataset.{attr_name}`.
  warnings.warn(msg)
08-Aug-26 14:40:19 - Metric: accuracy Train_mean: 0.7682241691002643 Val_mean: 0.596078431372549 Test_mean: 0.5826352530541012
08-Aug-26 14:40:19 - Metric: accuracy Train_std: 0.008689539499007153 Val_std: 0.025615579009497264 Test_std: 0.017328533542571082
08-Aug-26 14:40:19 - Metric: f1 Train_mean: 0.756461957512785 Val_mean: 0.5881156937047749 Test_mean: 0.5644218267604997
08-Aug-26 14:40:19 - Metric: f1 Train_std: 0.008393272134782553 Val_std: 0.03174999391978751 Test_std: 0.02565161206279562
08-Aug-26 14:40:19 - Metric: sen Train_mean: 0.7567010283274879 Val_mean: 0.6054794437605556 Test_mean: 0.5692307629754861
08-Aug-26 14:40:19 - Metric: sen Train_std: 0.008528985294395835 Val_std: 0.04100446395088618 Test_std: 0.0363800992864755
08-Aug-26 14:40:19 - Metric: spe Train_mean: 0.7786779570742546 Val_mean: 0.5874999926562501 Test_mean: 0.5947722712921557
08-Aug-26 14:40:19 - Metric: spe Train_std: 0.013219840604940558 Val_std: 0.01581138810319956 Test_std: 0.011449826094534226
08-Aug-26 14:40:19 - Metric: precision Train_mean: 0.7563130897508797 Val_mean: 0.5719843527738264 Test_mean: 0.5601160261197078
08-Aug-26 14:40:19 - Metric: precision Train_std: 0.011757735889477166 Val_std: 0.024133374939303478 Test_std: 0.01612440105654381
08-Aug-26 14:41:52 - Epoch 76, Model Loss 0.6900927035379609, View Loss -1.5551666764534666, Reg 0.41429780230362545
08-Aug-26 14:43:25 - Epoch 77, Model Loss 0.690054543721626, View Loss -1.5604345608954648, Reg 0.4114281189740951
08-Aug-26 14:44:58 - Epoch 78, Model Loss 0.6851176390089251, View Loss -1.556103411578733, Reg 0.40995144532315403
08-Aug-26 14:46:32 - Epoch 79, Model Loss 0.6846247903971493, View Loss -1.5476707354749097, Reg 0.40960653818302073
08-Aug-26 14:48:05 - Epoch 80, Model Loss 0.685857908496298, View Loss -1.5509017351780976, Reg 0.40857164892192666
/users/3171356m/miniconda3/envs/grastiacl/lib/python3.12/site-packages/torch_geometric/data/in_memory_dataset.py:300: UserWarning: It is not recommended to directly access the internal storage format `data` of an 'InMemoryDataset'. The data of the dataset is already cached, so any modifications to `data` will not be reflected when accessing its elements. Clearing the cache now by removing all elements in `dataset._data_list`. If you are absolutely certain what you are doing, access the internal storage via `InMemoryDataset._data` instead to suppress this warning. Alternatively, you can access stacked individual attributes of every graph via `dataset.{attr_name}`.
  warnings.warn(msg)
08-Aug-26 14:49:08 - Metric: accuracy Train_mean: 0.7698581560283688 Val_mean: 0.596078431372549 Test_mean: 0.5815935863874346
08-Aug-26 14:49:08 - Metric: accuracy Train_std: 0.007447597269993426 Val_std: 0.03239088024408854 Test_std: 0.01892054642913785
08-Aug-26 14:49:08 - Metric: f1 Train_mean: 0.7582429026800184 Val_mean: 0.5869156985552 Test_mean: 0.5666055070927838
08-Aug-26 14:49:08 - Metric: f1 Train_std: 0.007614849699397612 Val_std: 0.038809170941173504 Test_std: 0.026997343440007038
08-Aug-26 14:49:08 - Metric: sen Train_mean: 0.7587628839905056 Val_mean: 0.6027397177706888 Test_mean: 0.5758241694964378
08-Aug-26 14:49:08 - Metric: sen Train_std: 0.008801545313304451 Val_std: 0.048237853754711624 Test_std: 0.038445836246827965
08-Aug-26 14:49:08 - Metric: spe Train_mean: 0.7799201689084031 Val_mean: 0.589999992625 Test_mean: 0.5867920733519597
08-Aug-26 14:49:08 - Metric: spe Train_std: 0.00988443943065803 Val_std: 0.019999999749999997 Test_std: 0.01444602962565015
08-Aug-26 14:49:08 - Metric: precision Train_mean: 0.7577792303325473 Val_mean: 0.5721524212752283 Test_mean: 0.5581440042754988
08-Aug-26 14:49:08 - Metric: precision Train_std: 0.009035304202569507 Val_std: 0.030842053332957985 Test_std: 0.017491096955411234
08-Aug-26 14:50:42 - Epoch 81, Model Loss 0.6814786614733261, View Loss -1.5474933749961055, Reg 0.4076102899707012
08-Aug-26 14:52:16 - Epoch 82, Model Loss 0.6899177786196625, View Loss -1.5422444986997788, Reg 0.4071803432129417
08-Aug-26 14:53:50 - Epoch 83, Model Loss 0.6805891742516761, View Loss -1.5438099860147452, Reg 0.4060868807916362
08-Aug-26 14:55:23 - Epoch 84, Model Loss 0.6802800751630232, View Loss -1.5397947916924704, Reg 0.406699427875016
08-Aug-26 14:56:57 - Epoch 85, Model Loss 0.6778126052233964, View Loss -1.5354851045369105, Reg 0.4059463155818285
/users/3171356m/miniconda3/envs/grastiacl/lib/python3.12/site-packages/torch_geometric/data/in_memory_dataset.py:300: UserWarning: It is not recommended to directly access the internal storage format `data` of an 'InMemoryDataset'. The data of the dataset is already cached, so any modifications to `data` will not be reflected when accessing its elements. Clearing the cache now by removing all elements in `dataset._data_list`. If you are absolutely certain what you are doing, access the internal storage via `InMemoryDataset._data` instead to suppress this warning. Alternatively, you can access stacked individual attributes of every graph via `dataset.{attr_name}`.
  warnings.warn(msg)
08-Aug-26 14:57:53 - Metric: accuracy Train_mean: 0.7695286843597231 Val_mean: 0.5908496732026144 Test_mean: 0.5857711605584643
08-Aug-26 14:57:53 - Metric: accuracy Train_std: 0.00911050217636049 Val_std: 0.026012743453767858 Test_std: 0.011730558213722413
08-Aug-26 14:57:53 - Metric: f1 Train_mean: 0.7573153656752682 Val_mean: 0.5805549882534123 Test_mean: 0.5683595121383792
08-Aug-26 14:57:53 - Metric: f1 Train_std: 0.00940949431914398 Val_std: 0.03232802863877788 Test_std: 0.01761523512520174
08-Aug-26 14:57:53 - Metric: sen Train_mean: 0.7560137431064821 Val_mean: 0.5945205398010885 Test_mean: 0.573626367322787
08-Aug-26 14:57:53 - Metric: sen Train_std: 0.01019408723245421 Val_std: 0.0411871128011982 Test_std: 0.02727400771345236
08-Aug-26 14:57:53 - Metric: spe Train_mean: 0.7817873807405986 Val_mean: 0.5874999926562501 Test_mean: 0.5967722712721557
08-Aug-26 14:57:53 - Metric: spe Train_std: 0.010600397993965475 Val_std: 0.017677669308692818 Test_std: 0.01574831439543119
08-Aug-26 14:57:53 - Metric: precision Train_mean: 0.7586654728372954 Val_mean: 0.5675229119480897 Test_mean: 0.5635734077665947
08-Aug-26 14:57:53 - Metric: precision Train_std: 0.010355609933786597 Val_std: 0.025146135798698815 Test_std: 0.010751715280657624
08-Aug-26 14:59:26 - Epoch 86, Model Loss 0.6752178210094882, View Loss -1.5359881393081474, Reg 0.40529752687929066
08-Aug-26 15:00:59 - Epoch 87, Model Loss 0.6778916852494165, View Loss -1.5344998033475676, Reg 0.40528580608727044
08-Aug-26 15:02:32 - Epoch 88, Model Loss 0.6792300976968709, View Loss -1.5367284399694978, Reg 0.4064140673960602
08-Aug-26 15:04:06 - Epoch 89, Model Loss 0.680776251285146, View Loss -1.5375308037801767, Reg 0.4049674942154266
08-Aug-26 15:05:39 - Epoch 90, Model Loss 0.6749258058839264, View Loss -1.5289359591496041, Reg 0.40554152634852103
/users/3171356m/miniconda3/envs/grastiacl/lib/python3.12/site-packages/torch_geometric/data/in_memory_dataset.py:300: UserWarning: It is not recommended to directly access the internal storage format `data` of an 'InMemoryDataset'. The data of the dataset is already cached, so any modifications to `data` will not be reflected when accessing its elements. Clearing the cache now by removing all elements in `dataset._data_list`. If you are absolutely certain what you are doing, access the internal storage via `InMemoryDataset._data` instead to suppress this warning. Alternatively, you can access stacked individual attributes of every graph via `dataset.{attr_name}`.
  warnings.warn(msg)
08-Aug-26 15:06:35 - Metric: accuracy Train_mean: 0.773126129884578 Val_mean: 0.5908496732026144 Test_mean: 0.5878654013961606
08-Aug-26 15:06:35 - Metric: accuracy Train_std: 0.008098042452673489 Val_std: 0.024315131029723214 Test_std: 0.014579221024131261
08-Aug-26 15:06:35 - Metric: f1 Train_mean: 0.7616771084040501 Val_mean: 0.5805432984335882 Test_mean: 0.5724781060345941
08-Aug-26 15:06:35 - Metric: f1 Train_std: 0.008215554733303232 Val_std: 0.03106041649893821 Test_std: 0.019055934684716464
08-Aug-26 15:06:35 - Metric: sen Train_mean: 0.7621993100955351 Val_mean: 0.5945205398010885 Test_mean: 0.5802197738437387
08-Aug-26 15:06:35 - Metric: sen Train_std: 0.010054116005537609 Val_std: 0.0402655842612908 Test_std: 0.025441399506776315
08-Aug-26 15:06:35 - Metric: spe Train_mean: 0.7830334866557198 Val_mean: 0.5874999926562501 Test_mean: 0.5947920732719597
08-Aug-26 15:06:35 - Metric: spe Train_std: 0.01176215912156766 Val_std: 0.01581138810319952 Test_std: 0.010771003030383959
08-Aug-26 15:06:35 - Metric: precision Train_mean: 0.7612492419276242 Val_mean: 0.5675172563020665 Test_mean: 0.5650999520661462
08-Aug-26 15:06:35 - Metric: precision Train_std: 0.010312923588071492 Val_std: 0.023328406267670142 Test_std: 0.013843800710760657
08-Aug-26 15:08:08 - Epoch 91, Model Loss 0.6743970657991066, View Loss -1.5361173023239838, Reg 0.4028268488879982
08-Aug-26 15:09:41 - Epoch 92, Model Loss 0.6747494604298261, View Loss -1.5368815760233412, Reg 0.40822125416420496
08-Aug-26 15:11:15 - Epoch 93, Model Loss 0.6733740605569783, View Loss -1.538589497490408, Reg 0.40473642733306564
08-Aug-26 15:12:48 - Epoch 94, Model Loss 0.6744463082137966, View Loss -1.5456445192193387, Reg 0.4054278730099171
08-Aug-26 15:14:21 - Epoch 95, Model Loss 0.6766638805676704, View Loss -1.5402928560847517, Reg 0.4051173257029705
/users/3171356m/miniconda3/envs/grastiacl/lib/python3.12/site-packages/torch_geometric/data/in_memory_dataset.py:300: UserWarning: It is not recommended to directly access the internal storage format `data` of an 'InMemoryDataset'. The data of the dataset is already cached, so any modifications to `data` will not be reflected when accessing its elements. Clearing the cache now by removing all elements in `dataset._data_list`. If you are absolutely certain what you are doing, access the internal storage via `InMemoryDataset._data` instead to suppress this warning. Alternatively, you can access stacked individual attributes of every graph via `dataset.{attr_name}`.
  warnings.warn(msg)
08-Aug-26 15:15:23 - Metric: accuracy Train_mean: 0.7701833488441748 Val_mean: 0.5973856209150327 Test_mean: 0.5815935863874346
08-Aug-26 15:15:23 - Metric: accuracy Train_std: 0.008326165251397554 Val_std: 0.02210658107880753 Test_std: 0.017411605859274495
08-Aug-26 15:15:23 - Metric: f1 Train_mean: 0.75864037885689 Val_mean: 0.5869187026543841 Test_mean: 0.5641286758250678
08-Aug-26 15:15:23 - Metric: f1 Train_std: 0.009170665929316946 Val_std: 0.02589187099694319 Test_std: 0.02039572813142895
08-Aug-26 15:15:23 - Metric: sen Train_mean: 0.7594501692115114 Val_mean: 0.5999999917808221 Test_mean: 0.5692307629754861
08-Aug-26 15:15:23 - Metric: sen Train_std: 0.013220195185959035 Val_std: 0.03171462121703319 Test_std: 0.02544139950677632
08-Aug-26 15:15:23 - Metric: spe Train_mean: 0.7799182218679169 Val_mean: 0.5949999925625 Test_mean: 0.5927722713121557
08-Aug-26 15:15:23 - Metric: spe Train_std: 0.01104186971328568 Val_std: 0.016955824745865333 Test_std: 0.019136029417118082
08-Aug-26 15:15:23 - Metric: precision Train_mean: 0.7579603995969385 Val_mean: 0.574538147533484 Test_mean: 0.5593216674264924
08-Aug-26 15:15:23 - Metric: precision Train_std: 0.00960257313410013 Val_std: 0.02138571155509652 Test_std: 0.017491644609500954
08-Aug-26 15:16:56 - Epoch 96, Model Loss 0.6675848756375173, View Loss -1.532520737109324, Reg 0.40422359620178094
08-Aug-26 15:18:29 - Epoch 97, Model Loss 0.6719494434580144, View Loss -1.532539590133284, Reg 0.4049223541714656
08-Aug-26 15:20:01 - Epoch 98, Model Loss 0.6719137971371287, View Loss -1.5267706381227182, Reg 0.4032996865495977
08-Aug-26 15:21:32 - Epoch 99, Model Loss 0.671745915043803, View Loss -1.5236823623649245, Reg 0.40585387438909776
08-Aug-26 15:23:02 - Epoch 100, Model Loss 0.6681680640665557, View Loss -1.5288318669945624, Reg 0.4027690367469229
/users/3171356m/miniconda3/envs/grastiacl/lib/python3.12/site-packages/torch_geometric/data/in_memory_dataset.py:300: UserWarning: It is not recommended to directly access the internal storage format `data` of an 'InMemoryDataset'. The data of the dataset is already cached, so any modifications to `data` will not be reflected when accessing its elements. Clearing the cache now by removing all elements in `dataset._data_list`. If you are absolutely certain what you are doing, access the internal storage via `InMemoryDataset._data` instead to suppress this warning. Alternatively, you can access stacked individual attributes of every graph via `dataset.{attr_name}`.
  warnings.warn(msg)
08-Aug-26 15:23:54 - Metric: accuracy Train_mean: 0.7701844185573847 Val_mean: 0.592156862745098 Test_mean: 0.57845222513089
08-Aug-26 15:23:54 - Metric: accuracy Train_std: 0.005700111554987199 Val_std: 0.017827688492791968 Test_std: 0.012610061020829422
08-Aug-26 15:23:54 - Metric: f1 Train_mean: 0.7594721257196946 Val_mean: 0.5793654187610505 Test_mean: 0.5613249684137808
08-Aug-26 15:23:54 - Metric: f1 Train_std: 0.006525333113016472 Val_std: 0.021044423591927253 Test_std: 0.016805670394478386
08-Aug-26 15:23:54 - Metric: sen Train_mean: 0.7628865953165409 Val_mean: 0.589041087821355 Test_mean: 0.5670329608018355
08-Aug-26 15:23:54 - Metric: sen Train_std: 0.009959709069684434 Val_std: 0.025991322878215126 Test_std: 0.022627758302963118
08-Aug-26 15:23:54 - Metric: spe Train_mean: 0.7768010100396276 Val_mean: 0.5949999925625 Test_mean: 0.5888118753117636
08-Aug-26 15:23:54 - Metric: spe Train_std: 0.00665788211923829 Val_std: 0.014999999812499984 Test_std: 0.011911512342802518
08-Aug-26 15:23:54 - Metric: precision Train_mean: 0.7561465959159895 Val_mean: 0.5701319832177799 Test_mean: 0.5558984109541505
08-Aug-26 15:23:54 - Metric: precision Train_std: 0.005664049353781119 Val_std: 0.01738588892720133 Test_std: 0.01260879384324215
08-Aug-26 15:25:24 - Epoch 101, Model Loss 0.6697691738854891, View Loss -1.5326852369507986, Reg 0.4047871197117921
08-Aug-26 15:26:54 - Epoch 102, Model Loss 0.6674693012337306, View Loss -1.5296089010757383, Reg 0.40570982018774027
08-Aug-26 15:28:24 - Epoch 103, Model Loss 0.6697187506005355, View Loss -1.5306393252257025, Reg 0.4047342523870109
08-Aug-26 15:29:54 - Epoch 104, Model Loss 0.6654143685077524, View Loss -1.5272245761240875, Reg 0.40372391724686246
08-Aug-26 15:31:24 - Epoch 105, Model Loss 0.6596034509616916, View Loss -1.5243253044503504, Reg 0.4031258862637077
/users/3171356m/miniconda3/envs/grastiacl/lib/python3.12/site-packages/torch_geometric/data/in_memory_dataset.py:300: UserWarning: It is not recommended to directly access the internal storage format `data` of an 'InMemoryDataset'. The data of the dataset is already cached, so any modifications to `data` will not be reflected when accessing its elements. Clearing the cache now by removing all elements in `dataset._data_list`. If you are absolutely certain what you are doing, access the internal storage via `InMemoryDataset._data` instead to suppress this warning. Alternatively, you can access stacked individual attributes of every graph via `dataset.{attr_name}`.
  warnings.warn(msg)
08-Aug-26 15:32:15 - Metric: accuracy Train_mean: 0.7698565514585539 Val_mean: 0.5973856209150327 Test_mean: 0.5847294938917976
08-Aug-26 15:32:15 - Metric: accuracy Train_std: 0.009508927509276942 Val_std: 0.017827688492791968 Test_std: 0.01636305981918229
08-Aug-26 15:32:15 - Metric: f1 Train_mean: 0.7583744102900802 Val_mean: 0.5813622375168948 Test_mean: 0.5686891201230142
08-Aug-26 15:32:15 - Metric: f1 Train_std: 0.01059769663123716 Val_std: 0.02106895884848846 Test_std: 0.020670871598770072
08-Aug-26 15:32:15 - Metric: sen Train_mean: 0.7594501692115114 Val_mean: 0.5863013618314883 Test_mean: 0.5758241694964377
08-Aug-26 15:32:15 - Metric: sen Train_std: 0.013745704420117872 Val_std: 0.026562628991834283 Test_std: 0.029974025378276314
08-Aug-26 15:32:15 - Metric: spe Train_mean: 0.7792932218698699 Val_mean: 0.6074999924062501 Test_mean: 0.5927722713121557
08-Aug-26 15:32:15 - Metric: spe Train_std: 0.009326323960669665 Val_std: 0.016955824745865378 Test_std: 0.023794697263314964
08-Aug-26 15:32:15 - Metric: precision Train_mean: 0.7573714982479022 Val_mean: 0.5767023411580009 Test_mean: 0.5622263189319987
08-Aug-26 15:32:15 - Metric: precision Train_std: 0.009405438212474452 Val_std: 0.017724441108835164 Test_std: 0.016755805811131466
08-Aug-26 15:33:45 - Epoch 106, Model Loss 0.6604185999686748, View Loss -1.524996796412448, Reg 0.40295155938699156
08-Aug-26 15:35:15 - Epoch 107, Model Loss 0.6578924006248618, View Loss -1.5252166956538435, Reg 0.40379293456237186
08-Aug-26 15:36:45 - Epoch 108, Model Loss 0.659194551252421, View Loss -1.5229113615706376, Reg 0.40253165775761945
08-Aug-26 15:38:15 - Epoch 109, Model Loss 0.6594496962914407, View Loss -1.5233306600458951, Reg 0.4032766957412704
08-Aug-26 15:39:45 - Epoch 110, Model Loss 0.6569111045434385, View Loss -1.5156459883167155, Reg 0.4023691435738089
/users/3171356m/miniconda3/envs/grastiacl/lib/python3.12/site-packages/torch_geometric/data/in_memory_dataset.py:300: UserWarning: It is not recommended to directly access the internal storage format `data` of an 'InMemoryDataset'. The data of the dataset is already cached, so any modifications to `data` will not be reflected when accessing its elements. Clearing the cache now by removing all elements in `dataset._data_list`. If you are absolutely certain what you are doing, access the internal storage via `InMemoryDataset._data` instead to suppress this warning. Alternatively, you can access stacked individual attributes of every graph via `dataset.{attr_name}`.
  warnings.warn(msg)
08-Aug-26 15:40:39 - Metric: accuracy Train_mean: 0.7701849534139897 Val_mean: 0.5947712418300654 Test_mean: 0.5857929755671902
08-Aug-26 15:40:39 - Metric: accuracy Train_std: 0.00788277107996431 Val_std: 0.019388754214629184 Test_std: 0.018085816495811313
08-Aug-26 15:40:39 - Metric: f1 Train_mean: 0.7584598528854972 Val_mean: 0.5808211109717096 Test_mean: 0.5701305716822349
08-Aug-26 15:40:39 - Metric: f1 Train_std: 0.009238695154065418 Val_std: 0.02424274144260789 Test_std: 0.025051447385094763
08-Aug-26 15:40:39 - Metric: sen Train_mean: 0.7587628839905054 Val_mean: 0.589041087821355 Test_mean: 0.5780219716700882
08-Aug-26 15:40:39 - Metric: sen Train_std: 0.01364222211207431 Val_std: 0.031237682451514967 Test_std: 0.03447118015165323
08-Aug-26 15:40:39 - Metric: spe Train_mean: 0.7805432218659638 Val_mean: 0.5999999925000001 Test_mean: 0.5928118752717635
08-Aug-26 15:40:39 - Metric: spe Train_std: 0.008174573859808286 Val_std: 0.011180339747744699 Test_std: 0.014676139656720997
08-Aug-26 15:40:39 - Metric: precision Train_mean: 0.7582542179273158 Val_mean: 0.5729894860752828 Test_mean: 0.5628143448762005
08-Aug-26 15:40:39 - Metric: precision Train_std: 0.007656928823852376 Val_std: 0.018158112344058414 Test_std: 0.017885224687746087
08-Aug-26 15:42:09 - Epoch 111, Model Loss 0.6501124523673596, View Loss -1.5256264738457972, Reg 0.4025316067569924
08-Aug-26 15:43:39 - Epoch 112, Model Loss 0.6514757432698206, View Loss -1.5245877549239282, Reg 0.4018672586235541
08-Aug-26 15:45:09 - Epoch 113, Model Loss 0.647689828314043, View Loss -1.5189901764921563, Reg 0.404059007202731
08-Aug-26 15:46:39 - Epoch 114, Model Loss 0.6524582969094919, View Loss -1.5192788674741609, Reg 0.4005901384553151
08-Aug-26 15:48:10 - Epoch 115, Model Loss 0.6485142376133588, View Loss -1.5191451565491105, Reg 0.4041422401013235
/users/3171356m/miniconda3/envs/grastiacl/lib/python3.12/site-packages/torch_geometric/data/in_memory_dataset.py:300: UserWarning: It is not recommended to directly access the internal storage format `data` of an 'InMemoryDataset'. The data of the dataset is already cached, so any modifications to `data` will not be reflected when accessing its elements. Clearing the cache now by removing all elements in `dataset._data_list`. If you are absolutely certain what you are doing, access the internal storage via `InMemoryDataset._data` instead to suppress this warning. Alternatively, you can access stacked individual attributes of every graph via `dataset.{attr_name}`.
  warnings.warn(msg)
08-Aug-26 15:48:57 - Metric: accuracy Train_mean: 0.7937138303220906 Val_mean: 0.6 Test_mean: 0.5784576788830715
08-Aug-26 15:48:57 - Metric: accuracy Train_std: 0.041396565372572344 Val_std: 0.024939586965148898 Test_std: 0.014077849006707636
08-Aug-26 15:48:57 - Metric: f1 Train_mean: 0.7846274953674032 Val_mean: 0.5860813815426664 Test_mean: 0.5582522171993494
08-Aug-26 15:48:57 - Metric: f1 Train_std: 0.04350762909443071 Val_std: 0.031207867281106593 Test_std: 0.021387277915200256
08-Aug-26 15:48:57 - Metric: sen Train_mean: 0.7903780041567766 Val_mean: 0.5945205398010884 Test_mean: 0.560439554280884
08-Aug-26 15:48:57 - Metric: sen Train_std: 0.04558934404066069 Val_std: 0.03932246547341096 Test_std: 0.03108161641389641
08-Aug-26 15:48:57 - Metric: spe Train_mean: 0.7967425987625388 Val_mean: 0.6049999924375001 Test_mean: 0.5947722712921557
08-Aug-26 15:48:57 - Metric: spe Train_std: 0.03790908319126862 Val_std: 0.01274754862463761 Test_std: 0.011449826094534226
08-Aug-26 15:48:57 - Metric: precision Train_mean: 0.7789887833589586 Val_mean: 0.5780789656052814 Test_mean: 0.5564367644356516
08-Aug-26 15:48:57 - Metric: precision Train_std: 0.04167055374246763 Val_std: 0.023653195431844607 Test_std: 0.013016444328172894
08-Aug-26 15:50:27 - Epoch 116, Model Loss 0.6457400225944598, View Loss -1.5167166997199277, Reg 0.39929499947875113
08-Aug-26 15:51:57 - Epoch 117, Model Loss 0.6429554256435218, View Loss -1.5182468686642507, Reg 0.403681152410587
08-Aug-26 15:53:27 - Epoch 118, Model Loss 0.6469811112561485, View Loss -1.5172057690480762, Reg 0.40065696723291566
08-Aug-26 15:54:57 - Epoch 119, Model Loss 0.6509010891535292, View Loss -1.5191152405040533, Reg 0.4008196948961234
08-Aug-26 15:56:27 - Epoch 120, Model Loss 0.6408887419491134, View Loss -1.5247168461149208, Reg 0.4016379232685935
/users/3171356m/miniconda3/envs/grastiacl/lib/python3.12/site-packages/torch_geometric/data/in_memory_dataset.py:300: UserWarning: It is not recommended to directly access the internal storage format `data` of an 'InMemoryDataset'. The data of the dataset is already cached, so any modifications to `data` will not be reflected when accessing its elements. Clearing the cache now by removing all elements in `dataset._data_list`. If you are absolutely certain what you are doing, access the internal storage via `InMemoryDataset._data` instead to suppress this warning. Alternatively, you can access stacked individual attributes of every graph via `dataset.{attr_name}`.
  warnings.warn(msg)
08-Aug-26 15:57:18 - Metric: accuracy Train_mean: 0.7708380133286266 Val_mean: 0.5934640522875817 Test_mean: 0.5774160122164049
08-Aug-26 15:57:18 - Metric: accuracy Train_std: 0.007033192914098832 Val_std: 0.021637837068296525 Test_std: 0.01606014734512205
08-Aug-26 15:57:18 - Metric: f1 Train_mean: 0.7596228975290853 Val_mean: 0.5764908108425812 Test_mean: 0.5634203630048134
08-Aug-26 15:57:18 - Metric: f1 Train_std: 0.008897955816098535 Val_std: 0.028153472111199656 Test_std: 0.022190160608880377
08-Aug-26 15:57:18 - Metric: sen Train_mean: 0.7615120248745292 Val_mean: 0.5808219098517546 Test_mean: 0.573626367322787
08-Aug-26 15:57:18 - Metric: sen Train_std: 0.014514578700597917 Val_std: 0.036346572547092434 Test_std: 0.030611842031043758
08-Aug-26 15:57:18 - Metric: spe Train_mean: 0.7792971159508426 Val_mean: 0.6049999924375001 Test_mean: 0.5808118753917636
08-Aug-26 15:57:18 - Metric: spe Train_std: 0.004794954766380531 Val_std: 0.01274754862463761 Test_std: 0.013374386892529046
08-Aug-26 15:57:18 - Metric: precision Train_mean: 0.7578404685950912 Val_mean: 0.572492426866037 Test_mean: 0.5538445846245583
08-Aug-26 15:57:18 - Metric: precision Train_std: 0.0047272071494229425 Val_std: 0.020946824077082083 Test_std: 0.01547954537925744
08-Aug-26 15:58:48 - Epoch 121, Model Loss 0.6399306388080869, View Loss -1.526180099742682, Reg 0.3995308543099519
08-Aug-26 16:00:18 - Epoch 122, Model Loss 0.6430658558422552, View Loss -1.523415796926331, Reg 0.4022377436380506
08-Aug-26 16:01:48 - Epoch 123, Model Loss 0.6365757124443933, View Loss -1.5345049473032293, Reg 0.39862372361466475
08-Aug-26 16:03:18 - Epoch 124, Model Loss 0.639077525383259, View Loss -1.5227357792555039, Reg 0.40105363676737543
08-Aug-26 16:04:48 - Epoch 125, Model Loss 0.6370677202316508, View Loss -1.520355318380699, Reg 0.39854439045594825
/users/3171356m/miniconda3/envs/grastiacl/lib/python3.12/site-packages/torch_geometric/data/in_memory_dataset.py:300: UserWarning: It is not recommended to directly access the internal storage format `data` of an 'InMemoryDataset'. The data of the dataset is already cached, so any modifications to `data` will not be reflected when accessing its elements. Clearing the cache now by removing all elements in `dataset._data_list`. If you are absolutely certain what you are doing, access the internal storage via `InMemoryDataset._data` instead to suppress this warning. Alternatively, you can access stacked individual attributes of every graph via `dataset.{attr_name}`.
  warnings.warn(msg)
08-Aug-26 16:05:35 - Metric: accuracy Train_mean: 0.7714921429564734 Val_mean: 0.5947712418300654 Test_mean: 0.5784576788830715
08-Aug-26 16:05:35 - Metric: accuracy Train_std: 0.00877929158156857 Val_std: 0.023746277287039135 Test_std: 0.016247261398456798
08-Aug-26 16:05:35 - Metric: f1 Train_mean: 0.7608360632092206 Val_mean: 0.5783690164938464 Test_mean: 0.5622689236319854
08-Aug-26 16:05:35 - Metric: f1 Train_std: 0.009756137137957775 Val_std: 0.030587242620667875 Test_std: 0.020253928624617425
08-Aug-26 16:05:35 - Metric: sen Train_mean: 0.7642611657585527 Val_mean: 0.5835616358416214 Test_mean: 0.5692307629754861
08-Aug-26 16:05:35 - Metric: sen Train_std: 0.012022581185170423 Val_std: 0.03932246547341094 Test_std: 0.02544139950677633
08-Aug-26 16:05:35 - Metric: spe Train_mean: 0.778049062995235 Val_mean: 0.6049999924375001 Test_mean: 0.5868316773115676
08-Aug-26 16:05:35 - Metric: spe Train_std: 0.006844766506772614 Val_std: 0.01274754862463761 Test_std: 0.01329611168546904
08-Aug-26 16:05:35 - Metric: precision Train_mean: 0.7574634926794512 Val_mean: 0.5735434733922097 Test_mean: 0.5556184948697128
08-Aug-26 16:05:35 - Metric: precision Train_std: 0.007966724647722152 Val_std: 0.02274856844007119 Test_std: 0.016341174566248885
08-Aug-26 16:07:05 - Epoch 126, Model Loss 0.6420456777057887, View Loss -1.5218448703757887, Reg 0.4007872099906331
08-Aug-26 16:08:35 - Epoch 127, Model Loss 0.6385177019749725, View Loss -1.520485374219248, Reg 0.3984520240807633
08-Aug-26 16:10:05 - Epoch 128, Model Loss 0.6360538768967824, View Loss -1.514648747743423, Reg 0.39991713679984026
08-Aug-26 16:11:35 - Epoch 129, Model Loss 0.6412596902089139, View Loss -1.5126958831084822, Reg 0.40021201232487186
08-Aug-26 16:13:05 - Epoch 130, Model Loss 0.6347889503674528, View Loss -1.5199801268437916, Reg 0.39813702862133044
/users/3171356m/miniconda3/envs/grastiacl/lib/python3.12/site-packages/torch_geometric/data/in_memory_dataset.py:300: UserWarning: It is not recommended to directly access the internal storage format `data` of an 'InMemoryDataset'. The data of the dataset is already cached, so any modifications to `data` will not be reflected when accessing its elements. Clearing the cache now by removing all elements in `dataset._data_list`. If you are absolutely certain what you are doing, access the internal storage via `InMemoryDataset._data` instead to suppress this warning. Alternatively, you can access stacked individual attributes of every graph via `dataset.{attr_name}`.
  warnings.warn(msg)
08-Aug-26 16:13:53 - Metric: accuracy Train_mean: 0.7724720002567311 Val_mean: 0.6 Test_mean: 0.581599040139616
08-Aug-26 16:13:53 - Metric: accuracy Train_std: 0.005804999578422565 Val_std: 0.022029149733794405 Test_std: 0.017590000362327045
08-Aug-26 16:13:53 - Metric: f1 Train_mean: 0.7611181902738029 Val_mean: 0.5850472293953459 Test_mean: 0.5651164119640486
08-Aug-26 16:13:53 - Metric: f1 Train_std: 0.007046015443868555 Val_std: 0.027332754248661745 Test_std: 0.01982671044292051
08-Aug-26 16:13:53 - Metric: sen Train_mean: 0.7621993100955351 Val_mean: 0.5917808138112217 Test_mean: 0.5714285651491366
08-Aug-26 16:13:53 - Metric: sen Train_std: 0.011376594708153845 Val_std: 0.035085611779281205 Test_std: 0.024075716548845563
08-Aug-26 16:13:53 - Metric: spe Train_mean: 0.7817893277810849 Val_mean: 0.6074999924062501 Test_mean: 0.5907920733119596
08-Aug-26 16:13:53 - Metric: spe Train_std: 0.005469110245633132 Val_std: 0.016955824745865346 Test_std: 0.021409136675561
08-Aug-26 16:13:53 - Metric: precision Train_mean: 0.7601090527022613 Val_mean: 0.5787467386414755 Test_mean: 0.5591562596865483
08-Aug-26 16:13:53 - Metric: precision Train_std: 0.004768078407758229 Val_std: 0.021507613836783374 Test_std: 0.018221113500416327
08-Aug-26 16:15:23 - Epoch 131, Model Loss 0.6398433574073983, View Loss -1.5111280425323104, Reg 0.4011240234933638
08-Aug-26 16:16:53 - Epoch 132, Model Loss 0.6361378654525869, View Loss -1.5106114652865104, Reg 0.39776442863951167
08-Aug-26 16:18:23 - Epoch 133, Model Loss 0.6348768557464727, View Loss -1.5137697952063014, Reg 0.400383924714691
08-Aug-26 16:19:53 - Epoch 134, Model Loss 0.6359495712623436, View Loss -1.5105925040265007, Reg 0.39726707987705534
08-Aug-26 16:21:23 - Epoch 135, Model Loss 0.6328812217862038, View Loss -1.5164962528140973, Reg 0.400057262082479
/users/3171356m/miniconda3/envs/grastiacl/lib/python3.12/site-packages/torch_geometric/data/in_memory_dataset.py:300: UserWarning: It is not recommended to directly access the internal storage format `data` of an 'InMemoryDataset'. The data of the dataset is already cached, so any modifications to `data` will not be reflected when accessing its elements. Clearing the cache now by removing all elements in `dataset._data_list`. If you are absolutely certain what you are doing, access the internal storage via `InMemoryDataset._data` instead to suppress this warning. Alternatively, you can access stacked individual attributes of every graph via `dataset.{attr_name}`.
  warnings.warn(msg)
08-Aug-26 16:22:12 - Metric: accuracy Train_mean: 0.7714926778130783 Val_mean: 0.592156862745098 Test_mean: 0.5836769197207679
08-Aug-26 16:22:12 - Metric: accuracy Train_std: 0.006194762997914691 Val_std: 0.025682199613579718 Test_std: 0.018706446303122518
08-Aug-26 16:22:12 - Metric: f1 Train_mean: 0.7606460756954362 Val_mean: 0.57782790287458 Test_mean: 0.5653410625429639
08-Aug-26 16:22:12 - Metric: f1 Train_std: 0.007882042715293611 Val_std: 0.03332209637178779 Test_std: 0.02152926157018203
08-Aug-26 16:22:12 - Metric: sen Train_mean: 0.7635738805375467 Val_mean: 0.5863013618314883 Test_mean: 0.5692307629754862
08-Aug-26 16:22:12 - Metric: sen Train_std: 0.013642222112074286 Val_std: 0.04366404721147671 Test_std: 0.027274007713452342
08-Aug-26 16:22:12 - Metric: spe Train_mean: 0.7786799041147408 Val_mean: 0.5974999925312501 Test_mean: 0.5967524692923517
08-Aug-26 16:22:12 - Metric: spe Train_std: 0.0061680325222473985 Val_std: 0.012247448560822778 Test_std: 0.023289132179909636
08-Aug-26 16:22:12 - Metric: precision Train_mean: 0.7578515343694633 Val_mean: 0.5699353518159572 Test_mean: 0.5618200487185867
08-Aug-26 16:22:12 - Metric: precision Train_std: 0.004962772822268011 Val_std: 0.023933796859641896 Test_std: 0.01916139560420819
08-Aug-26 16:23:42 - Epoch 136, Model Loss 0.635423197407104, View Loss -1.5127065665552306, Reg 0.39806884577084783
08-Aug-26 16:25:12 - Epoch 137, Model Loss 0.6345375246333278, View Loss -1.5108390687399829, Reg 0.39975185773362676
08-Aug-26 16:26:42 - Epoch 138, Model Loss 0.6331301800376701, View Loss -1.512692295357772, Reg 0.39776130413410554
08-Aug-26 16:28:13 - Epoch 139, Model Loss 0.6345487157171241, View Loss -1.5113074385471423, Reg 0.39944653905086436
08-Aug-26 16:29:43 - Epoch 140, Model Loss 0.6329257114163004, View Loss -1.5173051496928707, Reg 0.39803538287533874
/users/3171356m/miniconda3/envs/grastiacl/lib/python3.12/site-packages/torch_geometric/data/in_memory_dataset.py:300: UserWarning: It is not recommended to directly access the internal storage format `data` of an 'InMemoryDataset'. The data of the dataset is already cached, so any modifications to `data` will not be reflected when accessing its elements. Clearing the cache now by removing all elements in `dataset._data_list`. If you are absolutely certain what you are doing, access the internal storage via `InMemoryDataset._data` instead to suppress this warning. Alternatively, you can access stacked individual attributes of every graph via `dataset.{attr_name}`.
  warnings.warn(msg)
08-Aug-26 16:30:33 - Metric: accuracy Train_mean: 0.7724720002567311 Val_mean: 0.5947712418300654 Test_mean: 0.5795047993019198
08-Aug-26 16:30:33 - Metric: accuracy Train_std: 0.0067413380380188055 Val_std: 0.02710645928539569 Test_std: 0.013240847731177783
08-Aug-26 16:30:33 - Metric: f1 Train_mean: 0.7614288874593255 Val_mean: 0.5782901540129991 Test_mean: 0.5629742995727651
08-Aug-26 16:30:33 - Metric: f1 Train_std: 0.008361758267118671 Val_std: 0.03402845186036227 Test_std: 0.015096136855283456
08-Aug-26 16:30:33 - Metric: sen Train_mean: 0.7635738805375467 Val_mean: 0.5835616358416214 Test_mean: 0.5692307629754861
08-Aug-26 16:30:33 - Metric: sen Train_std: 0.013467984793763205 Val_std: 0.04383561583786829 Test_std: 0.018906209170355136
08-Aug-26 16:30:33 - Metric: spe Train_mean: 0.7805471159469363 Val_mean: 0.6049999924375001 Test_mean: 0.5887920733319596
08-Aug-26 16:30:33 - Metric: spe Train_std: 0.004725689892590094 Val_std: 0.016955824745865346 Test_std: 0.01781907553407321
08-Aug-26 16:30:33 - Metric: precision Train_mean: 0.7593782876750319 Val_mean: 0.573476369381346 Test_mean: 0.5570181019436069
08-Aug-26 16:30:33 - Metric: precision Train_std: 0.004777410388455515 Val_std: 0.025896333425269178 Test_std: 0.013830991786345658
08-Aug-26 16:32:03 - Epoch 141, Model Loss 0.6322367555426753, View Loss -1.5175101447803705, Reg 0.3980352482037564
08-Aug-26 16:33:32 - Epoch 142, Model Loss 0.6351541710947348, View Loss -1.5094698298426352, Reg 0.3988651109539814
08-Aug-26 16:35:02 - Epoch 143, Model Loss 0.629831519585773, View Loss -1.5192761665607597, Reg 0.3977754865480766
08-Aug-26 16:36:32 - Epoch 144, Model Loss 0.6266667473765097, View Loss -1.519777878059004, Reg 0.39832781386175914
08-Aug-26 16:38:02 - Epoch 145, Model Loss 0.634059490020305, View Loss -1.5188814985203443, Reg 0.39750573525368915
/users/3171356m/miniconda3/envs/grastiacl/lib/python3.12/site-packages/torch_geometric/data/in_memory_dataset.py:300: UserWarning: It is not recommended to directly access the internal storage format `data` of an 'InMemoryDataset'. The data of the dataset is already cached, so any modifications to `data` will not be reflected when accessing its elements. Clearing the cache now by removing all elements in `dataset._data_list`. If you are absolutely certain what you are doing, access the internal storage via `InMemoryDataset._data` instead to suppress this warning. Alternatively, you can access stacked individual attributes of every graph via `dataset.{attr_name}`.
  warnings.warn(msg)
08-Aug-26 16:38:50 - Metric: accuracy Train_mean: 0.7727998673555619 Val_mean: 0.5882352941176471 Test_mean: 0.587870855148342
08-Aug-26 16:38:50 - Metric: accuracy Train_std: 0.006987568729182346 Val_std: 0.028639087974126336 Test_std: 0.014421948300962691
08-Aug-26 16:38:50 - Metric: f1 Train_mean: 0.7616726392549091 Val_mean: 0.5697468424607135 Test_mean: 0.572654174165971
08-Aug-26 16:38:50 - Metric: f1 Train_std: 0.009028816048874655 Val_std: 0.03580038918852647 Test_std: 0.013567189691026067
08-Aug-26 16:38:50 - Metric: sen Train_mean: 0.7635738805375467 Val_mean: 0.5726027318821544 Test_mean: 0.5802197738437387
08-Aug-26 16:38:50 - Metric: sen Train_std: 0.015275677453274553 Val_std: 0.04451527831971376 Test_std: 0.01758241738920422
08-Aug-26 16:38:50 - Metric: spe Train_mean: 0.7811701689044969 Val_mean: 0.6024999924687501 Test_mean: 0.5947920732719597
08-Aug-26 16:38:50 - Metric: spe Train_std: 0.0054306460270724275 Val_std: 0.016583123744487942 Test_std: 0.026000278750054596
08-Aug-26 16:38:50 - Metric: precision Train_mean: 0.7599026502936993 Val_mean: 0.5672039260501541 Test_mean: 0.5656156378582008
08-Aug-26 16:38:50 - Metric: precision Train_std: 0.004801127734373778 Val_std: 0.027971908981288898 Test_std: 0.0159975264325619
08-Aug-26 16:40:20 - Epoch 146, Model Loss 0.6334840994499717, View Loss -1.5214676522809591, Reg 0.397744302345619
08-Aug-26 16:41:49 - Epoch 147, Model Loss 0.6265853155856352, View Loss -1.5125498003540678, Reg 0.3976852104504238
08-Aug-26 16:43:20 - Epoch 148, Model Loss 0.6254823715367577, View Loss -1.5151482456398808, Reg 0.39697905502059966
08-Aug-26 16:44:50 - Epoch 149, Model Loss 0.626771337816406, View Loss -1.5157559446709925, Reg 0.39811578654843893
08-Aug-26 16:46:20 - Epoch 150, Model Loss 0.6313053007903957, View Loss -1.5105465376227472, Reg 0.39664293769513215
/users/3171356m/miniconda3/envs/grastiacl/lib/python3.12/site-packages/torch_geometric/data/in_memory_dataset.py:300: UserWarning: It is not recommended to directly access the internal storage format `data` of an 'InMemoryDataset'. The data of the dataset is already cached, so any modifications to `data` will not be reflected when accessing its elements. Clearing the cache now by removing all elements in `dataset._data_list`. If you are absolutely certain what you are doing, access the internal storage via `InMemoryDataset._data` instead to suppress this warning. Alternatively, you can access stacked individual attributes of every graph via `dataset.{attr_name}`.
  warnings.warn(msg)
08-Aug-26 16:47:08 - Metric: accuracy Train_mean: 0.7744322497138516 Val_mean: 0.5934640522875817 Test_mean: 0.5794938917975567
08-Aug-26 16:47:08 - Metric: accuracy Train_std: 0.008626692050400073 Val_std: 0.022029149733794388 Test_std: 0.016831010860215632
08-Aug-26 16:47:08 - Metric: f1 Train_mean: 0.7633248465744588 Val_mean: 0.5766438654053203 Test_mean: 0.5611233282303556
08-Aug-26 16:47:08 - Metric: f1 Train_std: 0.010056186335841122 Val_std: 0.026232915317914537 Test_std: 0.015870477751280462
08-Aug-26 16:47:08 - Metric: sen Train_mean: 0.7649484509795587 Val_mean: 0.5808219098517546 Test_mean: 0.5648351586281851
08-Aug-26 16:47:08 - Metric: sen Train_std: 0.014185407126888833 Val_std: 0.0319504209039411 Test_std: 0.019159995145673347
08-Aug-26 16:47:08 - Metric: spe Train_mean: 0.7830354336962061 Val_mean: 0.6049999924375 Test_mean: 0.5927524693323518
08-Aug-26 16:47:08 - Metric: spe Train_std: 0.006039579009824787 Val_std: 0.016955824745865346 Test_std: 0.027935702515095598
08-Aug-26 16:47:08 - Metric: precision Train_mean: 0.761769613316005 Val_mean: 0.5726936092826505 Test_mean: 0.5578018012704893
08-Aug-26 16:47:08 - Metric: precision Train_std: 0.006981842664361273 Val_std: 0.021757367258504218 Test_std: 0.017973871582869668
08-Aug-26 16:48:38 - Epoch 151, Model Loss 0.62679392785208, View Loss -1.5066796725763936, Reg 0.3995430398436271
08-Aug-26 16:50:08 - Epoch 152, Model Loss 0.6284084931078316, View Loss -1.506260323225205, Reg 0.39622354968821155
08-Aug-26 16:51:38 - Epoch 153, Model Loss 0.6210916364043327, View Loss -1.5146359843689028, Reg 0.39847062746351236
08-Aug-26 16:53:08 - Epoch 154, Model Loss 0.6253355998374428, View Loss -1.521474075616653, Reg 0.39701995378258836
08-Aug-26 16:54:38 - Epoch 155, Model Loss 0.6240638410945317, View Loss -1.519954661445139, Reg 0.39793095154742314
/users/3171356m/miniconda3/envs/grastiacl/lib/python3.12/site-packages/torch_geometric/data/in_memory_dataset.py:300: UserWarning: It is not recommended to directly access the internal storage format `data` of an 'InMemoryDataset'. The data of the dataset is already cached, so any modifications to `data` will not be reflected when accessing its elements. Clearing the cache now by removing all elements in `dataset._data_list`. If you are absolutely certain what you are doing, access the internal storage via `InMemoryDataset._data` instead to suppress this warning. Alternatively, you can access stacked individual attributes of every graph via `dataset.{attr_name}`.
  warnings.warn(msg)
08-Aug-26 16:55:25 - Metric: accuracy Train_mean: 0.7946926179091386 Val_mean: 0.5947712418300654 Test_mean: 0.5826243455497383
08-Aug-26 16:55:25 - Metric: accuracy Train_std: 0.0437441434916599 Val_std: 0.02772967769359012 Test_std: 0.018789106308842382
08-Aug-26 16:55:25 - Metric: f1 Train_mean: 0.7853461843516542 Val_mean: 0.5772476314726804 Test_mean: 0.5639477019804889
08-Aug-26 16:55:25 - Metric: f1 Train_std: 0.04537280618990811 Val_std: 0.03417126187603991 Test_std: 0.01848703001081094
08-Aug-26 16:55:25 - Metric: sen Train_mean: 0.7890034337147649 Val_mean: 0.5808219098517546 Test_mean: 0.5670329608018356
08-Aug-26 16:55:25 - Metric: sen Train_std: 0.04333713461515608 Val_std: 0.04118711280119819 Test_std: 0.01915999514567336
08-Aug-26 16:55:25 - Metric: spe Train_mean: 0.7998559165098555 Val_mean: 0.6074999924062501 Test_mean: 0.5967524692923518
08-Aug-26 16:55:25 - Metric: spe Train_std: 0.04430636608384284 Val_std: 0.016955824745865346 Test_std: 0.023289132179909636
08-Aug-26 16:55:25 - Metric: precision Train_mean: 0.7817516493809298 Val_mean: 0.5739094998790156 Test_mean: 0.561016252506134
08-Aug-26 16:55:25 - Metric: precision Train_std: 0.047536136231209905 Val_std: 0.02763802204370767 Test_std: 0.019653304374125994
08-Aug-26 16:56:55 - Epoch 156, Model Loss 0.6268190556989055, View Loss -1.5088036608995254, Reg 0.397370010863787
08-Aug-26 16:58:25 - Epoch 157, Model Loss 0.6235016166665065, View Loss -1.5161720968190595, Reg 0.3971026730587293
08-Aug-26 16:59:55 - Epoch 158, Model Loss 0.6203280467867353, View Loss -1.5234832758684038, Reg 0.3974667610483688
08-Aug-26 17:01:26 - Epoch 159, Model Loss 0.6252367277025678, View Loss -1.517252713067761, Reg 0.3964202664636668
08-Aug-26 17:02:55 - Epoch 160, Model Loss 0.6233172518937657, View Loss -1.5131782343198066, Reg 0.39723931346478325
/users/3171356m/miniconda3/envs/grastiacl/lib/python3.12/site-packages/torch_geometric/data/in_memory_dataset.py:300: UserWarning: It is not recommended to directly access the internal storage format `data` of an 'InMemoryDataset'. The data of the dataset is already cached, so any modifications to `data` will not be reflected when accessing its elements. Clearing the cache now by removing all elements in `dataset._data_list`. If you are absolutely certain what you are doing, access the internal storage via `InMemoryDataset._data` instead to suppress this warning. Alternatively, you can access stacked individual attributes of every graph via `dataset.{attr_name}`.
  warnings.warn(msg)
08-Aug-26 17:03:43 - Metric: accuracy Train_mean: 0.7727966582159322 Val_mean: 0.5908496732026144 Test_mean: 0.58157722513089
08-Aug-26 17:03:43 - Metric: accuracy Train_std: 0.0094829541500165 Val_std: 0.02248973926024215 Test_std: 0.018099898410467122
08-Aug-26 17:03:43 - Metric: f1 Train_mean: 0.7628681141574355 Val_mean: 0.5739411627026175 Test_mean: 0.5662667376898876
08-Aug-26 17:03:43 - Metric: f1 Train_std: 0.009851503933414652 Val_std: 0.026332476223761305 Test_std: 0.014165097465648445
08-Aug-26 17:03:43 - Metric: sen Train_mean: 0.7683848770845881 Val_mean: 0.5780821838618879 Test_mean: 0.5736263673227873
08-Aug-26 17:03:43 - Metric: sen Train_std: 0.012409257747918553 Val_std: 0.03171462121703322 Test_std: 0.012815278748942687
08-Aug-26 17:03:43 - Metric: spe Train_mean: 0.7767971159586551 Val_mean: 0.60249999246875 Test_mean: 0.5887524693723518
08-Aug-26 17:03:43 - Metric: spe Train_std: 0.011972110546721612 Val_std: 0.018371172841234167 Test_std: 0.03010686424340028
08-Aug-26 17:03:43 - Metric: precision Train_mean: 0.7575232963072487 Val_mean: 0.5700269426159836 Test_mean: 0.5593578019161993
08-Aug-26 17:03:43 - Metric: precision Train_std: 0.010652538862735048 Val_std: 0.022325223691202586 Test_std: 0.019513847333646975
08-Aug-26 17:05:13 - Epoch 161, Model Loss 0.6280983333557719, View Loss -1.514214699238414, Reg 0.3973037752646283
08-Aug-26 17:06:43 - Epoch 162, Model Loss 0.62631118995874, View Loss -1.510303738725734, Reg 0.3967105867224258
08-Aug-26 17:08:13 - Epoch 163, Model Loss 0.620715880119651, View Loss -1.5275659067361425, Reg 0.3963633301866603
08-Aug-26 17:09:43 - Epoch 164, Model Loss 0.6246321678909796, View Loss -1.515151938135155, Reg 0.3972759354064654
08-Aug-26 17:11:13 - Epoch 165, Model Loss 0.6238673901707558, View Loss -1.506731140064894, Reg 0.39622776889900785
/users/3171356m/miniconda3/envs/grastiacl/lib/python3.12/site-packages/torch_geometric/data/in_memory_dataset.py:300: UserWarning: It is not recommended to directly access the internal storage format `data` of an 'InMemoryDataset'. The data of the dataset is already cached, so any modifications to `data` will not be reflected when accessing its elements. Clearing the cache now by removing all elements in `dataset._data_list`. If you are absolutely certain what you are doing, access the internal storage via `InMemoryDataset._data` instead to suppress this warning. Alternatively, you can access stacked individual attributes of every graph via `dataset.{attr_name}`.
  warnings.warn(msg)
08-Aug-26 17:12:08 - Metric: accuracy Train_mean: 0.7871762780398575 Val_mean: 0.5803921568627451 Test_mean: 0.5794884380453753
08-Aug-26 17:12:08 - Metric: accuracy Train_std: 0.03496067757734358 Val_std: 0.029053739569794602 Test_std: 0.012497091945687867
08-Aug-26 17:12:08 - Metric: f1 Train_mean: 0.776981303547603 Val_mean: 0.561968922856021 Test_mean: 0.5578019200329709
08-Aug-26 17:12:08 - Metric: f1 Train_std: 0.03583509879783178 Val_std: 0.03130675793067704 Test_std: 0.019444222922757253
08-Aug-26 17:12:08 - Metric: sen Train_mean: 0.7786941553996765 Val_mean: 0.5643835539125541 Test_mean: 0.5582417521072336
08-Aug-26 17:12:08 - Metric: sen Train_std: 0.032860571949982695 Val_std: 0.03399910541368585 Test_std: 0.03361990851138198
08-Aug-26 17:12:08 - Metric: spe Train_mean: 0.7948675987683982 Val_mean: 0.5949999925625 Test_mean: 0.5987524692723518
08-Aug-26 17:12:08 - Metric: spe Train_std: 0.03834915311610416 Val_std: 0.02806243005002416 Test_std: 0.02848462341815308
08-Aug-26 17:12:08 - Metric: precision Train_mean: 0.7754012321684601 Val_mean: 0.5597117680044861 Test_mean: 0.5583583673080132
08-Aug-26 17:12:08 - Metric: precision Train_std: 0.03981107160871105 Val_std: 0.02982763764966714 Test_std: 0.012523200398811584
08-Aug-26 17:13:38 - Epoch 166, Model Loss 0.6201183287169644, View Loss -1.504766965510955, Reg 0.397421109252395
08-Aug-26 17:15:08 - Epoch 167, Model Loss 0.6175140666163617, View Loss -1.5065579534075748, Reg 0.3958033077637022
08-Aug-26 17:16:38 - Epoch 168, Model Loss 0.6164335306718259, View Loss -1.5016328440550482, Reg 0.3961915732926405
08-Aug-26 17:18:08 - Epoch 169, Model Loss 0.6166466100445352, View Loss -1.500828456180365, Reg 0.3964170585366971
08-Aug-26 17:19:38 - Epoch 170, Model Loss 0.6178103353687909, View Loss -1.502722185525934, Reg 0.39534020349071614
/users/3171356m/miniconda3/envs/grastiacl/lib/python3.12/site-packages/torch_geometric/data/in_memory_dataset.py:300: UserWarning: It is not recommended to directly access the internal storage format `data` of an 'InMemoryDataset'. The data of the dataset is already cached, so any modifications to `data` will not be reflected when accessing its elements. Clearing the cache now by removing all elements in `dataset._data_list`. If you are absolutely certain what you are doing, access the internal storage via `InMemoryDataset._data` instead to suppress this warning. Alternatively, you can access stacked individual attributes of every graph via `dataset.{attr_name}`.
  warnings.warn(msg)
08-Aug-26 17:20:26 - Metric: accuracy Train_mean: 0.7741049174716258 Val_mean: 0.5882352941176471 Test_mean: 0.5826297993019198
08-Aug-26 17:20:26 - Metric: accuracy Train_std: 0.009026157345073189 Val_std: 0.01982451096484065 Test_std: 0.01581009176696064
08-Aug-26 17:20:26 - Metric: f1 Train_mean: 0.7634084498217983 Val_mean: 0.5687999428033106 Test_mean: 0.5658126869330223
08-Aug-26 17:20:26 - Metric: f1 Train_std: 0.009848479525744441 Val_std: 0.025492288089518908 Test_std: 0.015453394993389182
08-Aug-26 17:20:26 - Metric: sen Train_mean: 0.7663230214215704 Val_mean: 0.5698630058922876 Test_mean: 0.5714285651491368
08-Aug-26 17:20:26 - Metric: sen Train_std: 0.013397655410742004 Val_std: 0.0319504209039411 Test_std: 0.018388132249230974
08-Aug-26 17:20:26 - Metric: spe Train_mean: 0.7811623807425517 Val_mean: 0.6049999924375 Test_mean: 0.5927524693323518
08-Aug-26 17:20:26 - Metric: spe Train_std: 0.010340984828484804 Val_std: 0.009999999874999993 Test_std: 0.024091564478296513
08-Aug-26 17:20:26 - Metric: precision Train_mean: 0.7606117411923552 Val_mean: 0.5678971783810984 Test_mean: 0.560547017352059
08-Aug-26 17:20:26 - Metric: precision Train_std: 0.0094311136899344 Val_std: 0.019337599386624542 Test_std: 0.016643367912025944
08-Aug-26 17:21:56 - Epoch 171, Model Loss 0.621946070234147, View Loss -1.5144699492713896, Reg 0.3970280375690141
08-Aug-26 17:23:26 - Epoch 172, Model Loss 0.6179151401609556, View Loss -1.5058286549157178, Reg 0.3962704711379366
08-Aug-26 17:24:56 - Epoch 173, Model Loss 0.6185588659601731, View Loss -1.5114635947359156, Reg 0.3952774431665572
08-Aug-26 17:26:26 - Epoch 174, Model Loss 0.6212239684420151, View Loss -1.498894618644874, Reg 0.39619047534515667
08-Aug-26 17:27:56 - Epoch 175, Model Loss 0.6158118238010167, View Loss -1.4978079845715766, Reg 0.3958429613123379
/users/3171356m/miniconda3/envs/grastiacl/lib/python3.12/site-packages/torch_geometric/data/in_memory_dataset.py:300: UserWarning: It is not recommended to directly access the internal storage format `data` of an 'InMemoryDataset'. The data of the dataset is already cached, so any modifications to `data` will not be reflected when accessing its elements. Clearing the cache now by removing all elements in `dataset._data_list`. If you are absolutely certain what you are doing, access the internal storage via `InMemoryDataset._data` instead to suppress this warning. Alternatively, you can access stacked individual attributes of every graph via `dataset.{attr_name}`.
  warnings.warn(msg)
08-Aug-26 17:28:48 - Metric: accuracy Train_mean: 0.7741038477584159 Val_mean: 0.5869281045751634 Test_mean: 0.586812827225131
08-Aug-26 17:28:48 - Metric: accuracy Train_std: 0.00857164579231399 Val_std: 0.02691668010715554 Test_std: 0.018869175501510283
08-Aug-26 17:28:48 - Metric: f1 Train_mean: 0.7635915432884016 Val_mean: 0.5677744817954585 Test_mean: 0.568326133006984
08-Aug-26 17:28:48 - Metric: f1 Train_std: 0.008917782776502974 Val_std: 0.034308739020339124 Test_std: 0.017757425816850067
08-Aug-26 17:28:48 - Metric: sen Train_mean: 0.7670103066425764 Val_mean: 0.5698630058922876 Test_mean: 0.5714285651491366
08-Aug-26 17:28:48 - Metric: sen Train_std: 0.01028634329598905 Val_std: 0.043835615837868276 Test_std: 0.019657740245517506
08-Aug-26 17:28:48 - Metric: spe Train_mean: 0.7805373807445048 Val_mean: 0.60249999246875 Test_mean: 0.6007524692523518
08-Aug-26 17:28:48 - Metric: spe Train_std: 0.009231400077976131 Val_std: 0.01457737955489598 Test_std: 0.028850716972281414
08-Aug-26 17:28:48 - Metric: precision Train_mean: 0.7602377706141756 Val_mean: 0.5660326361030587 Test_mean: 0.5655721403975875
08-Aug-26 17:28:48 - Metric: precision Train_std: 0.00896730260693505 Val_std: 0.025753449831299104 Test_std: 0.020657676130846896
08-Aug-26 17:30:18 - Epoch 176, Model Loss 0.6148474071813926, View Loss -1.5058778304934002, Reg 0.3953954462725747
08-Aug-26 17:31:48 - Epoch 177, Model Loss 0.6191242409550495, View Loss -1.5033592235094333, Reg 0.39572650343803184
08-Aug-26 17:33:18 - Epoch 178, Model Loss 0.6175469090250246, View Loss -1.5081826458416225, Reg 0.3962191637589842
08-Aug-26 17:34:48 - Epoch 179, Model Loss 0.6176191617006038, View Loss -1.5083229541778564, Reg 0.394886092910208
08-Aug-26 17:36:18 - Epoch 180, Model Loss 0.6167719399081114, View Loss -1.513172796580582, Reg 0.39536363198168606
/users/3171356m/miniconda3/envs/grastiacl/lib/python3.12/site-packages/torch_geometric/data/in_memory_dataset.py:300: UserWarning: It is not recommended to directly access the internal storage format `data` of an 'InMemoryDataset'. The data of the dataset is already cached, so any modifications to `data` will not be reflected when accessing its elements. Clearing the cache now by removing all elements in `dataset._data_list`. If you are absolutely certain what you are doing, access the internal storage via `InMemoryDataset._data` instead to suppress this warning. Alternatively, you can access stacked individual attributes of every graph via `dataset.{attr_name}`.
  warnings.warn(msg)
08-Aug-26 17:37:05 - Metric: accuracy Train_mean: 0.7937116908956708 Val_mean: 0.596078431372549 Test_mean: 0.584713132635253
08-Aug-26 17:37:05 - Metric: accuracy Train_std: 0.041821179523401135 Val_std: 0.0262741846303814 Test_std: 0.01862192127723969
08-Aug-26 17:37:05 - Metric: f1 Train_mean: 0.7843757535237488 Val_mean: 0.5778917593699243 Test_mean: 0.5642962132347314
08-Aug-26 17:37:05 - Metric: f1 Train_std: 0.043316359717847364 Val_std: 0.034169428053471215 Test_std: 0.016595016711080306
08-Aug-26 17:37:05 - Metric: sen Train_mean: 0.788316148493759 Val_mean: 0.5808219098517546 Test_mean: 0.5648351586281851
08-Aug-26 17:37:05 - Metric: sen Train_std: 0.041726760644679284 Val_std: 0.043835615837868276 Test_std: 0.014906219579327841
08-Aug-26 17:37:05 - Metric: spe Train_mean: 0.7986059165137618 Val_mean: 0.609999992375 Test_mean: 0.6027326672525478
08-Aug-26 17:37:05 - Metric: spe Train_std: 0.04250162326359345 Val_std: 0.012247448560822792 Test_std: 0.025674441201895777
08-Aug-26 17:37:05 - Metric: precision Train_mean: 0.7805285012534362 Val_mean: 0.5753199540693067 Test_mean: 0.5638878972048678
08-Aug-26 17:37:05 - Metric: precision Train_std: 0.045268214386195105 Val_std: 0.025041971188608694 Test_std: 0.020060222023250356
08-Aug-26 17:38:34 - Epoch 181, Model Loss 0.6170533770796645, View Loss -1.51298612780152, Reg 0.3954315176818161
08-Aug-26 17:40:04 - Epoch 182, Model Loss 0.6128235257320325, View Loss -1.5210953292487555, Reg 0.3961847008022803
08-Aug-26 17:41:34 - Epoch 183, Model Loss 0.6127008152307327, View Loss -1.5207124010788347, Reg 0.39503373573514705
08-Aug-26 17:43:04 - Epoch 184, Model Loss 0.6096355815312853, View Loss -1.5181181874734089, Reg 0.39581593920995
08-Aug-26 17:44:34 - Epoch 185, Model Loss 0.6135023011822082, View Loss -1.5182721455226882, Reg 0.39533521428267826
/users/3171356m/miniconda3/envs/grastiacl/lib/python3.12/site-packages/torch_geometric/data/in_memory_dataset.py:300: UserWarning: It is not recommended to directly access the internal storage format `data` of an 'InMemoryDataset'. The data of the dataset is already cached, so any modifications to `data` will not be reflected when accessing its elements. Clearing the cache now by removing all elements in `dataset._data_list`. If you are absolutely certain what you are doing, access the internal storage via `InMemoryDataset._data` instead to suppress this warning. Alternatively, you can access stacked individual attributes of every graph via `dataset.{attr_name}`.
  warnings.warn(msg)
08-Aug-26 17:45:17 - Metric: accuracy Train_mean: 0.7744301102874319 Val_mean: 0.5882352941176471 Test_mean: 0.5794938917975567
08-Aug-26 17:45:17 - Metric: accuracy Train_std: 0.010056988460348089 Val_std: 0.023746277287039142 Test_std: 0.014371174084495756
08-Aug-26 17:45:17 - Metric: f1 Train_mean: 0.7644905006257632 Val_mean: 0.5698693953395252 Test_mean: 0.5630559818283605
08-Aug-26 17:45:17 - Metric: f1 Train_std: 0.01057437982063258 Val_std: 0.029728286096254622 Test_std: 0.013693583369334576
08-Aug-26 17:45:17 - Metric: sen Train_mean: 0.7697594475265997 Val_mean: 0.5726027318821544 Test_mean: 0.5692307629754861
08-Aug-26 17:45:17 - Metric: sen Train_std: 0.012485156056466785 Val_std: 0.038159967359956935 Test_std: 0.014578570346852641
08-Aug-26 17:45:17 - Metric: spe Train_mean: 0.7786662748313369 Val_mean: 0.60249999246875 Test_mean: 0.5887920733319596
08-Aug-26 17:45:17 - Metric: spe Train_std: 0.010512236607911656 Val_std: 0.01457737955489598 Test_std: 0.01993788984042711
08-Aug-26 17:45:17 - Metric: precision Train_mean: 0.7593418440212603 Val_mean: 0.5674306287319986 Test_mean: 0.5571274584486664
08-Aug-26 17:45:17 - Metric: precision Train_std: 0.010327758628845485 Val_std: 0.022553103398839258 Test_std: 0.015067874832168664
08-Aug-26 17:46:47 - Epoch 186, Model Loss 0.6152491906197999, View Loss -1.511677775921682, Reg 0.39460178648577576
08-Aug-26 17:48:17 - Epoch 187, Model Loss 0.6140174663715283, View Loss -1.5131706044264916, Reg 0.3951839825847658
08-Aug-26 17:49:47 - Epoch 188, Model Loss 0.6116421405989755, View Loss -1.5152713923274723, Reg 0.39461990604839564
08-Aug-26 17:51:17 - Epoch 189, Model Loss 0.6122793611372864, View Loss -1.5120026950556862, Reg 0.3961245077175077
08-Aug-26 17:52:47 - Epoch 190, Model Loss 0.6138927228281189, View Loss -1.5117425325026572, Reg 0.3933719768184997
/users/3171356m/miniconda3/envs/grastiacl/lib/python3.12/site-packages/torch_geometric/data/in_memory_dataset.py:300: UserWarning: It is not recommended to directly access the internal storage format `data` of an 'InMemoryDataset'. The data of the dataset is already cached, so any modifications to `data` will not be reflected when accessing its elements. Clearing the cache now by removing all elements in `dataset._data_list`. If you are absolutely certain what you are doing, access the internal storage via `InMemoryDataset._data` instead to suppress this warning. Alternatively, you can access stacked individual attributes of every graph via `dataset.{attr_name}`.
  warnings.warn(msg)
08-Aug-26 17:53:31 - Metric: accuracy Train_mean: 0.7754121070141095 Val_mean: 0.5908496732026144 Test_mean: 0.5836605584642234
08-Aug-26 17:53:31 - Metric: accuracy Train_std: 0.007983348519560627 Val_std: 0.022106581078807537 Test_std: 0.01754908644752764
08-Aug-26 17:53:31 - Metric: f1 Train_mean: 0.7642992635788863 Val_mean: 0.5738286625608209 Test_mean: 0.5666095043456093
08-Aug-26 17:53:31 - Metric: f1 Train_std: 0.008623653239279624 Val_std: 0.02735146824019479 Test_std: 0.009840336449630862
08-Aug-26 17:53:31 - Metric: sen Train_mean: 0.7656357362005645 Val_mean: 0.5780821838618879 Test_mean: 0.5714285651491366
08-Aug-26 17:53:31 - Metric: sen Train_std: 0.012178725144863059 Val_std: 0.03508561177928118 Test_std: 0.0069500607152045805
08-Aug-26 17:53:31 - Metric: spe Train_mean: 0.7842776455303546 Val_mean: 0.60249999246875 Test_mean: 0.5947128653527439
08-Aug-26 17:53:31 - Metric: spe Train_std: 0.01000409413573714 Val_std: 0.01457737955489598 Test_std: 0.03537819775676353
08-Aug-26 17:53:31 - Metric: precision Train_mean: 0.7630646676398237 Val_mean: 0.5698690260334096 Test_mean: 0.5623252576682504
08-Aug-26 17:53:31 - Metric: precision Train_std: 0.00868335144697989 Val_std: 0.020947174570862637 Test_std: 0.019908977211743024
08-Aug-26 17:55:01 - Epoch 191, Model Loss 0.6086983284192106, View Loss -1.5066458964447595, Reg 0.39636522905597127
08-Aug-26 17:56:31 - Epoch 192, Model Loss 0.6109144520560069, View Loss -1.5058908856563489, Reg 0.39310437465811376
08-Aug-26 17:58:01 - Epoch 193, Model Loss 0.6094494255018035, View Loss -1.4956916455943214, Reg 0.3969900257667238
08-Aug-26 17:59:31 - Epoch 194, Model Loss 0.611190479420219, View Loss -1.496265576973121, Reg 0.3938879187386405
08-Aug-26 18:01:01 - Epoch 195, Model Loss 0.6073413574795344, View Loss -1.4959799639849483, Reg 0.39490655538427283
/users/3171356m/miniconda3/envs/grastiacl/lib/python3.12/site-packages/torch_geometric/data/in_memory_dataset.py:300: UserWarning: It is not recommended to directly access the internal storage format `data` of an 'InMemoryDataset'. The data of the dataset is already cached, so any modifications to `data` will not be reflected when accessing its elements. Clearing the cache now by removing all elements in `dataset._data_list`. If you are absolutely certain what you are doing, access the internal storage via `InMemoryDataset._data` instead to suppress this warning. Alternatively, you can access stacked individual attributes of every graph via `dataset.{attr_name}`.
  warnings.warn(msg)
08-Aug-26 18:01:49 - Metric: accuracy Train_mean: 0.7750842399152786 Val_mean: 0.5934640522875817 Test_mean: 0.5889016143106458
08-Aug-26 18:01:49 - Metric: accuracy Train_std: 0.009076653592627767 Val_std: 0.025615579009497264 Test_std: 0.02371814439293292
08-Aug-26 18:01:49 - Metric: f1 Train_mean: 0.7643708521628344 Val_mean: 0.5763515115250618 Test_mean: 0.5724764236377217
08-Aug-26 18:01:49 - Metric: f1 Train_std: 0.009468628339293395 Val_std: 0.032655079608549575 Test_std: 0.02120540635404736
08-Aug-26 18:01:49 - Metric: sen Train_mean: 0.7670103066425764 Val_mean: 0.5808219098517547 Test_mean: 0.5780219716700883
08-Aug-26 18:01:49 - Metric: sen Train_std: 0.011983227295014828 Val_std: 0.042970923086311 Test_std: 0.02038157888700617
08-Aug-26 18:01:49 - Metric: spe Train_mean: 0.7824065396171866 Val_mean: 0.6049999924375 Test_mean: 0.5987326672925478
08-Aug-26 18:01:49 - Metric: spe Train_std: 0.011127220411210044 Val_std: 0.014999999812499975 Test_std: 0.03442438535037877
08-Aug-26 18:01:49 - Metric: precision Train_mean: 0.7618327038225483 Val_mean: 0.5723290681151947 Test_mean: 0.5673431580483566
08-Aug-26 18:01:49 - Metric: precision Train_std: 0.010072089906054946 Val_std: 0.023915337414358317 Test_std: 0.02556039012820181
08-Aug-26 18:03:19 - Epoch 196, Model Loss 0.6037992803870883, View Loss -1.4954388839929174, Reg 0.3944895950820157
08-Aug-26 18:04:49 - Epoch 197, Model Loss 0.6104875644629969, View Loss -1.4939820596862539, Reg 0.3941481286761152
08-Aug-26 18:06:19 - Epoch 198, Model Loss 0.6041531602707867, View Loss -1.498510558734878, Reg 0.39421854557851366
08-Aug-26 18:07:49 - Epoch 199, Model Loss 0.606996161044891, View Loss -1.5042463451249828, Reg 0.39470054115710396
08-Aug-26 18:09:19 - Epoch 200, Model Loss 0.6133226592670424, View Loss -1.4962437063081493, Reg 0.3942239899266215
/users/3171356m/miniconda3/envs/grastiacl/lib/python3.12/site-packages/torch_geometric/data/in_memory_dataset.py:300: UserWarning: It is not recommended to directly access the internal storage format `data` of an 'InMemoryDataset'. The data of the dataset is already cached, so any modifications to `data` will not be reflected when accessing its elements. Clearing the cache now by removing all elements in `dataset._data_list`. If you are absolutely certain what you are doing, access the internal storage via `InMemoryDataset._data` instead to suppress this warning. Alternatively, you can access stacked individual attributes of every graph via `dataset.{attr_name}`.
  warnings.warn(msg)
08-Aug-26 18:10:04 - Metric: accuracy Train_mean: 0.7741038477584159 Val_mean: 0.5895424836601307 Test_mean: 0.5836660122164049
08-Aug-26 18:10:04 - Metric: accuracy Train_std: 0.008382673538402542 Val_std: 0.026916680107155543 Test_std: 0.019507671322690906
08-Aug-26 18:10:04 - Metric: f1 Train_mean: 0.7637431391351637 Val_mean: 0.5716599380626545 Test_mean: 0.5664798909931248
08-Aug-26 18:10:04 - Metric: f1 Train_std: 0.008885390881232687 Val_std: 0.034523140891171325 Test_std: 0.01763506417567799
08-Aug-26 18:10:04 - Metric: sen Train_mean: 0.7676975918635821 Val_mean: 0.5753424578720211 Test_mean: 0.5714285651491366
08-Aug-26 18:10:04 - Metric: sen Train_std: 0.011824502044647953 Val_std: 0.04417675418003652 Test_std: 0.019657740245517506
08-Aug-26 18:10:04 - Metric: spe Train_mean: 0.7799143277869443 Val_mean: 0.60249999246875 Test_mean: 0.5947326673325478
08-Aug-26 18:10:04 - Metric: spe Train_std: 0.01021978983026523 Val_std: 0.01457737955489598 Test_std: 0.030966105623942135
08-Aug-26 18:10:04 - Metric: precision Train_mean: 0.7599120410377525 Val_mean: 0.5683659965851746 Test_mean: 0.5619712288504413
08-Aug-26 18:10:04 - Metric: precision Train_std: 0.009128767487636897 Val_std: 0.025720395504259252 Test_std: 0.020941663960795193
08-Aug-26 18:11:34 - Epoch 201, Model Loss 0.609693027689866, View Loss -1.4965682882644142, Reg 0.3940150513309814
08-Aug-26 18:13:04 - Epoch 202, Model Loss 0.6114434556232835, View Loss -1.490602124685024, Reg 0.39300591252338934
08-Aug-26 18:14:34 - Epoch 203, Model Loss 0.6078313899588884, View Loss -1.4950387822035467, Reg 0.3952767681875987
08-Aug-26 18:16:04 - Epoch 204, Model Loss 0.6019567368419599, View Loss -1.499569822056024, Reg 0.39203789655633553
08-Aug-26 18:17:34 - Epoch 205, Model Loss 0.6035060997288596, View Loss -1.4917051088859845, Reg 0.3956972469096403
/users/3171356m/miniconda3/envs/grastiacl/lib/python3.12/site-packages/torch_geometric/data/in_memory_dataset.py:300: UserWarning: It is not recommended to directly access the internal storage format `data` of an 'InMemoryDataset'. The data of the dataset is already cached, so any modifications to `data` will not be reflected when accessing its elements. Clearing the cache now by removing all elements in `dataset._data_list`. If you are absolutely certain what you are doing, access the internal storage via `InMemoryDataset._data` instead to suppress this warning. Alternatively, you can access stacked individual attributes of every graph via `dataset.{attr_name}`.
  warnings.warn(msg)
08-Aug-26 18:18:18 - Metric: accuracy Train_mean: 0.7737781200860049 Val_mean: 0.5908496732026144 Test_mean: 0.5888961605584642
08-Aug-26 18:18:18 - Metric: accuracy Train_std: 0.007042379676060129 Val_std: 0.022866478019001175 Test_std: 0.0203292005129456
08-Aug-26 18:18:18 - Metric: f1 Train_mean: 0.7626944805773199 Val_mean: 0.5726204962682457 Test_mean: 0.5723961904160801
08-Aug-26 18:18:18 - Metric: f1 Train_std: 0.0068511160135717826 Val_std: 0.028900770294511244 Test_std: 0.01856211861194545
08-Aug-26 18:18:18 - Metric: sen Train_mean: 0.7642611657585527 Val_mean: 0.5753424578720211 Test_mean: 0.5780219716700883
08-Aug-26 18:18:18 - Metric: sen Train_std: 0.008015054123446995 Val_std: 0.03675728131838998 Test_std: 0.02038157888700617
08-Aug-26 18:18:18 - Metric: spe Train_mean: 0.7824084866576729 Val_mean: 0.6049999924375 Test_mean: 0.5987128653127438
08-Aug-26 18:18:18 - Metric: spe Train_std: 0.010544280435719554 Val_std: 0.014999999812499975 Test_std: 0.030950184361191554
08-Aug-26 18:18:18 - Metric: precision Train_mean: 0.761201262385636 Val_mean: 0.5701908384100165 Test_mean: 0.5672218027324524
08-Aug-26 18:18:18 - Metric: precision Train_std: 0.009013111313498759 Val_std: 0.0220903348139275 Test_std: 0.02173997653793649
08-Aug-26 18:19:48 - Epoch 206, Model Loss 0.6025827682916091, View Loss -1.4948873619654188, Reg 0.39229836723295713
08-Aug-26 18:21:18 - Epoch 207, Model Loss 0.6061621343241576, View Loss -1.519862097676329, Reg 0.39562349601270763
08-Aug-26 18:22:48 - Epoch 208, Model Loss 0.6056977777301517, View Loss -1.505059445253476, Reg 0.3918262610375632
08-Aug-26 18:24:18 - Epoch 209, Model Loss 0.6046911887045185, View Loss -1.4980183710114228, Reg 0.3950938698387545
08-Aug-26 18:25:48 - Epoch 210, Model Loss 0.6055899483140044, View Loss -1.4958777243123393, Reg 0.39267306160727306
/users/3171356m/miniconda3/envs/grastiacl/lib/python3.12/site-packages/torch_geometric/data/in_memory_dataset.py:300: UserWarning: It is not recommended to directly access the internal storage format `data` of an 'InMemoryDataset'. The data of the dataset is already cached, so any modifications to `data` will not be reflected when accessing its elements. Clearing the cache now by removing all elements in `dataset._data_list`. If you are absolutely certain what you are doing, access the internal storage via `InMemoryDataset._data` instead to suppress this warning. Alternatively, you can access stacked individual attributes of every graph via `dataset.{attr_name}`.
  warnings.warn(msg)
08-Aug-26 18:26:33 - Metric: accuracy Train_mean: 0.8123402115892728 Val_mean: 0.5869281045751633 Test_mean: 0.5857657068062827
08-Aug-26 18:26:33 - Metric: accuracy Train_std: 0.05252070334287772 Val_std: 0.028459530793565 Test_std: 0.009338480101321597
08-Aug-26 18:26:33 - Metric: f1 Train_mean: 0.803041849285874 Val_mean: 0.5691440996489922 Test_mean: 0.5676550092266321
08-Aug-26 18:26:33 - Metric: f1 Train_std: 0.053861913692155046 Val_std: 0.03342198934524234 Test_std: 0.00725780640643597
08-Aug-26 18:26:33 - Metric: sen Train_mean: 0.8020618529138768 Val_mean: 0.5726027318821544 Test_mean: 0.5714285651491366
08-Aug-26 18:26:33 - Metric: sen Train_std: 0.04744757535335737 Val_std: 0.040078735994340024 Test_std: 0.013900121430409128
08-Aug-26 18:26:33 - Metric: spe Train_mean: 0.8216608229839896 Val_mean: 0.5999999925000001 Test_mean: 0.5987326672925478
08-Aug-26 18:26:33 - Metric: spe Train_std: 0.05769866838603555 Val_std: 0.02091650040189561 Test_std: 0.024187565374617016
08-Aug-26 18:26:33 - Metric: precision Train_mean: 0.8041916995255927 Val_mean: 0.5659276178087678 Test_mean: 0.5642921400901646
08-Aug-26 18:26:33 - Metric: precision Train_std: 0.06085469443991992 Val_std: 0.027789124846529727 Test_std: 0.010799857433501769
08-Aug-26 18:28:03 - Epoch 211, Model Loss 0.6050107000263166, View Loss -1.4924507634909083, Reg 0.3941882216531363
08-Aug-26 18:29:33 - Epoch 212, Model Loss 0.6022503357302693, View Loss -1.489881858666073, Reg 0.39257567023632417
08-Aug-26 18:31:03 - Epoch 213, Model Loss 0.6070781981097105, View Loss -1.496440210102991, Reg 0.3928171222928179
08-Aug-26 18:32:33 - Epoch 214, Model Loss 0.6095859206371228, View Loss -1.4907448406498802, Reg 0.3938775920468893
08-Aug-26 18:34:03 - Epoch 215, Model Loss 0.6046645758541059, View Loss -1.4927010226947992, Reg 0.3922621195036996
/users/3171356m/miniconda3/envs/grastiacl/lib/python3.12/site-packages/torch_geometric/data/in_memory_dataset.py:300: UserWarning: It is not recommended to directly access the internal storage format `data` of an 'InMemoryDataset'. The data of the dataset is already cached, so any modifications to `data` will not be reflected when accessing its elements. Clearing the cache now by removing all elements in `dataset._data_list`. If you are absolutely certain what you are doing, access the internal storage via `InMemoryDataset._data` instead to suppress this warning. Alternatively, you can access stacked individual attributes of every graph via `dataset.{attr_name}`.
  warnings.warn(msg)
08-Aug-26 18:34:44 - Metric: accuracy Train_mean: 0.7724693259737064 Val_mean: 0.5947712418300654 Test_mean: 0.5878544938917976
08-Aug-26 18:34:44 - Metric: accuracy Train_std: 0.00838371545909202 Val_std: 0.024455277037738157 Test_std: 0.016617972190503913
08-Aug-26 18:34:44 - Metric: f1 Train_mean: 0.7621155573634375 Val_mean: 0.5782656441572063 Test_mean: 0.5717922518060089
08-Aug-26 18:34:44 - Metric: f1 Train_std: 0.00897572689975705 Val_std: 0.0317318295381759 Test_std: 0.01390243018519826
08-Aug-26 18:34:44 - Metric: sen Train_mean: 0.7663230214215704 Val_mean: 0.5835616358416214 Test_mean: 0.5780219716700883
08-Aug-26 18:34:44 - Metric: sen Train_std: 0.011082141196691663 Val_std: 0.042970923086311 Test_std: 0.01490621957932789
08-Aug-26 18:34:44 - Metric: spe Train_mean: 0.7780451689142625 Val_mean: 0.6049999924375001 Test_mean: 0.5967326673125479
08-Aug-26 18:34:44 - Metric: spe Train_std: 0.008256935716253995 Val_std: 0.016955824745865346 Test_std: 0.02821292270666505
08-Aug-26 18:34:44 - Metric: precision Train_mean: 0.7579915043802916 Val_mean: 0.5735498068008198 Test_mean: 0.5659830010915299
08-Aug-26 18:34:44 - Metric: precision Train_std: 0.008280147221308026 Val_std: 0.02299772203615587 Test_std: 0.018047705444868736
08-Aug-26 18:36:14 - Epoch 216, Model Loss 0.6068609043893455, View Loss -1.4933436675051766, Reg 0.3934943654796568
08-Aug-26 18:37:44 - Epoch 217, Model Loss 0.6025264407800331, View Loss -1.486886736738133, Reg 0.3927059794569614
08-Aug-26 18:39:14 - Epoch 218, Model Loss 0.6008376062664527, View Loss -1.4898218250673685, Reg 0.3918426985770589
08-Aug-26 18:40:45 - Epoch 219, Model Loss 0.5990890486469828, View Loss -1.4916849729905068, Reg 0.39341550454434987
08-Aug-26 18:42:15 - Epoch 220, Model Loss 0.6002347628940599, View Loss -1.4900162010512092, Reg 0.39164391060254566
/users/3171356m/miniconda3/envs/grastiacl/lib/python3.12/site-packages/torch_geometric/data/in_memory_dataset.py:300: UserWarning: It is not recommended to directly access the internal storage format `data` of an 'InMemoryDataset'. The data of the dataset is already cached, so any modifications to `data` will not be reflected when accessing its elements. Clearing the cache now by removing all elements in `dataset._data_list`. If you are absolutely certain what you are doing, access the internal storage via `InMemoryDataset._data` instead to suppress this warning. Alternatively, you can access stacked individual attributes of every graph via `dataset.{attr_name}`.
  warnings.warn(msg)
08-Aug-26 18:43:05 - Metric: accuracy Train_mean: 0.7711626712878277 Val_mean: 0.5934640522875817 Test_mean: 0.5815717713787085
08-Aug-26 18:43:05 - Metric: accuracy Train_std: 0.006773562783639018 Val_std: 0.023529411764705865 Test_std: 0.024167271307814514
08-Aug-26 18:43:05 - Metric: f1 Train_mean: 0.7610756974746422 Val_mean: 0.5764074243011311 Test_mean: 0.5652813159842409
08-Aug-26 18:43:05 - Metric: f1 Train_std: 0.007253009067473527 Val_std: 0.03005709514860741 Test_std: 0.02255304704950758
08-Aug-26 18:43:05 - Metric: sen Train_mean: 0.7663230214215704 Val_mean: 0.5808219098517547 Test_mean: 0.5714285651491366
08-Aug-26 18:43:05 - Metric: sen Train_std: 0.010423196450850268 Val_std: 0.04026558426129082 Test_std: 0.02305074366252262
08-Aug-26 18:43:05 - Metric: spe Train_mean: 0.7755529570840202 Val_mean: 0.6049999924375 Test_mean: 0.5907326673725478
08-Aug-26 18:43:05 - Metric: spe Train_std: 0.008805253353762334 Val_std: 0.014999999812499975 Test_std: 0.03256932731443665
08-Aug-26 18:43:05 - Metric: precision Train_mean: 0.7559744491575289 Val_mean: 0.5724401380892783 Test_mean: 0.5595298652083913
08-Aug-26 18:43:05 - Metric: precision Train_std: 0.007486259778382908 Val_std: 0.021690422768899466 Test_std: 0.02528957588079095
08-Aug-26 18:44:35 - Epoch 221, Model Loss 0.6020514980020882, View Loss -1.4987553447859059, Reg 0.3937562276379334
08-Aug-26 18:46:05 - Epoch 222, Model Loss 0.6006663037643273, View Loss -1.4956246275283303, Reg 0.3917289357554464
08-Aug-26 18:47:35 - Epoch 223, Model Loss 0.597249332332212, View Loss -1.498421747315379, Reg 0.3922319499518582
08-Aug-26 18:49:05 - Epoch 224, Model Loss 0.6007475182102315, View Loss -1.4870464093515563, Reg 0.3923942375632011
08-Aug-26 18:50:35 - Epoch 225, Model Loss 0.5996425308941797, View Loss -1.4899458770472633, Reg 0.3920557219613047
/users/3171356m/miniconda3/envs/grastiacl/lib/python3.12/site-packages/torch_geometric/data/in_memory_dataset.py:300: UserWarning: It is not recommended to directly access the internal storage format `data` of an 'InMemoryDataset'. The data of the dataset is already cached, so any modifications to `data` will not be reflected when accessing its elements. Clearing the cache now by removing all elements in `dataset._data_list`. If you are absolutely certain what you are doing, access the internal storage via `InMemoryDataset._data` instead to suppress this warning. Alternatively, you can access stacked individual attributes of every graph via `dataset.{attr_name}`.
  warnings.warn(msg)
08-Aug-26 18:51:17 - Metric: accuracy Train_mean: 0.7744306451440368 Val_mean: 0.5895424836601307 Test_mean: 0.5826134380453751
08-Aug-26 18:51:17 - Metric: accuracy Train_std: 0.008976269849686929 Val_std: 0.022413631633310123 Test_std: 0.021705177269393586
08-Aug-26 18:51:17 - Metric: f1 Train_mean: 0.7638275520531518 Val_mean: 0.5716997305574913 Test_mean: 0.567933042711863
08-Aug-26 18:51:17 - Metric: f1 Train_std: 0.009907276383882847 Val_std: 0.029884789231680656 Test_std: 0.013864872844185359
08-Aug-26 18:51:17 - Metric: sen Train_mean: 0.7670103066425763 Val_mean: 0.5753424578720211 Test_mean: 0.5758241694964378
08-Aug-26 18:51:17 - Metric: sen Train_std: 0.013291463600932208 Val_std: 0.04063670348221318 Test_std: 0.011206636170460698
08-Aug-26 18:51:17 - Metric: spe Train_mean: 0.7811623807425516 Val_mean: 0.6024999924687501 Test_mean: 0.5887128654127439
08-Aug-26 18:51:17 - Metric: spe Train_std: 0.008710933829903317 Val_std: 0.01457737955489598 Test_std: 0.04161936235100256
08-Aug-26 18:51:17 - Metric: precision Train_mean: 0.7607396381318113 Val_mean: 0.5685499376361177 Test_mean: 0.5608581009130752
08-Aug-26 18:51:17 - Metric: precision Train_std: 0.00861346137428745 Val_std: 0.021006055507655403 Test_std: 0.024329512248589154
08-Aug-26 18:52:47 - Epoch 226, Model Loss 0.5967896373700896, View Loss -1.49169543497732, Reg 0.3920504038054574
08-Aug-26 18:54:17 - Epoch 227, Model Loss 0.6014339257982485, View Loss -1.494482904298535, Reg 0.39166021559028946
08-Aug-26 18:55:47 - Epoch 228, Model Loss 0.5999879984177307, View Loss -1.4898951452646296, Reg 0.3917112076132866
08-Aug-26 18:57:17 - Epoch 229, Model Loss 0.5972578109058875, View Loss -1.4867127420513202, Reg 0.3922948671434714
08-Aug-26 18:58:47 - Epoch 230, Model Loss 0.5989413745233704, View Loss -1.485966193127333, Reg 0.3907515346754545
/users/3171356m/miniconda3/envs/grastiacl/lib/python3.12/site-packages/torch_geometric/data/in_memory_dataset.py:300: UserWarning: It is not recommended to directly access the internal storage format `data` of an 'InMemoryDataset'. The data of the dataset is already cached, so any modifications to `data` will not be reflected when accessing its elements. Clearing the cache now by removing all elements in `dataset._data_list`. If you are absolutely certain what you are doing, access the internal storage via `InMemoryDataset._data` instead to suppress this warning. Alternatively, you can access stacked individual attributes of every graph via `dataset.{attr_name}`.
  warnings.warn(msg)
08-Aug-26 18:59:30 - Metric: accuracy Train_mean: 0.7750842399152786 Val_mean: 0.596078431372549 Test_mean: 0.5878544938917976
08-Aug-26 18:59:30 - Metric: accuracy Train_std: 0.010894790547096736 Val_std: 0.025946971557227697 Test_std: 0.023690439091165857
08-Aug-26 18:59:30 - Metric: f1 Train_mean: 0.7648497956604737 Val_mean: 0.5790443087451507 Test_mean: 0.569060182907723
08-Aug-26 18:59:30 - Metric: f1 Train_std: 0.011457350746396472 Val_std: 0.033051624793142886 Test_std: 0.020789466076331968
08-Aug-26 18:59:30 - Metric: sen Train_mean: 0.769072162305594 Val_mean: 0.5835616358416214 Test_mean: 0.5714285651491366
08-Aug-26 18:59:30 - Metric: sen Train_std: 0.01381426197468763 Val_std: 0.04383561583786829 Test_std: 0.01965774024551748
08-Aug-26 18:59:30 - Metric: spe Train_mean: 0.7805373807445048 Val_mean: 0.6074999924062501 Test_mean: 0.6027326672525478
08-Aug-26 18:59:30 - Metric: spe Train_std: 0.012137954748130179 Val_std: 0.018708286700016112 Test_std: 0.0349167140468516
08-Aug-26 18:59:30 - Metric: precision Train_mean: 0.7607530656321501 Val_mean: 0.5750864762807962 Test_mean: 0.5670467270691235
08-Aug-26 18:59:30 - Metric: precision Train_std: 0.011578989251825737 Val_std: 0.02420633201623817 Test_std: 0.02597265311962736
08-Aug-26 19:01:00 - Epoch 231, Model Loss 0.5987607320482262, View Loss -1.48300700556783, Reg 0.3919017104174802
08-Aug-26 19:02:30 - Epoch 232, Model Loss 0.5993061861233732, View Loss -1.490634605974333, Reg 0.3911345493843366
08-Aug-26 19:04:00 - Epoch 233, Model Loss 0.6003825758042196, View Loss -1.4856482060883334, Reg 0.3916844122080623
08-Aug-26 19:05:30 - Epoch 234, Model Loss 0.5998609996241007, View Loss -1.4822366806253728, Reg 0.3907928309680029
08-Aug-26 19:07:00 - Epoch 235, Model Loss 0.5969750098104756, View Loss -1.4817111512108327, Reg 0.3904747247197139
/users/3171356m/miniconda3/envs/grastiacl/lib/python3.12/site-packages/torch_geometric/data/in_memory_dataset.py:300: UserWarning: It is not recommended to directly access the internal storage format `data` of an 'InMemoryDataset'. The data of the dataset is already cached, so any modifications to `data` will not be reflected when accessing its elements. Clearing the cache now by removing all elements in `dataset._data_list`. If you are absolutely certain what you are doing, access the internal storage via `InMemoryDataset._data` instead to suppress this warning. Alternatively, you can access stacked individual attributes of every graph via `dataset.{attr_name}`.
  warnings.warn(msg)
08-Aug-26 19:07:42 - Metric: accuracy Train_mean: 0.7727950536461174 Val_mean: 0.6 Test_mean: 0.58157722513089
08-Aug-26 19:07:42 - Metric: accuracy Train_std: 0.010229857557725461 Val_std: 0.025946971557227735 Test_std: 0.023150247192358364
08-Aug-26 19:07:42 - Metric: f1 Train_mean: 0.761550938073335 Val_mean: 0.5839155083090571 Test_mean: 0.5634312018042733
08-Aug-26 19:07:42 - Metric: f1 Train_std: 0.01101810708463757 Val_std: 0.030942249923726895 Test_std: 0.021192038333813754
08-Aug-26 19:07:42 - Metric: sen Train_mean: 0.7628865953165408 Val_mean: 0.5890410878213549 Test_mean: 0.5670329608018356
08-Aug-26 19:07:42 - Metric: sen Train_std: 0.013916465059611173 Val_std: 0.037764516611692174 Test_std: 0.01915999514567336
08-Aug-26 19:07:42 - Metric: spe Train_mean: 0.7817834866596259 Val_mean: 0.6099999923750001 Test_mean: 0.5947524693123517
08-Aug-26 19:07:42 - Metric: spe Train_std: 0.010691770748960869 Val_std: 0.016583123744487942 Test_std: 0.030089758581161974
08-Aug-26 19:07:42 - Metric: precision Train_mean: 0.7602971913608496 Val_mean: 0.5790361375429869 Test_mean: 0.5600113200166613
08-Aug-26 19:07:42 - Metric: precision Train_std: 0.010477247983116784 Val_std: 0.024744409821074818 Test_std: 0.02456357847603733
08-Aug-26 19:09:12 - Epoch 236, Model Loss 0.5994217695052654, View Loss -1.4808390235302338, Reg 0.3910386033636756
08-Aug-26 19:10:42 - Epoch 237, Model Loss 0.6000359916287985, View Loss -1.4801441186641549, Reg 0.39038017903411737
08-Aug-26 19:12:12 - Epoch 238, Model Loss 0.5959510773295638, View Loss -1.4864280957058384, Reg 0.3904419091206714
08-Aug-26 19:13:42 - Epoch 239, Model Loss 0.5957647664277623, View Loss -1.4874080998129426, Reg 0.3905799164432861
08-Aug-26 19:15:12 - Epoch 240, Model Loss 0.5996056124256246, View Loss -1.4905514771968251, Reg 0.38991329585159173
/users/3171356m/miniconda3/envs/grastiacl/lib/python3.12/site-packages/torch_geometric/data/in_memory_dataset.py:300: UserWarning: It is not recommended to directly access the internal storage format `data` of an 'InMemoryDataset'. The data of the dataset is already cached, so any modifications to `data` will not be reflected when accessing its elements. Clearing the cache now by removing all elements in `dataset._data_list`. If you are absolutely certain what you are doing, access the internal storage via `InMemoryDataset._data` instead to suppress this warning. Alternatively, you can access stacked individual attributes of every graph via `dataset.{attr_name}`.
  warnings.warn(msg)
08-Aug-26 19:15:57 - Metric: accuracy Train_mean: 0.7727961233593273 Val_mean: 0.596078431372549 Test_mean: 0.587849040139616
08-Aug-26 19:15:57 - Metric: accuracy Train_std: 0.009212117047205266 Val_std: 0.03131803542669528 Test_std: 0.019748981732784644
08-Aug-26 19:15:57 - Metric: f1 Train_mean: 0.7620397520994948 Val_mean: 0.575435822530346 Test_mean: 0.5690290607218605
08-Aug-26 19:15:57 - Metric: f1 Train_std: 0.009953605738079681 Val_std: 0.039380335293284024 Test_std: 0.01679735895977679
08-Aug-26 19:15:57 - Metric: sen Train_mean: 0.7649484509795587 Val_mean: 0.5753424578720212 Test_mean: 0.5714285651491366
08-Aug-26 19:15:57 - Metric: sen Train_std: 0.013503012121562494 Val_std: 0.050518051128754855 Test_std: 0.015540808206948217
08-Aug-26 19:15:57 - Metric: spe Train_mean: 0.7799143277869443 Val_mean: 0.6149999923125 Test_mean: 0.6027128652727439
08-Aug-26 19:15:57 - Metric: spe Train_std: 0.0105928279478755 Val_std: 0.016583123744487956 Test_std: 0.0302028300413525
08-Aug-26 19:15:57 - Metric: precision Train_mean: 0.7592516757177284 Val_mean: 0.5759643813000943 Test_mean: 0.5669017585462759
08-Aug-26 19:15:57 - Metric: precision Train_std: 0.009691119316117196 Val_std: 0.029196974635339868 Test_std: 0.02155118578837742
08-Aug-26 19:17:27 - Epoch 241, Model Loss 0.597257171714655, View Loss -1.4892822608788143, Reg 0.39073678763840486
08-Aug-26 19:18:57 - Epoch 242, Model Loss 0.5935538226590495, View Loss -1.488200027074774, Reg 0.38899182649835884
08-Aug-26 19:20:27 - Epoch 243, Model Loss 0.5965430041985532, View Loss -1.4778940697594167, Reg 0.39060792937937144
08-Aug-26 19:21:57 - Epoch 244, Model Loss 0.5952425701348851, View Loss -1.476399455609182, Reg 0.38905962466196037
08-Aug-26 19:23:27 - Epoch 245, Model Loss 0.597211826296531, View Loss -1.4772749515756902, Reg 0.39020790165937097
/users/3171356m/miniconda3/envs/grastiacl/lib/python3.12/site-packages/torch_geometric/data/in_memory_dataset.py:300: UserWarning: It is not recommended to directly access the internal storage format `data` of an 'InMemoryDataset'. The data of the dataset is already cached, so any modifications to `data` will not be reflected when accessing its elements. Clearing the cache now by removing all elements in `dataset._data_list`. If you are absolutely certain what you are doing, access the internal storage via `InMemoryDataset._data` instead to suppress this warning. Alternatively, you can access stacked individual attributes of every graph via `dataset.{attr_name}`.
  warnings.warn(msg)
08-Aug-26 19:24:11 - Metric: accuracy Train_mean: 0.7930564915546141 Val_mean: 0.6 Test_mean: 0.5826134380453751
08-Aug-26 19:24:11 - Metric: accuracy Train_std: 0.042792424294200736 Val_std: 0.025279842621978705 Test_std: 0.02828520941705096
08-Aug-26 19:24:11 - Metric: f1 Train_mean: 0.7838279991922887 Val_mean: 0.5849839422064094 Test_mean: 0.5630010245181805
08-Aug-26 19:24:11 - Metric: f1 Train_std: 0.04492224215886351 Val_std: 0.030954049515480295 Test_std: 0.02806175887246126
08-Aug-26 19:24:11 - Metric: sen Train_mean: 0.7890034337147648 Val_mean: 0.5917808138112217 Test_mean: 0.564835158628185
08-Aug-26 19:24:11 - Metric: sen Train_std: 0.04639047965002916 Val_std: 0.03913111414090448 Test_std: 0.02915714069370528
08-Aug-26 19:24:11 - Metric: spe Train_mean: 0.79673675764108 Val_mean: 0.6074999924062501 Test_mean: 0.5987128653127438
08-Aug-26 19:24:11 - Metric: spe Train_std: 0.04018510754145107 Val_std: 0.018708286700016112 Test_std: 0.03518400071611735
08-Aug-26 19:24:11 - Metric: precision Train_mean: 0.7787710945658322 Val_mean: 0.5786445670120031 Test_mean: 0.5614795357697495
08-Aug-26 19:24:11 - Metric: precision Train_std: 0.04387818329653053 Val_std: 0.02449842414892696 Test_std: 0.02986051965076399
08-Aug-26 19:25:41 - Epoch 246, Model Loss 0.5935628026349774, View Loss -1.4764576516889627, Reg 0.38917693483280835
08-Aug-26 19:27:11 - Epoch 247, Model Loss 0.59271901571601, View Loss -1.4783162262649217, Reg 0.38935677800717217
08-Aug-26 19:28:41 - Epoch 248, Model Loss 0.5935486254582345, View Loss -1.481353453512471, Reg 0.38948637695990845
08-Aug-26 19:30:12 - Epoch 249, Model Loss 0.5942715226855737, View Loss -1.4813302745380161, Reg 0.38904402295914653
08-Aug-26 19:31:41 - Epoch 250, Model Loss 0.5940866148621468, View Loss -1.4758629584412195, Reg 0.3895596828171399
/users/3171356m/miniconda3/envs/grastiacl/lib/python3.12/site-packages/torch_geometric/data/in_memory_dataset.py:300: UserWarning: It is not recommended to directly access the internal storage format `data` of an 'InMemoryDataset'. The data of the dataset is already cached, so any modifications to `data` will not be reflected when accessing its elements. Clearing the cache now by removing all elements in `dataset._data_list`. If you are absolutely certain what you are doing, access the internal storage via `InMemoryDataset._data` instead to suppress this warning. Alternatively, you can access stacked individual attributes of every graph via `dataset.{attr_name}`.
  warnings.warn(msg)
08-Aug-26 19:32:34 - Metric: accuracy Train_mean: 0.7721419937314805 Val_mean: 0.5947712418300654 Test_mean: 0.5847076788830716
08-Aug-26 19:32:34 - Metric: accuracy Train_std: 0.011093141912809516 Val_std: 0.021077798034767458 Test_std: 0.023181010534733242
08-Aug-26 19:32:34 - Metric: f1 Train_mean: 0.761650224670847 Val_mean: 0.5771968668872545 Test_mean: 0.568235780966449
08-Aug-26 19:32:34 - Metric: f1 Train_std: 0.012519651180704326 Val_std: 0.02842516719425346 Test_std: 0.016942055696562517
08-Aug-26 19:32:34 - Metric: sen Train_mean: 0.7656357362005644 Val_mean: 0.5808219098517546 Test_mean: 0.5736263673227872
08-Aug-26 19:32:34 - Metric: sen Train_std: 0.016608997844772603 Val_std: 0.038356163858134736 Test_std: 0.012815278748942687
08-Aug-26 19:32:34 - Metric: spe Train_mean: 0.7780451689142625 Val_mean: 0.6074999924062501 Test_mean: 0.5947128653527439
08-Aug-26 19:32:34 - Metric: spe Train_std: 0.008256935716253995 Val_std: 0.009999999874999999 Test_std: 0.03964362332225282
08-Aug-26 19:32:34 - Metric: precision Train_mean: 0.7577707791280656 Val_mean: 0.5739628654697148 Test_mean: 0.5633920626475428
08-Aug-26 19:32:34 - Metric: precision Train_std: 0.009555251714033357 Val_std: 0.019386593624428492 Test_std: 0.025467864959034196
08-Aug-26 19:34:04 - Epoch 251, Model Loss 0.5918007192501962, View Loss -1.4800401287597593, Reg 0.38774670417338736
08-Aug-26 19:35:34 - Epoch 252, Model Loss 0.5928084170718572, View Loss -1.479802459852466, Reg 0.39048470538031604
08-Aug-26 19:37:04 - Epoch 253, Model Loss 0.5931718338234155, View Loss -1.4903893400934451, Reg 0.38756656222762426
08-Aug-26 19:38:34 - Epoch 254, Model Loss 0.5930802884460992, View Loss -1.4754632496933557, Reg 0.3880285997271039
08-Aug-26 19:40:04 - Epoch 255, Model Loss 0.5901372195786512, View Loss -1.4747323685610145, Reg 0.3886388832056373
/users/3171356m/miniconda3/envs/grastiacl/lib/python3.12/site-packages/torch_geometric/data/in_memory_dataset.py:300: UserWarning: It is not recommended to directly access the internal storage format `data` of an 'InMemoryDataset'. The data of the dataset is already cached, so any modifications to `data` will not be reflected when accessing its elements. Clearing the cache now by removing all elements in `dataset._data_list`. If you are absolutely certain what you are doing, access the internal storage via `InMemoryDataset._data` instead to suppress this warning. Alternatively, you can access stacked individual attributes of every graph via `dataset.{attr_name}`.
  warnings.warn(msg)
08-Aug-26 19:40:49 - Metric: accuracy Train_mean: 0.7734497181305692 Val_mean: 0.5986928104575163 Test_mean: 0.5836605584642234
08-Aug-26 19:40:49 - Metric: accuracy Train_std: 0.009424009247740998 Val_std: 0.0282183439802914 Test_std: 0.029260912851911847
08-Aug-26 19:40:49 - Metric: f1 Train_mean: 0.762027193765976 Val_mean: 0.5806771413470921 Test_mean: 0.5656628132310833
08-Aug-26 19:40:49 - Metric: f1 Train_std: 0.011122691102338402 Val_std: 0.0349073484857367 Test_std: 0.026541875280888652
08-Aug-26 19:40:49 - Metric: sen Train_mean: 0.7628865953165408 Val_mean: 0.5835616358416214 Test_mean: 0.5692307629754862
08-Aug-26 19:40:49 - Metric: sen Train_std: 0.017250722137298037 Val_std: 0.04383561583786829 Test_std: 0.025441399506776322
08-Aug-26 19:40:49 - Metric: spe Train_mean: 0.7830334866557197 Val_mean: 0.6124999923437502 Test_mean: 0.5967128653327439
08-Aug-26 19:40:49 - Metric: spe Train_std: 0.009165210793624921 Val_std: 0.017677669308692818 Test_std: 0.040109417649402575
08-Aug-26 19:40:49 - Metric: precision Train_mean: 0.7613250763467496 Val_mean: 0.5781339261339262 Test_mean: 0.5625094891009503
08-Aug-26 19:40:49 - Metric: precision Train_std: 0.008458091493383566 Val_std: 0.026822014586377153 Test_std: 0.03123121625107248
08-Aug-26 19:42:19 - Epoch 256, Model Loss 0.5939861340253423, View Loss -1.4889038955816165, Reg 0.3873570096293254
08-Aug-26 19:43:49 - Epoch 257, Model Loss 0.594000454851773, View Loss -1.4995720955118474, Reg 0.39045348962979337
08-Aug-26 19:45:19 - Epoch 258, Model Loss 0.594031706015934, View Loss -1.5239604432213756, Reg 0.3843260757843321
08-Aug-26 19:46:49 - Epoch 259, Model Loss 0.5893426290615832, View Loss -1.5041407236993063, Reg 0.3906830534276603
08-Aug-26 19:48:19 - Epoch 260, Model Loss 0.5963446660021857, View Loss -1.5016185992931221, Reg 0.3870858864305408
/users/3171356m/miniconda3/envs/grastiacl/lib/python3.12/site-packages/torch_geometric/data/in_memory_dataset.py:300: UserWarning: It is not recommended to directly access the internal storage format `data` of an 'InMemoryDataset'. The data of the dataset is already cached, so any modifications to `data` will not be reflected when accessing its elements. Clearing the cache now by removing all elements in `dataset._data_list`. If you are absolutely certain what you are doing, access the internal storage via `InMemoryDataset._data` instead to suppress this warning. Alternatively, you can access stacked individual attributes of every graph via `dataset.{attr_name}`.
  warnings.warn(msg)
08-Aug-26 19:49:05 - Metric: accuracy Train_mean: 0.7920771691109614 Val_mean: 0.596078431372549 Test_mean: 0.5836605584642234
08-Aug-26 19:49:05 - Metric: accuracy Train_std: 0.04062999744026797 Val_std: 0.025279842621978705 Test_std: 0.026508422376813615
08-Aug-26 19:49:05 - Metric: f1 Train_mean: 0.7825625757809056 Val_mean: 0.5790552870048988 Test_mean: 0.5653073625356884
08-Aug-26 19:49:05 - Metric: f1 Train_std: 0.04284938612660248 Val_std: 0.03271788731086419 Test_std: 0.028515912847527813
08-Aug-26 19:49:05 - Metric: sen Train_mean: 0.7869415780517471 Val_mean: 0.5835616358416214 Test_mean: 0.5692307629754861
08-Aug-26 19:49:05 - Metric: sen Train_std: 0.0448055146584185 Val_std: 0.042970923086311 Test_std: 0.03502720280301804
08-Aug-26 19:49:05 - Metric: spe Train_mean: 0.7967406517220526 Val_mean: 0.6074999924062501 Test_mean: 0.5967128653327439
08-Aug-26 19:49:05 - Metric: spe Train_std: 0.03817725619179712 Val_std: 0.01274754862463761 Test_std: 0.036996829444889016
08-Aug-26 19:49:05 - Metric: precision Train_mean: 0.778330492328404 Val_mean: 0.5749774184842679 Test_mean: 0.5621221929411584
08-Aug-26 19:49:05 - Metric: precision Train_std: 0.041724260207359934 Val_std: 0.023330286721774306 Test_std: 0.028084971394690867
08-Aug-26 19:50:35 - Epoch 261, Model Loss 0.5915664471841756, View Loss -1.566312138006777, Reg 0.3879250539895381
08-Aug-26 19:52:05 - Epoch 262, Model Loss 0.5903703221217359, View Loss -1.599246346800896, Reg 0.38736822602639137
08-Aug-26 19:53:35 - Epoch 263, Model Loss 0.592531661732925, View Loss -1.5403911783106656, Reg 0.38847856042774154
08-Aug-26 19:55:05 - Epoch 264, Model Loss 0.5931592930310939, View Loss -1.6638180411510388, Reg 0.39026538684777135
08-Aug-26 19:56:35 - Epoch 265, Model Loss 0.5915413763233808, View Loss -1.767309360424345, Reg 0.38356140667424543
/users/3171356m/miniconda3/envs/grastiacl/lib/python3.12/site-packages/torch_geometric/data/in_memory_dataset.py:300: UserWarning: It is not recommended to directly access the internal storage format `data` of an 'InMemoryDataset'. The data of the dataset is already cached, so any modifications to `data` will not be reflected when accessing its elements. Clearing the cache now by removing all elements in `dataset._data_list`. If you are absolutely certain what you are doing, access the internal storage via `InMemoryDataset._data` instead to suppress this warning. Alternatively, you can access stacked individual attributes of every graph via `dataset.{attr_name}`.
  warnings.warn(msg)
08-Aug-26 19:57:20 - Metric: accuracy Train_mean: 0.7708348041889969 Val_mean: 0.5947712418300654 Test_mean: 0.5826134380453751
08-Aug-26 19:57:20 - Metric: accuracy Train_std: 0.008819292127069006 Val_std: 0.02741983916784711 Test_std: 0.024098980008553813
08-Aug-26 19:57:20 - Metric: f1 Train_mean: 0.7601226272459306 Val_mean: 0.5784353120243532 Test_mean: 0.5640988710651632
08-Aug-26 19:57:20 - Metric: f1 Train_std: 0.01022614565832558 Val_std: 0.03249288089212429 Test_std: 0.020627716579253375
08-Aug-26 19:57:20 - Metric: sen Train_mean: 0.7635738805375467 Val_mean: 0.5835616358416214 Test_mean: 0.5670329608018356
08-Aug-26 19:57:20 - Metric: sen Train_std: 0.015275677453274555 Val_std: 0.04026558426129082 Test_std: 0.017855029264529268
08-Aug-26 19:57:20 - Metric: spe Train_mean: 0.7774240629971882 Val_mean: 0.6049999924375001 Test_mean: 0.5967128653327439
08-Aug-26 19:57:20 - Metric: spe Train_std: 0.008234139906002313 Val_std: 0.021794494445272167 Test_std: 0.034767303492997656
08-Aug-26 19:57:20 - Metric: precision Train_mean: 0.7568100995140419 Val_mean: 0.5736972269482399 Test_mean: 0.5614546128852804
08-Aug-26 19:57:20 - Metric: precision Train_std: 0.007906242855791695 Val_std: 0.026355609008284528 Test_std: 0.026017056282449012
08-Aug-26 19:58:50 - Epoch 266, Model Loss 0.5930461876063168, View Loss -1.6467369854699618, Reg 0.38634329398306844
08-Aug-26 20:00:20 - Epoch 267, Model Loss 0.5906491709802939, View Loss -1.5672748712316218, Reg 0.3888782012163346
08-Aug-26 20:01:50 - Epoch 268, Model Loss 0.5894165502931283, View Loss -1.5156018045656852, Reg 0.3879552119446599
08-Aug-26 20:03:20 - Epoch 269, Model Loss 0.5898850778406135, View Loss -1.5076920188121716, Reg 0.3879373735713161
08-Aug-26 20:04:49 - Epoch 270, Model Loss 0.5918328624888943, View Loss -1.5004358760482597, Reg 0.3877523573871437
/users/3171356m/miniconda3/envs/grastiacl/lib/python3.12/site-packages/torch_geometric/data/in_memory_dataset.py:300: UserWarning: It is not recommended to directly access the internal storage format `data` of an 'InMemoryDataset'. The data of the dataset is already cached, so any modifications to `data` will not be reflected when accessing its elements. Clearing the cache now by removing all elements in `dataset._data_list`. If you are absolutely certain what you are doing, access the internal storage via `InMemoryDataset._data` instead to suppress this warning. Alternatively, you can access stacked individual attributes of every graph via `dataset.{attr_name}`.
  warnings.warn(msg)
08-Aug-26 20:05:36 - Metric: accuracy Train_mean: 0.770507471946771 Val_mean: 0.5934640522875817 Test_mean: 0.5805301047120419
08-Aug-26 20:05:36 - Metric: accuracy Train_std: 0.00992539507793966 Val_std: 0.020833173137920567 Test_std: 0.019690253945438177
08-Aug-26 20:05:36 - Metric: f1 Train_mean: 0.7592225481353994 Val_mean: 0.5763725599648901 Test_mean: 0.5628980510326513
08-Aug-26 20:05:36 - Metric: f1 Train_std: 0.010857182912903955 Val_std: 0.02862482225253128 Test_std: 0.012250178304449046
08-Aug-26 20:05:36 - Metric: sen Train_mean: 0.7608247396535232 Val_mean: 0.5808219098517546 Test_mean: 0.5670329608018355
08-Aug-26 20:05:36 - Metric: sen Train_std: 0.01499479323319412 Val_std: 0.03932246547341094 Test_std: 0.008791208694602126
08-Aug-26 20:05:36 - Metric: spe Train_mean: 0.7792912748293837 Val_mean: 0.6049999924375001 Test_mean: 0.5927524693323518
08-Aug-26 20:05:36 - Metric: spe Train_std: 0.01159909137009566 Val_std: 0.009999999874999993 Test_std: 0.037688240370331944
08-Aug-26 20:05:36 - Metric: precision Train_mean: 0.7577560953166577 Val_mean: 0.5723883998721778 Test_mean: 0.5593145880156254
08-Aug-26 20:05:36 - Metric: precision Train_std: 0.010592180569615674 Val_std: 0.01893259586976615 Test_std: 0.022180064362736198
08-Aug-26 20:07:06 - Epoch 271, Model Loss 0.5876176003132904, View Loss -1.4883353844846143, Reg 0.3867713812754244
08-Aug-26 20:08:36 - Epoch 272, Model Loss 0.5896036131112645, View Loss -1.4841556444327701, Reg 0.38891694735283633
08-Aug-26 20:10:06 - Epoch 273, Model Loss 0.5864931459706199, View Loss -1.4835081304965159, Reg 0.3865789690027676
08-Aug-26 20:11:36 - Epoch 274, Model Loss 0.5906638237472358, View Loss -1.4783302146520574, Reg 0.38737991103068553
08-Aug-26 20:13:06 - Epoch 275, Model Loss 0.5938294153333209, View Loss -1.4753275740595542, Reg 0.38754830350436925
/users/3171356m/miniconda3/envs/grastiacl/lib/python3.12/site-packages/torch_geometric/data/in_memory_dataset.py:300: UserWarning: It is not recommended to directly access the internal storage format `data` of an 'InMemoryDataset'. The data of the dataset is already cached, so any modifications to `data` will not be reflected when accessing its elements. Clearing the cache now by removing all elements in `dataset._data_list`. If you are absolutely certain what you are doing, access the internal storage via `InMemoryDataset._data` instead to suppress this warning. Alternatively, you can access stacked individual attributes of every graph via `dataset.{attr_name}`.
  warnings.warn(msg)
08-Aug-26 20:13:50 - Metric: accuracy Train_mean: 0.7711610667180129 Val_mean: 0.5947712418300654 Test_mean: 0.5888907068062827
08-Aug-26 20:13:50 - Metric: accuracy Train_std: 0.009735212649516411 Val_std: 0.028339193972129157 Test_std: 0.031074484494405072
08-Aug-26 20:13:50 - Metric: f1 Train_mean: 0.7595815680076355 Val_mean: 0.5781494211901387 Test_mean: 0.5695424085520366
08-Aug-26 20:13:50 - Metric: f1 Train_std: 0.010656824847015405 Val_std: 0.03625107571724516 Test_std: 0.03123692424923224
08-Aug-26 20:13:50 - Metric: sen Train_mean: 0.7601374544325173 Val_mean: 0.5835616358416214 Test_mean: 0.5714285651491366
08-Aug-26 20:13:50 - Metric: sen Train_std: 0.01415206887368636 Val_std: 0.04792563135591164 Test_std: 0.03333132026691538
08-Aug-26 20:13:50 - Metric: spe Train_mean: 0.7811604337020654 Val_mean: 0.6049999924375001 Test_mean: 0.6046930632729399
08-Aug-26 20:13:50 - Metric: spe Train_std: 0.010199828402535577 Val_std: 0.014999999812500013 Test_std: 0.03807471245804759
08-Aug-26 20:13:50 - Metric: precision Train_mean: 0.7591155168228102 Val_mean: 0.573286410470281 Test_mean: 0.5680630798431874
08-Aug-26 20:13:50 - Metric: precision Train_std: 0.009804138460314672 Val_std: 0.02593934077633962 Test_std: 0.0326847842348205
08-Aug-26 20:15:19 - Epoch 276, Model Loss 0.5934626998761707, View Loss -1.4723050654183871, Reg 0.3861603268020821
08-Aug-26 20:16:49 - Epoch 277, Model Loss 0.5924119827138828, View Loss -1.4834346915887489, Reg 0.3871931887570784
08-Aug-26 20:18:19 - Epoch 278, Model Loss 0.5891259365001982, View Loss -1.471435371801943, Reg 0.3857388967749464
08-Aug-26 20:19:49 - Epoch 279, Model Loss 0.5893978626159444, View Loss -1.4718998226660565, Reg 0.3870992686708602
08-Aug-26 20:21:18 - Epoch 280, Model Loss 0.5880920410655034, View Loss -1.4771520582701871, Reg 0.38565258987279116
/users/3171356m/miniconda3/envs/grastiacl/lib/python3.12/site-packages/torch_geometric/data/in_memory_dataset.py:300: UserWarning: It is not recommended to directly access the internal storage format `data` of an 'InMemoryDataset'. The data of the dataset is already cached, so any modifications to `data` will not be reflected when accessing its elements. Clearing the cache now by removing all elements in `dataset._data_list`. If you are absolutely certain what you are doing, access the internal storage via `InMemoryDataset._data` instead to suppress this warning. Alternatively, you can access stacked individual attributes of every graph via `dataset.{attr_name}`.
  warnings.warn(msg)
08-Aug-26 20:22:01 - Metric: accuracy Train_mean: 0.770834269332392 Val_mean: 0.6026143790849673 Test_mean: 0.5857547993019196
08-Aug-26 20:22:01 - Metric: accuracy Train_std: 0.010339070721883972 Val_std: 0.026597372482844214 Test_std: 0.027049238551017072
08-Aug-26 20:22:01 - Metric: f1 Train_mean: 0.7599503913295474 Val_mean: 0.5874407412001397 Test_mean: 0.5669699259704212
08-Aug-26 20:22:01 - Metric: f1 Train_std: 0.011838721761301295 Val_std: 0.03471380701226669 Test_std: 0.022948024154422455
08-Aug-26 20:22:01 - Metric: sen Train_mean: 0.7628865953165408 Val_mean: 0.5945205398010884 Test_mean: 0.5692307629754862
08-Aug-26 20:22:01 - Metric: sen Train_std: 0.01669410001341012 Val_std: 0.04633297066746004 Test_std: 0.01890620917035514
08-Aug-26 20:22:01 - Metric: spe Train_mean: 0.7780451689142625 Val_mean: 0.609999992375 Test_mean: 0.6007128652927439
08-Aug-26 20:22:01 - Metric: spe Train_std: 0.008714406874873947 Val_std: 0.012247448560822792 Test_std: 0.03871772741224988
08-Aug-26 20:22:01 - Metric: precision Train_mean: 0.7571374419801702 Val_mean: 0.5809566818174414 Test_mean: 0.5650160665431833
08-Aug-26 20:22:01 - Metric: precision Train_std: 0.009105218869053897 Val_std: 0.024084314546448778 Test_std: 0.029188300011036485
08-Aug-26 20:23:30 - Epoch 281, Model Loss 0.5879595024066989, View Loss -1.4775351380703339, Reg 0.38718410665520064
08-Aug-26 20:25:00 - Epoch 282, Model Loss 0.5900849158793813, View Loss -1.476258144717835, Reg 0.38504850914288763
08-Aug-26 20:26:30 - Epoch 283, Model Loss 0.5857517462395225, View Loss -1.4836393684522877, Reg 0.38652365751346285
08-Aug-26 20:28:00 - Epoch 284, Model Loss 0.5853576051640211, View Loss -1.4794808301965563, Reg 0.3850554356265766
08-Aug-26 20:29:29 - Epoch 285, Model Loss 0.5906484736807676, View Loss -1.480213788762751, Reg 0.38567809991257956
/users/3171356m/miniconda3/envs/grastiacl/lib/python3.12/site-packages/torch_geometric/data/in_memory_dataset.py:300: UserWarning: It is not recommended to directly access the internal storage format `data` of an 'InMemoryDataset'. The data of the dataset is already cached, so any modifications to `data` will not be reflected when accessing its elements. Clearing the cache now by removing all elements in `dataset._data_list`. If you are absolutely certain what you are doing, access the internal storage via `InMemoryDataset._data` instead to suppress this warning. Alternatively, you can access stacked individual attributes of every graph via `dataset.{attr_name}`.
  warnings.warn(msg)
08-Aug-26 20:30:16 - Metric: accuracy Train_mean: 0.7714878641036338 Val_mean: 0.596078431372549 Test_mean: 0.5805191972076787
08-Aug-26 20:30:16 - Metric: accuracy Train_std: 0.011139542243511269 Val_std: 0.021637837068296525 Test_std: 0.024134972570407594
08-Aug-26 20:30:16 - Metric: f1 Train_mean: 0.7606238890546984 Val_mean: 0.5781030033241384 Test_mean: 0.5619657309030702
08-Aug-26 20:30:16 - Metric: f1 Train_std: 0.012606516401956114 Val_std: 0.02723525628461473 Test_std: 0.01902611848574122
08-Aug-26 20:30:16 - Metric: sen Train_mean: 0.7635738805375468 Val_mean: 0.5808219098517546 Test_mean: 0.564835158628185
08-Aug-26 20:30:16 - Metric: sen Train_std: 0.018872206420021256 Val_std: 0.035298900137618126 Test_std: 0.014906219579327848
08-Aug-26 20:30:16 - Metric: spe Train_mean: 0.7786662748313369 Val_mean: 0.6099999923750001 Test_mean: 0.5947326673325479
08-Aug-26 20:30:16 - Metric: spe Train_std: 0.012533575589260885 Val_std: 0.014577379554896016 Test_std: 0.03793283126676864
08-Aug-26 20:30:16 - Metric: precision Train_mean: 0.757901092316805 Val_mean: 0.5756824071892565 Test_mean: 0.5594780865185889
08-Aug-26 20:30:16 - Metric: precision Train_std: 0.011110443763949419 Val_std: 0.020430534663762073 Test_std: 0.026379732429985318
08-Aug-26 20:31:46 - Epoch 286, Model Loss 0.5866097502379238, View Loss -1.4744501837127877, Reg 0.3866085941322678
08-Aug-26 20:33:16 - Epoch 287, Model Loss 0.5846676217961012, View Loss -1.4767784289236348, Reg 0.38445029373448264
08-Aug-26 20:34:46 - Epoch 288, Model Loss 0.586554824807155, View Loss -1.4943029521399462, Reg 0.38545003159275615
08-Aug-26 20:36:16 - Epoch 289, Model Loss 0.5888190007608805, View Loss -1.4841047271026229, Reg 0.38559719271739656
08-Aug-26 20:37:46 - Epoch 290, Model Loss 0.5861957015851551, View Loss -1.4749237119403344, Reg 0.3845390713613901
/users/3171356m/miniconda3/envs/grastiacl/lib/python3.12/site-packages/torch_geometric/data/in_memory_dataset.py:300: UserWarning: It is not recommended to directly access the internal storage format `data` of an 'InMemoryDataset'. The data of the dataset is already cached, so any modifications to `data` will not be reflected when accessing its elements. Clearing the cache now by removing all elements in `dataset._data_list`. If you are absolutely certain what you are doing, access the internal storage via `InMemoryDataset._data` instead to suppress this warning. Alternatively, you can access stacked individual attributes of every graph via `dataset.{attr_name}`.
  warnings.warn(msg)
08-Aug-26 20:38:30 - Metric: accuracy Train_mean: 0.7718157312024646 Val_mean: 0.5947712418300654 Test_mean: 0.5889016143106458
08-Aug-26 20:38:30 - Metric: accuracy Train_std: 0.00888480870791617 Val_std: 0.021077798034767444 Test_std: 0.0196752785493119
08-Aug-26 20:38:30 - Metric: f1 Train_mean: 0.7604053003403184 Val_mean: 0.5772682623024653 Test_mean: 0.5695989912326812
08-Aug-26 20:38:30 - Metric: f1 Train_std: 0.010421101206828804 Val_std: 0.027556950774104663 Test_std: 0.018639103923154036
08-Aug-26 20:38:30 - Metric: sen Train_mean: 0.7615120248745291 Val_mean: 0.5808219098517546 Test_mean: 0.5714285651491366
08-Aug-26 20:38:30 - Metric: sen Train_std: 0.01591180324812469 Val_std: 0.036346572547092434 Test_std: 0.018388132249231002
08-Aug-26 20:38:30 - Metric: spe Train_mean: 0.7811643277830379 Val_mean: 0.6074999924062501 Test_mean: 0.6047326672325479
08-Aug-26 20:38:30 - Metric: spe Train_std: 0.008655759851445025 Val_std: 0.009999999874999999 Test_std: 0.02577297495068661
08-Aug-26 20:38:30 - Metric: precision Train_mean: 0.759430750096856 Val_mean: 0.5740197521019439 Test_mean: 0.5679257323202594
08-Aug-26 20:38:30 - Metric: precision Train_std: 0.008078472800000359 Val_std: 0.01966747293886571 Test_std: 0.02091660004955065
08-Aug-26 20:40:00 - Epoch 291, Model Loss 0.5877283062146798, View Loss -1.465928158999487, Reg 0.38509256994375124
08-Aug-26 20:41:30 - Epoch 292, Model Loss 0.5895873392974981, View Loss -1.474019772338069, Reg 0.38370481120991407
08-Aug-26 20:43:00 - Epoch 293, Model Loss 0.5904667694199535, View Loss -1.4755997787459625, Reg 0.38572488407210825
08-Aug-26 20:44:30 - Epoch 294, Model Loss 0.5903208255767822, View Loss -1.4731239374711425, Reg 0.38329087341180906
08-Aug-26 20:46:00 - Epoch 295, Model Loss 0.5865109667618404, View Loss -1.4792469729938267, Reg 0.3858918607484347
/users/3171356m/miniconda3/envs/grastiacl/lib/python3.12/site-packages/torch_geometric/data/in_memory_dataset.py:300: UserWarning: It is not recommended to directly access the internal storage format `data` of an 'InMemoryDataset'. The data of the dataset is already cached, so any modifications to `data` will not be reflected when accessing its elements. Clearing the cache now by removing all elements in `dataset._data_list`. If you are absolutely certain what you are doing, access the internal storage via `InMemoryDataset._data` instead to suppress this warning. Alternatively, you can access stacked individual attributes of every graph via `dataset.{attr_name}`.
  warnings.warn(msg)
08-Aug-26 20:46:43 - Metric: accuracy Train_mean: 0.7718141266326497 Val_mean: 0.6039215686274509 Test_mean: 0.5836660122164049
08-Aug-26 20:46:43 - Metric: accuracy Train_std: 0.011116373905223425 Val_std: 0.02210658107880754 Test_std: 0.029189510859360196
08-Aug-26 20:46:43 - Metric: f1 Train_mean: 0.7605799184513359 Val_mean: 0.5883435634925893 Test_mean: 0.5665849828455363
08-Aug-26 20:46:43 - Metric: f1 Train_std: 0.012249610683398863 Val_std: 0.029652730303021946 Test_std: 0.027113802883241417
08-Aug-26 20:46:43 - Metric: sen Train_mean: 0.762199310095535 Val_mean: 0.5945205398010884 Test_mean: 0.5714285651491366
08-Aug-26 20:46:43 - Metric: sen Train_std: 0.017030256564657325 Val_std: 0.04118711280119821 Test_std: 0.026004746013572534
08-Aug-26 20:46:43 - Metric: spe Train_mean: 0.7805354337040186 Val_mean: 0.6124999923437501 Test_mean: 0.5947326673325477
08-Aug-26 20:46:43 - Metric: spe Train_std: 0.01249392626916615 Val_std: 0.007905694051599771 Test_std: 0.03793283126676864
08-Aug-26 20:46:43 - Metric: precision Train_mean: 0.7591237421982394 Val_mean: 0.5826863775240657 Test_mean: 0.5620875730015997
08-Aug-26 20:46:43 - Metric: precision Train_std: 0.011488960098722575 Val_std: 0.019130469416680278 Test_std: 0.030541733884630308
08-Aug-26 20:48:13 - Epoch 296, Model Loss 0.5884945673174439, View Loss -1.4686809389162263, Reg 0.3827933223925874
08-Aug-26 20:49:43 - Epoch 297, Model Loss 0.5875146975078344, View Loss -1.470121088885862, Reg 0.38574201230224703
08-Aug-26 20:51:13 - Epoch 298, Model Loss 0.5898927599815145, View Loss -1.4689404460675546, Reg 0.38385124722784036
08-Aug-26 20:52:43 - Epoch 299, Model Loss 0.587671675068564, View Loss -1.4698819021799574, Reg 0.3832772212048455
08-Aug-26 20:54:13 - Epoch 300, Model Loss 0.5887047915279117, View Loss -1.4741167608165342, Reg 0.38438296218297474
/users/3171356m/miniconda3/envs/grastiacl/lib/python3.12/site-packages/torch_geometric/data/in_memory_dataset.py:300: UserWarning: It is not recommended to directly access the internal storage format `data` of an 'InMemoryDataset'. The data of the dataset is already cached, so any modifications to `data` will not be reflected when accessing its elements. Clearing the cache now by removing all elements in `dataset._data_list`. If you are absolutely certain what you are doing, access the internal storage via `InMemoryDataset._data` instead to suppress this warning. Alternatively, you can access stacked individual attributes of every graph via `dataset.{attr_name}`.
  warnings.warn(msg)
08-Aug-26 20:54:53 - Metric: accuracy Train_mean: 0.770834269332392 Val_mean: 0.5986928104575163 Test_mean: 0.5857602530541012
08-Aug-26 20:54:53 - Metric: accuracy Train_std: 0.010024399808327604 Val_std: 0.020502466851448516 Test_std: 0.030410984814909527
08-Aug-26 20:54:53 - Metric: f1 Train_mean: 0.759620420648311 Val_mean: 0.5831366783850006 Test_mean: 0.5686296735930068
08-Aug-26 20:54:53 - Metric: f1 Train_std: 0.01160640606925483 Val_std: 0.02590642839154104 Test_std: 0.030511636842798014
08-Aug-26 20:54:53 - Metric: sen Train_mean: 0.7615120248745291 Val_mean: 0.589041087821355 Test_mean: 0.5736263673227872
08-Aug-26 20:54:53 - Metric: sen Train_std: 0.016351033969062186 Val_std: 0.03355465355107566 Test_std: 0.032151074016642696
08-Aug-26 20:54:53 - Metric: spe Train_mean: 0.7792932218698698 Val_mean: 0.6074999924062501 Test_mean: 0.5967326673125479
08-Aug-26 20:54:53 - Metric: spe Train_std: 0.007478283197724076 Val_std: 0.01274754862463761 Test_std: 0.036276286982714435
08-Aug-26 20:54:53 - Metric: precision Train_mean: 0.7578243043248347 Val_mean: 0.5775704791271878 Test_mean: 0.5640096197014806
08-Aug-26 20:54:53 - Metric: precision Train_std: 0.008404421124867155 Val_std: 0.019213013707115537 Test_std: 0.03142657608244442
08-Aug-26 20:54:53 - FinishedTraining!
08-Aug-26 20:54:53 - BestEpoch: 19
08-Aug-26 20:54:53 - BestTrainScore: acc_mean: 0.8123519784345816 acc_std: 0.03912412483617082 f1_mean: 0.8001683757817389 f1_std: 0.04318205290314074 sen_mean: 0.7924398598197944 sen_std: 0.053617057863424765 spe_mean: 0.8304186111185909 spe_std: 0.028352388621087292 pre_mean: 0.8084600081082105 pre_std: 0.034011582229074806
08-Aug-26 20:54:53 - BestValidationScore: acc_mean: 0.6470588235294117 acc_std: 0.029520496184669825 f1_mean: 0.6307068039859727 f1_std: 0.03575971126881938 sen_mean: 0.6328767036592232 sen_std: 0.043664047211476674 spe_mean: 0.6599999917500001 spe_std: 0.02150581289878391 pre_mean: 0.6288811204016682 pre_std: 0.029240725359032677
08-Aug-26 20:54:53 - BestTestScore: acc_mean: 0.6097949389179756 acc_std: 0.026487732929338897 f1_mean: 0.5817119950408444 f1_std: 0.03411996830793335 sen_mean: 0.5714285651491366 sen_std: 0.04450210221715625 spe_mean: 0.6446930628729399 spe_std: 0.02177701087574387 pre_mean: 0.5930724260367015 pre_std: 0.025936653325661727 auc_mean:0.6680992275051681 auc_std:0.02341509335088214
